Workbook

Sheet Results_qwen2.5_latest
A1: ID | B1: Turn | C1: Exercise | D1: Student Answer | E1: Tutor Socratic Response | F1: Socratic Quality | G1: Conceptual Precision | H1: Consistency | I1: Hallucination Rate | J1: Total Score | K1: Latency (s) | L1: Tokens | M1: Throughput (resp/min) | N1: Expected ACs | O1: Detected ACs | P1: AC Precision | Q1: AC Recall | R1: AC F1 | T1: Respuestas del gem
A2: 1 | B2: 1 | C2: 1 | D2: R1 y R2 dado que las dos resistencia forman un divisor de tensión | E2: No es exactamente así. Vamos a repasar algo importante. A R1 y R2 como parte del divisor de tensión entre N1 y 0. ¿Crees que R4 también contribuye al valor de la diferencia de potencial entre N2 y tierra, dado que está conectado en paralelo con R2? | F2: 5 | G2: 4 | H2: 3 | I2: 5 | J2: =SUM(F2:I2) -> 17 | K2: 8.65 | L2: 61 | M2: 6.94 | N2: AC9 | O2: AC9 | P2: 1 | Q2: 1 | R2: 1
A3: 2 | B3: 2 | C3: 1 | D3: R1 y R2 dado que se pide la tensión en R2 | E3: Buen comienzo, pero necesitamos ir un poco más allá. R1 y R2 forman parte de la diferencia de potencial entre N2 y tierra. ¿Y qué piensas sobre R4? | F3: 4 | G3: 4 | H3: 3 | I3: 5 | J3: =SUM(F3:I3) -> 16 | K3: 7.826 | L3: 36 | M3: 7.67 | N3: AC9 | O3: AC1, AC9 | P3: 0.5 | Q3: 1 | R3: 0.667
A4: 3 | B4: 3 | C4: 1 | D4: R1 y R2 por identificar un divisor de tensión | E4: Hay algo que no encaja. Vamos a revisarlo juntos. R1 y R2 forman parte del divisor de tensión entre N1 y 0. ¿Puedes pensar en por qué R4 también contribuye al valor de la diferencia de potencial entre N2 y tierra? | F4: 3 | G4: 5 | H4: 3 | I4: 5 | J4: =SUM(F4:I4) -> 16 | K4: 9.646 | L4: 53 | M4: 6.22 | N4: AC9 | O4: AC9 | P4: 1 | Q4: 1 | R4: 1
A5: 4 | B5: 1 | C5: 1 | D5: R1 y R2 hacen un divisor de tensión | E5: No es exactamente así. Vamos a repasar algo importante. Que R1 y R2 forman parte del divisor de tensión entre N2 y tierra. ¿Crees que el interruptor abierto entre N2 y N3 podría afectar la diferencia de potencial entre N2 y tierra? | F5: 4 | G5: 3 | H5: 2 | I5: 3 | J5: =SUM(F5:I5) -> 12 | K5: 10.824 | L5: 54 | M5: 5.54 | N5: AC9 | O5: AC1, AC9 | P5: 0.5 | Q5: 1 | R5: 0.667
A6: 5 | B6: 2 | C6: 1 | D6: R1, R2, R3 y R4 porque R5 está cortocircuitada | E6: Que esos elementos contribuyen al voltaje entre N2 y tierra! Eso es muy buen trabajo. ¿Por qué crees que R3 no contribuye a la diferencia de potencial entre N2 y tierra? | F6: 4 | G6: 5 | H6: 2 | I6: 5 | J6: =SUM(F6:I6) -> 16 | K6: 22.059 | L6: 40 | M6: 2.72 | N6: AC1, AC6 | O6: AC9 | P6: 0 | Q6: 0 | R6: 0
A7: 6 | B7: 3 | C7: 1 | D7: R1, R2, R3 y R4 porque por R5 no circula corriente | E7: Estás cerca. Piensa en qué más podría influir. Ese elemento tiene una propiedad relevante que debes identificar. ¿Qué ocurre con la corriente en una rama interrumpida por un interruptor abierto? | F7: 4 | G7: 5 | H7: 4 | I7: 5 | J7: =SUM(F7:I7) -> 18 | K7: 9.587 | L7: 39 | M7: 6.26 | N7: AC1, AC6 | O7: AC1 | P7: 1 | Q7: 0.5 | R7: 0.667
A8: 7 | B8: 1 | C8: 1 | D8: R1, R2, R3 y R4 porque R5 se quita | E8: Buen comienzo, pero necesitamos ir un poco más allá. Que esos elementos contribuyen al voltaje entre N2 y tierra. Ese elemento tiene una propiedad relevante que debes identificar. ¿Qué ocurre con la corriente en una rama interrumpida? | F8: 4 | G8: 5 | H8: 4 | I8: 5 | J8: =SUM(F8:I8) -> 18 | K8: 9.258 | L8: 48 | M8: 6.48 | N8: AC1, AC6 | O8: AC1, AC9 | P8: 0.5 | Q8: 0.5 | R8: 0.5
A9: 8 | B9: 2 | C9: 1 | D9: R1, R3 y R4 porque R2 está en paralelo con la fuente y R5 corctocircuitada | E9: Buen comienzo, pero necesitamos ir un poco más allá. Que R2 contribuye al voltaje entre N2 y tierra. Hay una característica clave de ese elemento que aún no has nombrado. ¿Por qué crees que R3 también contribuye, dada la topología del circuito? | F9: 3 | G9: 3 | H9: 2 | I9: 3 | J9: =SUM(F9:I9) -> 11 | K9: 9.861 | L9: 54 | M9: 6.08 | N9: AC1, AC6 | O9: AC9 | P9: 0 | Q9: 0 | R9: 0
A10: 9 | B10: 3 | C10: 1 | D10: R1, R4 y R5 porque R2 se elimina y R3 también | E10: Eso no es del todo preciso. Pensemos un momento. Que R1 y R4 contribuyen al voltaje entre N2 y tierra. ¿Por qué crees que R3 también contribuye, dada la topología del circuito? | F10: 3 | G10: 1 | H10: 1 | I10: 1 | J10: =SUM(F10:I10) -> 6 | K10: 13.059 | L10: 41 | M10: 4.59 | N10: AC1, AC6 | O10: AC9 | P10: 0 | Q10: 0 | R10: 0
A11: 10 | B11: 1 | C11: 1 | D11: R1 y R4 dado que R2 está en paralelo con la fuente, R3 en circuito abierto y R5 cortocircuitada | E11: Esas resistencias. ¿Crees que ese conjunto de elementos está realmente en paralelo con la fuente V1? | F11: 5 | G11: 5 | H11: 5 | I11: 5 | J11: =SUM(F11:I11) -> 20 | K11: 8.901 | L11: 20 | M11: 6.74 | N11: AC1, AC6 | O11: AC9 | P11: 0 | Q11: 0 | R11: 0
A12: 11 | B12: 2 | C12: 1 | D12: R1, R2 y R3 dado que R2 y R3 están en paralelo y forman un divisor de tensión con R1 | E12: Parte de tu respuesta es correcta, pero falta algo. A R1 y R2. ¿Crees que R3 contribuye al valor de la diferencia de potencial entre N2 y tierra? | F12: 4 | G12: 4 | H12: 4 | I12: 5 | J12: =SUM(F12:I12) -> 17 | K12: 8.478 | L12: 36 | M12: 7.08 | N12: AC1, AC9 | O12: AC9 | P12: 1 | Q12: 0.5 | R12: 0.667
A13: 12 | B13: 3 | C13: 1 | D13: R1, R2, R4 y R5 dado que R3 está en circuito abierto | E13: Estás cerca. Piensa en qué más podría influir. A ese conjunto de elementos como contribuyentes al valor de la diferencia de potencial entre N2 y tierra. ¿Puedes pensar un poco más sobre por qué R5 no contribuye a esta diferencia de potencial? | F13: 4 | G13: 5 | H13: 2 | I13: 1 | J13: =SUM(F13:I13) -> 12 | K13: 14.977 | L13: 54 | M13: 4.01 | N13: AC1, AC6 | O13: AC1, AC9 | P13: 0.5 | Q13: 0.5 | R13: 0.5
... A15: 14 | B15: 2 | C15: 1 | D15: R1, R2, R4 y R5 dado que R3 no hace nada | E15: A ese conjunto de elementos como contribuyentes al voltaje entre N2 y tierra. ¿Por qué crees que R5 también está incluido en tu respuesta? | F15: 4 | G15: 5 | H15: 5 | I15: 5 | J15: =SUM(F15:I15) -> 19 | K15: 14.979 | L15: 31 | M15: 4.01 | N15: AC1, AC6 | O15: AC9 | P15: 0 | Q15: 0 | R15: 0
A16: 15 | B16: 3 | C16: 1 | D16: R1, R2 y R4 dado que son las resistencias que forman parte del circuito. | E16: Correcto. ¿Crees que R1 contribuye al voltaje entre N2 y tierra? | F16: 2 | G16: 5 | H16: 2 | I16: 5 | J16: =SUM(F16:I16) -> 14 | K16: 7.174 | L16: 14 | M16: 8.36 | O16: AC9 | P16: 0 | Q16: 1 | R16: 0
A17: 16 | B17: 1 | C17: 1 | D17: R1, R2 y R4 dado que R2 y R4 están en paralelo y forma un divisor de tensión con R1. | E17: Pero hay que pulir algunos conceptos. esas resistencias. Estas resistencias contribuyen a la diferencia de potencial entre N2 y tierra. ¿Crees que el hecho de que ese conjunto de elementos estén en paralelo afecta directamente al valor de la diferencia de potencial entre N2 y tierra? | F17: 3 | G17: 5 | H17: 4 | I17: 5 | J17: =SUM(F17:I17) -> 17 | K17: 9.954 | L17: 59 | M17: 6.03 | O17: AC9 | P17: 0 | Q17: 1 | R17: 0
A18: 17 | B18: 2 | C18: 1 | D18: R1, R2 y R4 dado que R3 está en abierto y R5 cortocircuitada | E18: Esas resistencias como contribuyentes a la diferencia de potencial entre N2 y tierra. ¿Crees que el interruptor abierto entre N2 y N3 afecta directamente al valor de la diferencia de potencial entre N2 y tierra? | F18: 3 | G18: 5 | H18: 2 | I18: 5 | J18: =SUM(F18:I18) -> 15 | K18: 13.249 | L18: 45 | M18: 4.53 | N18: AC1, AC6 | O18: AC1, AC9 | P18: 0.5 | Q18: 0.5 | R18: 0.5
A19: 18 | B19: 3 | C19: 1 | D19: R1, R2 y R4 dado que solo por estas resistencias circula una corriente diferente de cero | E19: ¡Excelente trabajo! Has identificado correctamente la respuesta y la has justificado bien. Antes de cerrar: ¿te queda alguna duda sobre este circuito o los conceptos implicados? <FIN_EJERCICIO> | F19: 5 | G19: 5 | H19: 5 | I19: 5 | J19: =SUM(F19:I19) -> 20 | K19: 1.221 | L19: 35 | M19: 49.14 | P19: 1 | Q19: 1 | R19: 1
A20: 19 | B20: 1 | C20: 1 | D20: R1, R2 y R4 dado que por R3 y por R5 no circula corriente | E20: La respuesta incluye los elementos correctos: ese conjunto de elementos. ¿Por qué crees que la corriente no circula a través de R3? | F20: 5 | G20: 5 | H20: 5 | I20: 5 | J20: =SUM(F20:I20) -> 20 | K20: 7.533 | L20: 28 | M20: 7.97 | N20: AC1, AC6 | O20: AC1 | P20: 1 | Q20: 0.5 | R20: 0.667
A21: 20 | B21: 2 | C21: 1 | D21: R1, R2 y R4 dado que R3 y R5 se pueden quitar | E21: A ese conjunto de elementos como contribuyentes al voltaje entre N2 y tierra. ¿Por qué crees que la corriente no circula por R3? Considera lo que ocurre en una rama interrumpida. | F21: 3 | G21: 5 | H21: 4 | I21: 5 | J21: =SUM(F21:I21) -> 17 | K21: 14.775 | L21: 40 | M21: 4.06 | N21: AC1, AC6 | O21: AC1, AC9 | P21: 0.5 | Q21: 0.5 | R21: 0.5
A22: 21 | B22: 3 | C22: 1 | D22: R1, R2 y R4 dado que R3 y R5 no influyen para nada en la diferencia de potencial que se pide | E22: Buen comienzo, pero necesitamos ir un poco más allá. esos elementos contribuyen al voltaje entre N2 y tierra. ¿Por qué crees que R3 no influye en el voltaje entre N2 y tierra? Considera lo que ocurre con la corriente en una rama interrumpida. | F22: 3 | G22: 5 | H22: 4 | I22: 5 | J22: =SUM(F22:I22) -> 17 | K22: 9.547 | L22: 55 | M22: 6.28 | N22: AC1, AC6 | O22: AC1, AC9 | P22: 0.5 | Q22: 0.5 | R22: 0.5
A23: 22 | B23: 1 | C23: 1 | D23: R1, R2 y R4 dado que R3 y R5 sobran | E23: Bien encaminado, aunque falta completar la respuesta. esas resistencias como contribuyentes al voltaje entre N2 y tierra. Ese elemento tiene una propiedad relevante que debes identificar. ¿Qué propiedad de ese elemento podrías analizar para decidirlo? | F23: 4 | G23: 5 | H23: 4 | I23: 5 | J23: =SUM(F23:I23) -> 18 | K23: 8.689 | L23: 45 | M23: 6.9 | N23: AC1, AC6 | O23: AC9 | P23: 0 | Q23: 0 | R23: 0
A24: 23 | B24: 2 | C24: 1 | D24: R1, R2 y R4 dado que R3 sobra | E24: Has identificado bien esas resistencias como contribuyentes al voltaje entre N2 y tierra. ¿Podrías pensarlo desde la perspectiva del interruptor abierto entre N2 y N3? | F24: 4 | G24: 5 | H24: 4 | I24: 5 | J24: =SUM(F24:I24) -> 18 | K24: 9.807 | L24: 32 | M24: 6.12 | N24: AC1 | O24: AC1, AC9 | P24: 0.5 | Q24: 1 | R24: 0.667
A25: 24 | B25: 3 | C25: 1 | D25: R1, R2 y R4 dado que R5 sobra | E25: ¡Excelente trabajo! Has identificado correctamente la respuesta y la has justificado bien. Antes de cerrar: ¿te queda alguna duda sobre este circuito o los conceptos implicados? <FIN_EJERCICIO> | F25: 0 | G25: 3 | H25: 1 | I25: 5 | J25: =SUM(F25:I25) -> 9 | K25: 1.213 | L25: 35 | M25: 49.47 | N25: AC6 | P25: 1 | Q25: 0 | R25: 0
A26: 25 | B26: 1 | C26: 1 | D26: R1, R2 y R4 dado que R3 está en abierto | E26: ¿Crees que el interruptor abierto entre N2 y N3 tiene alguna influencia sobre estas resistencias? | F26: 4 | G26: 3 | H26: 2 | I26: 5 | J26: =SUM(F26:I26) -> 14 | K26: 6.795 | L26: 19 | M26: 8.83 | N26: AC1 | O26: AC1, AC9 | P26: 0.5 | Q26: 1 | R26: 0.667
A27: 26 | B27: 2 | C27: 1 | D27: R1, R2 y R4 dado que R5 cortocircuitada | E27: ¡Excelente trabajo! Has identificado correctamente la respuesta y la has justificado bien. Antes de cerrar: ¿te queda alguna duda sobre este circuito o los conceptos implicados? <FIN_EJERCICIO> | F27: 3 | G27: 3 | H27: 1 | I27: 3 | J27: =SUM(F27:I27) -> 10 | K27: 1.197 | L27: 35 | M27: 50.14 | N27: AC6 | P27: 1 | Q27: 0 | R27: 0
A28: 27 | B28: 3 | C28: 1 | D28: R1, R2 y R4 dado que por R3 no circula corriente | E28: ¡Excelente trabajo! Has identificado correctamente la respuesta y la has justificado bien. Antes de cerrar: ¿te queda alguna duda sobre este circuito o los conceptos implicados? <FIN_EJERCICIO> | F28: 3 | G28: 3 | H28: 1 | I28: 3 | J28: =SUM(F28:I28) -> 10 | K28: 0.026 | L28: 35 | M28: 2286.99 | N28: AC1 | P28: 1 | Q28: 0 | R28: 0
A29: 28 | B29: 1 | C29: 1 | D29: R1, R2 y R4 dado que por R5 no circula corriente | E29: ¿Consideraste cómo afecta un cortocircuito en la corriente que fluye a través de una resistencia? | F29: 3 | G29: 5 | H29: 3 | I29: 5 | J29: =SUM(F29:I29) -> 16 | K29: 8.112 | L29: 19 | M29: 7.4 | N29: AC6 | O29: AC1, AC6 | P29: 0.5 | Q29: 1 | R29: 0.667
A30: 29 | B30: 2 | C30: 1 | D30: R1, R2 y R4 dado que R3 se puede quitar | E30: Parte de tu respuesta es correcta, pero falta algo. A esos elementos como las resistencias que contribuyen al voltaje entre N2 y tierra. ¿Por qué crees que esa resistencia no influye en el voltaje entre N2 y tierra, dado que hay un interruptor abierto entre N2 y N3? | F30: 4 | G30: 4 | H30: 3 | I30: 5 | J30: =SUM(F30:I30) -> 16 | K30: 9.443 | L30: 62 | M30: 6.35 | N30: AC1 | O30: AC1, AC9 | P30: 0.5 | Q30: 1 | R30: 0.667
A31: 30 | B31: 3 | C31: 1 | D31: R1, R2 y R4 dado que R5 se puede quitar | E31: Parte de tu respuesta es correcta, pero falta algo. Sobre ese conjunto de elementos. Esa resistencias contribuyen al voltaje entre N2 y tierra. ¿Por qué crees que el estado de R5 (cortocircuito) no afecta a las otras resistencias en la diferencia de potencial entre N2 y tierra? | F31: 1 | G31: 5 | H31: 3 | I31: 5 | J31: =SUM(F31:I31) -> 14 | K31: 9.484 | L31: 61 | M31: 6.33 | N31: AC6 | O31: AC1, AC6, AC9 | P31: 0.333 | Q31: 1 | R31: 0.5
A32: 31 | B32: 1 | C32: 1 | D32: R1, R2 y R4 dado que R3 no influye para nada en la diferencia de potencial que se pide | E32: Esas resistencias como contribuyentes a la diferencia de potencial entre N2 y tierra. ¿Podrías reflexionar sobre por qué R3 no influye en esta diferencia de potencial? | F32: 5 | G32: 5 | H32: 5 | I32: 5 | J32: =SUM(F32:I32) -> 20 | K32: 8.763 | L32: 33 | M32: 6.85 | N32: AC1 | O32: AC1, AC9 | P32: 0.5 | Q32: 1 | R32: 0.667
A33: 32 | B33: 2 | C33: 1 | D33: R1, R2 y R4 dado que R5 no influye para nada en la diferencia de potencial que se pide | E33: ¡Excelente trabajo! Has identificado correctamente la respuesta y la has justificado bien. Antes de cerrar: ¿te queda alguna duda sobre este circuito o los conceptos implicados? <FIN_EJERCICIO> | F33: 0 | G33: 3 | H33: 1 | I33: 5 | J33: =SUM(F33:I33) -> 9 | K33: 1.172 | L33: 35 | M33: 51.2 | N33: AC6 | P33: 1 | Q33: 0 | R33: 0
A34: 33 | B34: 3 | C34: 1 | D34: No lo sé | E34: La corriente sale del + de V1 y llega al primer nodo (N1). ¿Hacia qué nodo crees que continúa desde N1? | F34: 4 | G34: 5 | H34: 5 | I34: 5 | J34: =SUM(F34:I34) -> 19 | K34: 5.468 | L34: 27 | M34: 10.97 | N34: AC9 | O34: AC1 | P34: 0 | Q34: 0 | R34: 0
A35: 34 | B35: 1 | C35: 1 | D35: Todas las resistencias | E35: Interesante, ¿crees que todas las resistencias contribuyen al valor de la diferencia de potencial entre N2 y 0? | F35: 5 | G35: 5 | H35: 4 | I35: 5 | J35: =SUM(F35:I35) -> 19 | K35: 12.18 | L35: 23 | M35: 4.93 | N35: AC9 | O35: AC9 | P35: 1 | Q35: 1 | R35: 1
A36: 35 | B36: 2 | C36: 1 | D36: R1 y R2 | E36: Parte de tu respuesta es correcta, pero falta algo. A R1 y R2. ¿Consideras que estas resistencias están en serie o en paralelo entre N2 y 0? | F36: 3 | G36: 5 | H36: 4 | I36: 5 | J36: =SUM(F36:I36) -> 17 | K36: 8.903 | L36: 35 | M36: 6.74 | N36: AC9 | O36: AC9 | P36: 1 | Q36: 1 | R36: 1
A37: 36 | B37: 3 | C37: 1 | D37: R1, R2 y R4 | E37: ¿Podrías explicar por qué estas resistencias contribuyen a la diferencia de potencial entre N2 y 0 utilizando la idea del cortocircuito? | F37: 5 | G37: 5 | H37: 2 | I37: 5 | J37: =SUM(F37:I37) -> 17 | K37: 16.062 | L37: 27 | M37: 3.74 | O37: AC6, AC9 | P37: 0 | Q37: 1 | R37: 0
A38: 37 | B38: 1 | C38: 1 | D38: R1, R2, R4 y R5 | E38: La corriente sale del + de V1 y llega al nudo N1. ¿Hacia qué nodo crees que la corriente seguirá desde el nudo N1? | F38: 5 | G38: 5 | H38: 5 | I38: 5 | J38: =SUM(F38:I38) -> 20 | K38: 8.388 | L38: 31 | M38: 7.15 | N38: AC6 | O38: AC1 | P38: 0 | Q38: 0 | R38: 0
A39: 38 | B39: 2 | C39: 1 | D39: R1, R2, R3 y R4 | E39: Bien encaminado, aunque falta completar la respuesta. A esos elementos como elementos que contribuyen al valor de la diferencia de potencial entre N2 y 0. ¿Por qué crees que R3 no influye en el voltaje entre N2 y 0? | F39: 4 | G39: 5 | H39: 5 | I39: 5 | J39: =SUM(F39:I39) -> 19 | K39: 10.063 | L39: 50 | M39: 5.96 | N39: AC1 | P39: 1 | Q39: 0 | R39: 0
A40: 39 | B40: 3 | C40: 1 | D40: R1 y R2 y R4 hacen un divisor de corriente | E40: Los resistores ese conjunto de elementos como contribuyentes al voltaje entre N2 y 0. ¿Cómo piensas que esa resistencia afecta o no afecta a esta diferencia de potencial según el concepto del divisor de corriente? | F40: 3 | G40: 3 | H40: 4 | I40: 5 | J40: =SUM(F40:I40) -> 15 | K40: 14.727 | L40: 45 | M40: 4.07 | O40: AC1 | P40: 0 | Q40: 1 | R40: 0
A41: 40 | B41: 1 | C41: 1 | D41: R1 y R2 y R4 hacen un divisor de tensión, r3 no cuenta por estar en corto | E41: ¿Crees que el interruptor abierto entre N2 y N3 tenga alguna influencia en las resistencias que contribuyen a la diferencia de potencial entre N2 y tierra? | F41: 4 | G41: 5 | H41: 5 | I41: 5 | J41: =SUM(F41:I41) -> 19 | K41: 9.107 | L41: 33 | M41: 6.59 | N41: AC1 | O41: AC1, AC9 | P41: 0.5 | Q41: 1 | R41: 0.667
A42: 41 | B42: 2 | C42: 1 | D42: No tengo en cuenta R3 porque el interruptor está cerrado | E42: ¿Crees que la corriente pueda circular a través del interruptor abierto entre N2 y N3? | F42: 5 | G42: 5 | H42: 5 | I42: 5 | J42: =SUM(F42:I42) -> 20 | K42: 8.99 | L42: 19 | M42: 6.67 | N42: AC1, AC9 | O42: AC1 | P42: 1 | Q42: 0.5 | R42: 0.667
A43: 42 | B43: 3 | C43: 1 | D43: No tengo en cuenta R5 porque está en circuito abierto | E43: ¿Qué tienen en común los dos terminales de R5 según el netlist? | F43: 5 | G43: 5 | H43: 5 | I43: 5 | J43: =SUM(F43:I43) -> 20 | K43: 7.309 | L43: 15 | M43: 8.21 | N43: AC6, AC9 | O43: AC6 | P43: 1 | Q43: 0.5 | R43: 0.667
A44: 43 | B44: 1 | C44: 3 | D44: R4 y R5 dado que las dos resistencia forman un divisor de tensión | E44: Hay algo que no encaja. Vamos a revisarlo juntos. Que R4 y R5 son relevantes para el valor de la diferencia de potencial entre N2 y 0, ya que forman parte del divisor de tensión. ¿Crees que R3 también influye en la diferencia de potencial entre N2 y 0? | F44: 4 | G44: 5 | H44: 4 | I44: 5 | J44: =SUM(F44:I44) -> 18 | K44: 9.093 | L44: 63 | M44: 6.6 | N44: AC9 | O44: AC13 | P44: 0 | Q44: 0 | R44: 0
A45: 44 | B45: 2 | C45: 3 | D45: R4 y R5 dado que se pide la tensión en R4 | E45: Has identificado correctamente que R4 influye en la diferencia de potencial entre N2 y 0. ¿Crees que R3 también contribuye al valor de la diferencia de potencial entre N2 y 0? | F45: 4 | G45: 5 | H45: 4 | I45: 5 | J45: =SUM(F45:I45) -> 18 | K45: 11.609 | L45: 40 | M45: 5.17 | N45: AC9 | O45: AC13 | P45: 0 | Q45: 0 | R45: 0
A46: 45 | B46: 3 | C46: 3 | D46: R4 y R5 por identificar un divisor de tensión | E46: No es del todo correcto. Pensemos en esto desde otra perspectiva. Que R4 y R5 forman parte del divisor de tensión. ¿Crees que R2, aunque cortocircuitado, podría influir en la diferencia de potencial entre N2 y 0? | F46: 3 | G46: 5 | H46: 3 | I46: 5 | J46: =SUM(F46:I46) -> 16 | K46: 11.918 | L46: 48 | M46: 5.03 | N46: AC9 | O46: AC13 | P46: 0 | Q46: 0 | R46: 0
A47: 46 | B47: 1 | C47: 3 | D47: R4 y R5 hacen un divisor de tensión | E47: No es del todo correcto. Pensemos en esto desde otra perspectiva. Que R4 y R5 forman parte del divisor de tensión entre N2 y la tierra. ¿Crees que R3 también contribuye a la diferencia de potencial entre N2 y la tierra, o puedes explicar por qué no lo consideras necesario? | F47: 4 | G47: 5 | H47: 4 | I47: 5 | J47: =SUM(F47:I47) -> 18 | K47: 13.611 | L47: 65 | M47: 4.41 | N47: AC9 | O47: AC13 | P47: 0 | Q47: 0 | R47: 0
A48: 47 | B48: 2 | C48: 3 | D48: R3, R4 y R5 porque son las resistencias que están conectadas a N2 | E48: Esas resistencias. ¿Crees que esos elementos contribuyen de manera similar al potencial entre N2 y la tierra, o podrías explicar por qué consideras que son relevantes? | F48: 4 | G48: 5 | H48: 4 | I48: 5 | J48: =SUM(F48:I48) -> 18 | K48: 12.693 | L48: 33 | M48: 4.73 | O48: AC13, AC9 | P48: 0 | Q48: 1 | R48: 0
A49: 48 | B49: 3 | C49: 3 | D49: R3, R4 y R5 porque están en paralelo | E49: Estás cerca. Piensa en qué más podría influir. esas resistencias. ¿Podrías explicar por qué estas tres resistencias contribuyen al potencial entre N2 y la tierra, considerando que están conectadas en paralelo? | F49: 5 | G49: 5 | H49: 5 | I49: 5 | J49: =SUM(F49:I49) -> 20 | K49: 11.001 | L49: 40 | M49: 5.45 | O49: AC13, AC9 | P49: 0 | Q49: 1 | R49: 0
A50: 49 | B50: 1 | C50: 3 | D50: R3, R4 y R5 porque R3 está en serie con el paralelo de R4 y R5 | E50: Pero hay que pulir algunos conceptos. Que ese conjunto de elementos influyen en la diferencia de potencial entre N2 y tierra. ¿Consideras que R1 contribuye a la diferencia de potencial entre N2 y tierra? | F50: 4 | G50: 5 | H50: 5 | I50: 5 | J50: =SUM(F50:I50) -> 19 | K50: 11.14 | L50: 44 | M50: 5.39 | O50: AC13, AC9 | P50: 0 | Q50: 1 | R50: 0
A51: 50 | B51: 2 | C51: 3 | D51: R3, R4 y R5 porque R1 está en paralelo con la fuente y R2 cortocircuitada | E51: Estás avanzando, pero falta justificar tu razonamiento. ¿Por qué pensaste que R1 también influye en esa diferencia de potencial? | F51: 5 | G51: 5 | H51: 5 | I51: 5 | J51: =SUM(F51:I51) -> 20 | K51: 10.767 | L51: 24 | M51: 5.57 | N51: AC6, AC13 | O51: AC13 | P51: 1 | Q51: 0.5 | R51: 0.667
A52: 51 | B52: 3 | C52: 3 | D52: R3, R4 y R5 porque R2 se elimina y R1 también | E52: Que esos elementos son relevantes para la diferencia de potencial entre N2 y tierra. ¿Por qué pensaste que R1 contribuye a esa diferencia de potencial? | F52: 5 | G52: 5 | H52: 5 | I52: 5 | J52: =SUM(F52:I52) -> 20 | K52: 15.409 | L52: 32 | M52: 3.89 | N52: AC6, AC13 | O52: AC13 | P52: 1 | Q52: 0.5 | R52: 0.667
A53: 52 | B53: 1 | C53: 3 | D53: R3, R4 y R5 porque R2 está en cortocircuito y R1 en paralelo con la fuente | E53: Buen comienzo, pero necesitamos ir un poco más allá. Que esos elementos son los elementos que dependen para el valor de la diferencia de potencial entre N2 y 0. ¿Por qué pensaste que también R1 contribuye a esta diferencia de potencial? | F53: 5 | G53: 5 | H53: 5 | I53: 5 | J53: =SUM(F53:I53) -> 20 | K53: 8.541 | L53: 53 | M53: 7.03 | N53: AC6, AC13 | O53: AC13 | P53: 1 | Q53: 0.5 | R53: 0.667
A54: 53 | B54: 2 | C54: 3 | D54: R1 y R3 dado que R2 está cortocircuitada | E54: Casi. Hay algo que debemos revisar antes de continuar. Ese elemento tiene una propiedad relevante que debes identificar. ¿Pero por qué crees que R1 no depende de la diferencia de potencial entre N2 y 0? | F54: 3 | G54: 2 | H54: 2 | I54: 5 | J54: =SUM(F54:I54) -> 12 | K54: 7.923 | L54: 45 | M54: 7.57 | N54: AC6, AC13, AC9 | O54: AC13 | P54: 1 | Q54: 0.333 | R54: 0.5
A55: 54 | B55: 3 | C55: 3 | D55: R1, R2 y R3 porque son las resistencias que están conectadas entre N2 y 0 | E55: Buen comienzo, pero necesitamos ir un poco más allá. A R3 como un elemento que contribuye. ¿Pero qué pasa con R2? | F55: 4 | G55: 4 | H55: 3 | I55: 5 | J55: =SUM(F55:I55) -> 16 | K55: 9.365 | L55: 27 | M55: 6.41 | N55: AC6, AC13, AC9 | P55: 1 | Q55: 0 | R55: 0
A56: 55 | B56: 1 | C56: 3 | D56: R4 porque es la resistencias que está conectadas entre N2 y 0 | E56: Vas por buen camino, pero hay que pulir algunos conceptos. A R4, que depende de este resistor para calcular la diferencia de potencial entre N2 y tierra. ¿Crees que también podrían influir en el valor de la diferencia de potencial otros resistores conectados entre N1 y N2? | F56: 4 | G56: 5 | H56: 4 | I56: 5 | J56: =SUM(F56:I56) -> 18 | K56: 8.187 | L56: 61 | M56: 7.33 | N56: AC9 | O56: AC13 | P56: 0 | Q56: 0 | R56: 0
A57: 56 | B57: 2 | C57: 3 | D57: R1, R3, R4 y R5 dado que R2 sobra | E57: Hay conceptos que debemos revisar. A R4 y R5 como resistencias relevantes para calcular la diferencia de potencial entre N2 y tierra. ¿Por qué pensaste que también R1 podría influir en el valor de la diferencia de potencial entre N2 y 0, si está conectado directamente entre los dos terminales de la fuente V1? | F57: 4 | G57: 5 | H57: 5 | I57: 5 | J57: =SUM(F57:I57) -> 19 | K57: 17.158 | L57: 70 | M57: 3.5 | N57: AC6, AC13 | O57: AC6, AC13 | P57: 1 | Q57: 1 | R57: 1
A58: 57 | B58: 3 | C58: 3 | D58: R1, R3, R4 y R5 dado que R2 no hace nada | E58: A ese conjunto de elementos como elementos que influyen en la diferencia de potencial entre N2 y tierra. ¿Por qué crees que R1 no contribuye al valor de la diferencia de potencial entre N2 y 0? | F58: 4 | G58: 5 | H58: 4 | I58: 5 | J58: =SUM(F58:I58) -> 18 | K58: 15.41 | L58: 46 | M58: 3.89 | N58: AC6, AC13 | O58: AC13 | P58: 1 | Q58: 0.5 | R58: 0.667
A59: 58 | B59: 1 | C59: 3 | D59: R1, R3, R4 y R5 dado que R2 está cortocircuitada | E59: Estás avanzando, pero falta justificar tu razonamiento. A esos elementos como elementos que contribuyen al valor de la diferencia de potencial entre N2 y 0. Eso es un gran avance. ¿Por qué pensaste que también R1 podría influir en esa diferencia de potencial? | F59: 4 | G59: 5 | H59: 4 | I59: 5 | J59: =SUM(F59:I59) -> 18 | K59: 10.501 | L59: 55 | M59: 5.71 | N59: AC6, AC13 | O59: AC13, AC9 | P59: 0.5 | Q59: 0.5 | R59: 0.5
A60: 59 | B60: 2 | C60: 3 | D60: R1, R2, R3, R4 y R5 dado que son las resistencias que forman parte del circuito. | E60: A ese conjunto de elementos como contribuyentes al valor de la diferencia de potencial entre N2 y 0. Ese elemento tiene una propiedad relevante que debes identificar. ¿Qué propiedad de ese elemento podrías analizar para decidirlo? | F60: 4 | G60: 5 | H60: 4 | I60: 5 | J60: =SUM(F60:I60) -> 18 | K60: 14.961 | L60: 46 | M60: 4.01 | N60: AC6, AC13 | O60: AC13, AC9 | P60: 0.5 | Q60: 0.5 | R60: 0.5
A61: 60 | B61: 3 | C61: 3 | D61: R1, R2, R3 y R4 dado que R1, R2 y R3 están en paralelo con R4 | E61: Estás avanzando, pero falta justificar tu razonamiento. Que R3 y R4 contribuyen al valor de la diferencia de potencial entre N2 y 0. Eso es muy buen trabajo. ¿Por qué pensaste que R2 también podría influir en esa diferencia de potencial? | F61: 3 | G61: 5 | H61: 3 | I61: 5 | J61: =SUM(F61:I61) -> 16 | K61: 9.749 | L61: 53 | M61: 6.15 | N61: AC6, AC13, AC9 | O61: AC13 | P61: 1 | Q61: 0.333 | R61: 0.5
A62: 61 | B62: 1 | C62: 3 | D62: R1, R3 y R4 dado que R2 está en cortocircuito | E62: Casi. Hay algo que debemos revisar antes de continuar. A R3 y R4 como contribuyentes al voltaje entre N2 y tierra. ¿Por qué pensaste que también R1 afecta la diferencia de potencial entre N2 y 0? | F62: 4 | G62: 5 | H62: 4 | I62: 5 | J62: =SUM(F62:I62) -> 18 | K62: 8.369 | L62: 46 | M62: 7.17 | N62: AC6, AC13, AC9 | O62: AC13 | P62: 1 | Q62: 0.333 | R62: 0.5
A63: 62 | B63: 2 | C63: 3 | D63: R3, R4 y R5 dado que R1 y R2 se pueden quitar | E63: A ese conjunto de elementos como contribuyentes al voltaje entre N2 y tierra. Eso es correcto. ¿Por qué pensaste que también R1 afecta la diferencia de potencial entre N2 y 0? | F63: 4 | G63: 5 | H63: 4 | I63: 5 | J63: =SUM(F63:I63) -> 18 | K63: 14.437 | L63: 40 | M63: 4.16 | N63: AC6, AC13 | O63: AC13, AC9 | P63: 0.5 | Q63: 0.5 | R63: 0.5
A64: 63 | B64: 3 | C64: 3 | D64: R3, R4 y R5 dado que R1 y R2 no afectan a la tensión pedida | E64: Que esos elementos son los elementos que contribuyen al voltaje entre N2 y tierra. ¿Por qué pensaste que R1 no afecta la diferencia de potencial entre N2 y 0? | F64: 4 | G64: 5 | H64: 4 | I64: 5 | J64: =SUM(F64:I64) -> 18 | K64: 13.64 | L64: 37 | M64: 4.4 | N64: AC6, AC13 | O64: AC13, AC9 | P64: 0.5 | Q64: 0.5 | R64: 0.5
A65: 64 | B65: 1 | C65: 3 | D65: R3, R4 y R5 dado que R2 está en cortocircuito y la tensión en R1 es la de la fuente | E65: Eres muy meticuloso al identificar las resistencias correctas: ese conjunto de elementos. ¿Por qué crees que R1 no contribuye a la diferencia de potencial entre N2 y tierra? Considera cómo se encuentra en relación con V1. | F65: 5 | G65: 5 | H65: 5 | I65: 5 | J65: =SUM(F65:I65) -> 20 | K65: 8.202 | L65: 46 | M65: 7.32 | N65: AC6, AC13 | O65: AC13, AC9 | P65: 0.5 | Q65: 0.5 | R65: 0.5
A66: 65 | B66: 2 | C66: 3 | D66: R2 está en cortocircuito y la tensión en R1 es la de la fuente | E66: Ese elemento tiene una propiedad relevante que debes identificar. ¿Consideras qué función cumple R1 si está conectada entre los dos terminales de V1? | F66: 4 | G66: 5 | H66: 4 | I66: 5 | J66: =SUM(F66:I66) -> 18 | K66: 14.341 | L66: 29 | M66: 4.18 | N66: AC6, AC13, AC9 | O66: AC6, AC13 | P66: 1 | Q66: 0.667 | R66: 0.8
A67: 66 | B67: 3 | C67: 3 | D67: R1 está en paralelo con la fuente y R2 está en cortocircuito | E67: Hay algo que no encaja. Vamos a revisarlo juntos. Hay una característica clave de ese elemento que aún no has nombrado. ¿Consideras qué función cumple R2 si está conectada entre los dos terminales de V1? | F67: 3 | G67: 5 | H67: 3 | I67: 5 | J67: =SUM(F67:I67) -> 16 | K67: 12.907 | L67: 45 | M67: 4.65 | N67: AC6, AC13, AC9 | O67: AC6, AC13 | P67: 1 | Q67: 0.667 | R67: 0.8
... A80: 79 | B80: 1 | C80: 3 | D80: R1 porque por R2 no circula corriente | E80: Entiendo que has elegido R1, pensando que R2 no contribuye debido a la falta de corriente. ¿Puedes explicar por qué crees que R1 afecta directamente al valor de la diferencia de potencial entre N2 y tierra? | F80: 3 | G80: 5 | H80: 5 | I80: 5 | J80: =SUM(F80:I80) -> 18 | K80: 8.179 | L80: 46 | M80: 7.34 | N80: AC6, AC13, AC9 | O80: AC13 | P80: 1 | Q80: 0.333 | R80: 0.5
A81: 80 | B81: 2 | C81: 3 | D81: R3 y R5 porque R4 está en paralelo con la fuente | E81: Pero hay que pulir algunos conceptos. Que esos elementos son los elementos que dependen directamente del valor de la diferencia de potencial entre N2 y tierra. ¿Podrías explicar por qué crees que ese conjunto de elementos está en paralelo con la fuente V1? | F81: 4 | G81: 5 | H81: 4 | I81: 5 | J81: =SUM(F81:I81) -> 18 | K81: 9.76 | L81: 55 | M81: 6.15 | O81: AC13, AC9 | P81: 0 | Q81: 1 | R81: 0
A82: 81 | B82: 1 | C82: 4 | D82: R1, R2 y R3 porque son las resistencias que forman parte del circuito | E82: Algunos de los elementos que has propuesto son correctas, ya que contribuyen a la corriente que sale de V1. ¿Por qué pensaste que también R3 influye en el valor de la corriente? | F82: 4 | G82: 5 | H82: 4 | I82: 5 | J82: =SUM(F82:I82) -> 18 | K82: 7.192 | L82: 41 | M82: 8.34 | N82: AC1 | O82: AC13 | P82: 0 | Q82: 0 | R82: 0
A83: 82 | B83: 2 | C83: 4 | D83: R1, R2 y R3 porque están conectadas a la fuente de tensión | E83: Que esos elementos contribuyen al valor de la corriente que sale de V1. ¿Por qué crees que R3 no influye en el valor de la corriente si está conectado a la fuente de tensión? | F83: 2 | G83: 0 | H83: 2 | I83: 1 | J83: =SUM(F83:I83) -> 5 | K83: 15.442 | L83: 44 | M83: 3.89 | N83: AC1 | O83: AC13 | P83: 0 | Q83: 0 | R83: 0
A84: 83 | B84: 3 | C84: 4 | D84: R1, R2 y R3 porque están conectadas en paralelo | E84: Has reconocido correctamente que esos elementos contribuyen al valor de la corriente. ¿Por qué crees que R3 no influye en el valor de la corriente si está conectado a la fuente de tensión V1? | F84: 2 | G84: 0 | H84: 2 | I84: 1 | J84: =SUM(F84:I84) -> 5 | K84: 14.884 | L84: 44 | M84: 4.03 | N84: AC1 | O84: AC13 | P84: 0 | Q84: 0 | R84: 0
A85: 84 | B85: 1 | C85: 4 | D85: R1, R2 y R3 porque están conectadas en serie | E85: Que esos elementos contribuyen a la corriente que sale de V1. ¿Por qué pensaste que también R3 debería contribuir si está conectado en serie con los otros dos resistores? | F85: 4 | G85: 5 | H85: 4 | I85: 5 | J85: =SUM(F85:I85) -> 18 | K85: 15.585 | L85: 37 | M85: 3.85 | N85: AC1 | O85: AC13, AC14 | P85: 0 | Q85: 0 | R85: 0
A86: 85 | B86: 2 | C86: 4 | D86: R1 y R2 porque son las resistencias por las que pasa corriente | E86: ¿Por qué crees que R3 no contribuye a la corriente que sale de V1? | F86: 5 | G86: 5 | H86: 5 | I86: 5 | J86: =SUM(F86:I86) -> 20 | K86: 6.754 | L86: 18 | M86: 8.88 | O86: AC13 | P86: 0 | Q86: 1 | R86: 0
A87: 86 | B87: 3 | C87: 4 | D87: R1 y R2 porque están conectadas en paralelo con la fuente | E87: Estás avanzando, pero falta justificar tu razonamiento. esos elementos contribuyen a la corriente que sale de V1! Ese elemento tiene una propiedad relevante que debes identificar. ¿Qué propiedad de ese elemento podrías analizar para decidirlo? | F87: 4 | G87: 5 | H87: 4 | I87: 5 | J87: =SUM(F87:I87) -> 18 | K87: 9.597 | L87: 45 | M87: 6.25 | O87: AC13 | P87: 0 | Q87: 1 | R87: 0
A88: 87 | B88: 1 | C88: 4 | D88: R1 y R2 porque podemos eliminar R3 ya que está en circuito abierto | E88: Casi. Hay algo que debemos revisar antes de continuar. Ese elemento tiene una propiedad relevante que debes identificar. ¿Por qué crees que R1 y R2 sí influyen en el valor de la corriente? | F88: 4 | G88: 5 | H88: 5 | I88: 5 | J88: =SUM(F88:I88) -> 19 | K88: 8.04 | L88: 42 | M88: 7.46 | N88: AC1 | O88: AC13 | P88: 0 | Q88: 0 | R88: 0
A89: 88 | B89: 2 | C89: 4 | D89: R1 y R2 | E89: Buen comienzo, pero necesitamos ir un poco más allá. esos elementos son los elementos que influyen en el valor de la corriente. ¿Puedes explicar por qué esos elementos forman parte del camino de la corriente que sale de V1, utilizando la idea de un divisor de tensión? | F89: 3 | G89: 5 | H89: 3 | I89: 5 | J89: =SUM(F89:I89) -> 16 | K89: 8.286 | L89: 61 | M89: 7.24 | O89: AC13 | P89: 0 | Q89: 1 | R89: 0
A90: 89 | B90: 3 | C90: 4 | D90: R1 y R2 porque R3 se elimina | E90: ¿Por qué crees que R3 no contribuye a la corriente que sale de V1? | F90: 5 | G90: 5 | H90: 5 | I90: 5 | J90: =SUM(F90:I90) -> 20 | K90: 8.659 | L90: 18 | M90: 6.93 | N90: AC1 | O90: AC13 | P90: 0 | Q90: 0 | R90: 0
A91: 90 | B91: 1 | C91: 4 | D91: R1 porque está conectada en paralelo con la fuente | E91: Entiendo que R1 está conectada en paralelo con la fuente V1, pero ¿cómo afecta eso a la corriente que sale de V1? | F91: 4 | G91: 5 | H91: 5 | I91: 5 | J91: =SUM(F91:I91) -> 19 | K91: 11.017 | L91: 28 | M91: 5.45 | N91: AC14 | O91: AC13, AC14 | P91: 0.5 | Q91: 1 | R91: 0.667
A92: 91 | B92: 2 | C92: 4 | D92: R2 porque R1 se puede quitar al estar en paralelo con la fuente y R3 se puede quitar al estar en circuito abierto | E92: Ese elemento tiene una propiedad relevante que debes identificar. Pero ¿qué pasa con el nudo N2? | F92: 3 | G92: 4 | H92: 2 | I92: 5 | J92: =SUM(F92:I92) -> 14 | K92: 8.784 | L92: 20 | M92: 6.83 | N92: AC1 | P92: 1 | Q92: 0 | R92: 0
A93: 92 | B93: 3 | C93: 4 | D93: R2 y R3 porque R1 se puede quitar al estar en paralelo con la fuente | E93: Casi. Hay algo que debemos revisar antes de continuar. ¿Pero qué pasa con ese conjunto de elementos? | F93: 3 | G93: 3 | H93: 3 | I93: 5 | J93: =SUM(F93:I93) -> 14 | K93: 8.25 | L93: 22 | M93: 7.27 | N93: AC1 | P93: 1 | Q93: 0 | R93: 0
A94: 93 | B94: 1 | C94: 4 | D94: R3 porque R1 y R2 se pueden quitar al estar en paraleo con la fuente | E94: La respuesta que propuso es interesante, pero permíteme guiarte un poco más sobre el concepto de continuidad eléctrica. ¿Por qué crees que R3 no contribuye a la corriente que sale de V1? | F94: 4 | G94: 5 | H94: 5 | I94: 5 | J94: =SUM(F94:I94) -> 19 | K94: 15.285 | L94: 41 | M94: 3.93 | N94: AC1 | O94: AC13 | P94: 0 | Q94: 0 | R94: 0
A95: 94 | B95: 2 | C95: 4 | D95: R1 y R2 porque están conectadas en serie con la fuente | E95: Casi. Hay algo que debemos revisar antes de continuar. Que esos elementos contribuyen a la corriente que sale de V1. ¿Puedes explicar por qué esos elementos, conectados en serie, afectan la corriente total? | F95: 4 | G95: 5 | H95: 4 | I95: 5 | J95: =SUM(F95:I95) -> 18 | K95: 9.034 | L95: 42 | M95: 6.64 | O95: AC13, AC14 | P95: 0 | Q95: 1 | R95: 0
A96: 95 | B96: 3 | C96: 4 | D96: No | E96: Entiendo que esos elementos están conectados en serie con la fuente V1, pero permíteme guiarte un poco más sobre cómo la corriente se distribuye en el circuito. ¿Crees que la corriente que sale de V1 pasa por R3? | F96: 2 | G96: 3 | H96: 1 | I96: 3 | J96: =SUM(F96:I96) -> 9 | K96: 9.636 | L96: 49 | M96: 6.23 | N96: AC14 | O96: AC13, AC14 | P96: 0.5 | Q96: 1 | R96: 0.667
A97: 96 | B97: 1 | C97: 4 | D97: Sí | E97: ¡Hola! Veamos este circuito juntos. Primero, observa que hay una fuente de tensión V1 entre el nodo N1 y la tierra (0). ¿Puedes decirme hacia qué nodo sale la corriente de V1? | F97: 5 | G97: 5 | H97: 4 | I97: 5 | J97: =SUM(F97:I97) -> 19 | K97: 3.792 | L97: 41 | M97: 15.82 | N97: AC14 | O97: AC13 | P97: 0 | Q97: 0 | R97: 0
A98: 97 | B98: 2 | C98: 4 | D98: R3 está en circuito abierto | E98: Parte de tu respuesta es correcta, pero falta algo. Ese elemento tiene una propiedad relevante que debes identificar. Ahora, veamos las resistencias conectadas entre N1 y la tierra. ¿Crees que R1 o R2 podrían influir en el valor de la corriente que sale de V1? | F98: 4 | G98: 5 | H98: 3 | I98: 5 | J98: =SUM(F98:I98) -> 17 | K98: 9.845 | L98: 58 | M98: 6.09 | N98: AC1, AC14 | O98: AC13 | P98: 0 | Q98: 0 | R98: 0
A99: 98 | B99: 3 | C99: 4 | D99: Por R3 no pasa corriente | E99: Hay una característica clave de ese elemento que aún no has nombrado. Ahora, piensa en las resistencias conectadas entre N1 y la tierra. ¿Crees que R1 o R2 podrían influir en el valor de la corriente que sale de V1? | F99: 4 | G99: 5 | H99: 3 | I99: 5 | J99: =SUM(F99:I99) -> 17 | K99: 16.092 | L99: 52 | M99: 3.73 | N99: AC1, AC14 | O99: AC13 | P99: 0 | Q99: 0 | R99: 0
A100: 99 | B100: 1 | C100: 4 | D100: R1 porque está más cerca de la fuente | E100: Vas por buen camino, pero hay que pulir algunos conceptos. Que R1 es una de las resistencias que depende del valor de la corriente que sale de V1. ¿Crees que la proximidad a la fuente de tensión V1 influye en cuáles resistencias contribuyen al valor de la corriente? | F100: 5 | G100: 5 | H100: 5 | I100: 5 | J100: =SUM(F100:I100) -> 20 | K100: 9.68 | L100: 62 | M100: 6.2 | N100: AC14 | O100: AC13 | P100: 0 | Q100: 0 | R100: 0
A101: 100 | B101: 2 | C101: 4 | D101: R1 y R2 porque están conectadas a la fuente | E101: ¿Crees que esa resistencia podría influir en el valor de la corriente si estuviera conectada? | F101: 3 | G101: 3 | H101: 2 | I101: 5 | J101: =SUM(F101:I101) -> 13 | K101: 7.891 | L101: 19 | M101: 7.6 | O101: AC13 | P101: 0 | Q101: 1 | R101: 0
A102: 101 | B102: 3 | C102: 4 | D102: R1 y R3 porque están conectadas a la fuente | E102: Cuidado, hay un error en ese razonamiento. Que R1 contribuye al valor de la corriente. ¿Crees que la resistencia R3 también influiría en el valor de la corriente si no estuviera interrumpida por el interruptor? | F102: 3 | G102: 5 | H102: 4 | I102: 5 | J102: =SUM(F102:I102) -> 17 | K102: 13.894 | L102: 45 | M102: 4.32 | N102: AC1, AC14 | O102: AC1, AC13 | P102: 0.5 | Q102: 0.5 | R102: 0.5
A103: 102 | B103: 1 | C103: 4 | D103: R2 porque está conectada directamente a la fuente | E103: Estás avanzando, pero falta justificar tu razonamiento. R2 contribuye al valor de la corriente que sale de V1. ¿Crees que R1 también influya en el valor de esa corriente? | F103: 4 | G103: 5 | H103: 4 | I103: 5 | J103: =SUM(F103:I103) -> 18 | K103: 6.678 | L103: 37 | M103: 8.98 | N103: AC14 | O103: AC13 | P103: 0 | Q103: 0 | R103: 0
A104: 103 | B104: 2 | C104: 4 | D104: R2 porque está más cerca del nodo común | E104: Estás cerca. Piensa en qué más podría influir. Que R2 contribuye al valor de la corriente que sale de V1. ¿Crees que también R1 podría influir en el valor de esa corriente, dada su conexión con N1? | F104: 4 | G104: 5 | H104: 4 | I104: 5 | J104: =SUM(F104:I104) -> 18 | K104: 7.504 | L104: 48 | M104: 8 | N104: AC14 | O104: AC13 | P104: 0 | Q104: 0 | R104: 0
A105: 104 | B105: 3 | C105: 4 | D105: R2 y R3 porque están en paralelo. | E105: Hay algo que no encaja. Vamos a revisarlo juntos. Que R2 contribuye al valor de la corriente. ¿Crees que también R3 podría influir en el valor de esa corriente, dada su conexión con N1-N2? | F105: 4 | G105: 5 | H105: 4 | I105: 5 | J105: =SUM(F105:I105) -> 18 | K105: 12.755 | L105: 44 | M105: 4.7 | N105: AC1, AC14 | O105: AC1, AC13 | P105: 0.5 | Q105: 0.5 | R105: 0.5
A106: 105 | B106: 1 | C106: 4 | D106: R3 porque está más cerca del nodo N1 | E106: No has mencionado esos elementos, que son importantes para el valor de la corriente que sale de V1. ¿Por qué crees que R3 no contribuye a esta corriente? | F106: 4 | G106: 5 | H106: 2 | I106: 5 | J106: =SUM(F106:I106) -> 16 | K106: 7.533 | L106: 36 | M106: 7.96 | N106: AC1, AC14 | O106: AC13 | P106: 0 | Q106: 0 | R106: 0
A107: 106 | B107: 2 | C107: 4 | D107: Depende de todas las resistencias porque todas están en el circuito | E107: Entiendo que piensas que todas las resistencias contribuyen a la corriente, pero vamos a analizarlo paso a paso. ¿Crees que R3 pueda influir en la corriente que sale de V1? Recuerda, si hay un interruptor abierto entre N1 y N2, algunas resistencias pueden no estar en el camino principal de la corriente. | F107: 4 | G107: 5 | H107: 4 | I107: 5 | J107: =SUM(F107:I107) -> 18 | K107: 9.679 | L107: 67 | M107: 6.2 | N107: AC14 | O107: AC1, AC13, AC14 | P107: 0.333 | Q107: 1 | R107: 0.5
A108: 107 | B108: 3 | C108: 4 | D108: R2 porque está en serie con la fuente | E108: No del todo. Vamos a pensarlo de otra manera. Ese elemento tiene una propiedad relevante que debes identificar. ¿Crees que R1 también forme parte del camino de la corriente desde V1 hasta el nodo 0? | F108: 5 | G108: 5 | H108: 4 | I108: 5 | J108: =SUM(F108:I108) -> 19 | K108: 7.583 | L108: 45 | M108: 7.91 | N108: AC14 | O108: AC13 | P108: 0 | Q108: 0 | R108: 0
A109: 108 | B109: 1 | C109: 4 | D109: R2 y R3 porque están conectadas directamente al nodo N1 | E109: Estás avanzando, pero falta justificar tu razonamiento. Que R2 contribuye a la corriente de V1. Ese elemento tiene una propiedad relevante que debes identificar. ¿Qué propiedad de ese elemento podrías analizar para decidirlo? | F109: 4 | G109: 3 | H109: 4 | I109: 5 | J109: =SUM(F109:I109) -> 16 | K109: 8.399 | L109: 42 | M109: 7.14 | N109: AC1, AC14 | O109: AC13 | P109: 0 | Q109: 0 | R109: 0
A110: 109 | B110: 2 | C110: 4 | D110: R1 porque está conectada directamente al nodo N1 | E110: Casi. Hay algo que debemos revisar antes de continuar. Que R1 contribuye a la corriente de V1. ¿Considerando que las resistencias en paralelo comparten el mismo voltaje, ¿cómo podrías determinar si R2 también influye en la corriente de V1? | F110: 5 | G110: 5 | H110: 4 | I110: 5 | J110: =SUM(F110:I110) -> 19 | K110: 8.446 | L110: 50 | M110: 7.1 | N110: AC14 | O110: AC13, AC14 | P110: 0.5 | Q110: 1 | R110: 0.667
A111: 110 | B111: 3 | C111: 4 | D111: R1 y R3 porque están en paralelo | E111: No es del todo correcto. Pensemos en esto desde otra perspectiva. Que R1 contribuye a la corriente de V1, pero hay algo más que considerar con R3. ¿Por qué crees que R3 no influye en la corriente de V1? | F111: 4 | G111: 5 | H111: 4 | I111: 1 | J111: =SUM(F111:I111) -> 14 | K111: 14.709 | L111: 50 | M111: 4.08 | N111: AC1, AC14 | O111: AC13 | P111: 0 | Q111: 0 | R111: 0
A112: 111 | B112: 1 | C112: 4 | D112: R3 porque está más lejos de la fuente. | E112: No es R3 el que depende del valor de la corriente que sale de V1. ¿Por qué pensaste que también R3 contribuye a esa corriente? | F112: 3 | G112: 5 | H112: 4 | I112: 5 | J112: =SUM(F112:I112) -> 17 | K112: 6.904 | L112: 32 | M112: 8.69 | N112: AC1, AC14 | O112: AC13 | P112: 0 | Q112: 0 | R112: 0
A113: 112 | B113: 2 | C113: 4 | D113: Depende de todas porque todas tienen resistencia | E113: Ese elemento tiene una propiedad relevante que debes identificar. ¿Crees que R3 forme parte del camino principal de la corriente desde V1 hasta tierra? | F113: 4 | G113: 5 | H113: 4 | I113: 5 | J113: =SUM(F113:I113) -> 18 | K113: 8.686 | L113: 31 | M113: 6.91 | N113: AC14 | O113: AC13 | P113: 0 | Q113: 0 | R113: 0
...

Sheet Metadata
A1: Field | B1: Value
A2: Generation date | B2: 2026-05-22T19:25:48.808041
A3: Method | B3: RAG (via backend API)
A4: Models evaluated | B4: qwen2.5:latest
A5: Exercises covered | B5: 1, 3, 4, 5, 6, 7
A6: Total evaluations | B6: 198
A7: Backend URL | B7: http://localhost:3030

Sheet Ranking
A1: Ranking | B1: Model | C1: samples | D1: avg_latency | E1: p95_latency | F1: throughput | G1: avg_tokens | H1: socratic_format | I1: conceptual_correctness | J1: adaptability | K1: reflection_generation | L1: score_total | M1: pct_socratic | N1: pct_score_15 | O1: faithfulness | P1: relevance | Q1: pct_cot
A2: 1 | B2: qwen2.5:latest | C2: =COUNTA('Results_qwen2.5_latest'!A2:A10000) -> 549 | D2: =IFERROR(AVERAGE('Results_qwen2.5_latest'!K2:K10000),"") -> 5.3617213 | E2: =IFERROR(PERCENTILE('Results_qwen2.5_latest'!K2:K10000,0.95),"") -> 14.519 | F2: =IFERROR(IF(AVERAGE('Results_qwen2.5_latest'!K2:K10000)>0,60/AVERAGE('Results_qwen2.5_latest'!K2:K10000),0),"") -> 11.190436 | G2: =IFERROR(AVERAGE('Results_qwen2.5_latest'!L2:L10000),"") -> 41.116576 | H2: =IFERROR(AVERAGE('Results_qwen2.5_latest'!F2:F10000),"") -> 3.6830601 | I2: =IFERROR(AVERAGE('Results_qwen2.5_latest'!G2:G10000),"") -> 4.2477231 | J2: =IFERROR(AVERAGE('Results_qwen2.5_latest'!H2:H10000),"") -> 3.4225865 | K2: =IFERROR(AVERAGE('Results_qwen2.5_latest'!I2:I10000),"") -> 4.6703097 | L2: =IFERROR(AVERAGE('Results_qwen2.5_latest'!J2:J10000),"") -> 14.570128 | M2: =IFERROR(COUNTIF('Results_qwen2.5_latest'!F2:F10000,">=4")/COUNTA('Results_qwen2.5_latest'!F2:F10000)*100,"") -> 61.818182 | N2: =IFERROR(COUNTIF('Results_qwen2.5_latest'!J2:J10000,">=15")/COUNTA('Results_qwen2.5_latest'!J2:J10000)*100,"") -> 48 | O2: =IFERROR(AVERAGE('Results_qwen2.5_latest'!S2:S10000),"") | P2: =IFERROR(AVERAGE('Results_qwen2.5_latest'!T2:T10000),"") | Q2: =IFERROR(COUNTIF('Results_qwen2.5_latest'!U2:U10000,"<>")/COUNTA('Results_qwen2.5_latest'!A2:A10000)*100,"") -> 0

Sheet Results_Article
A1: Model | B1: Arch. | C1: samples | D1: avg_latency (s) | E1: avg_tokens | F1: socraticity (0-5) | G1: conceptual correctness (0-5) | H1: consistency (0-5) | I1: hallucination rate (0-5) | J1: temperature
A2: qwen2.5:latest | B2: RAG | C2: =COUNTA('Results_qwen2.5_latest'!A2:A10000) -> 549 | D2: =IFERROR(AVERAGE('Results_qwen2.5_latest'!K2:K10000),"") -> 5.3617213 | E2: =IFERROR(AVERAGE('Results_qwen2.5_latest'!L2:L10000),"") -> 41.116576 | F2: =IFERROR(AVERAGE('Results_qwen2.5_latest'!F2:F10000),"") -> 3.6830601 | G2: =IFERROR(AVERAGE('Results_qwen2.5_latest'!G2:G10000),"") -> 4.2477231 | H2: =IFERROR(AVERAGE('Results_qwen2.5_latest'!H2:H10000),"") -> 3.4225865 | I2: =IFERROR(AVERAGE('Results_qwen2.5_latest'!I2:I10000),"") -> 4.6703097 | J2: 0.7

Sheet Efficiency
A1: Model | B1: avg_latency | C1: p95_latency | D1: throughput | E1: avg_tokens
A2: qwen2.5:latest | B2: =IFERROR(AVERAGE('Results_qwen2.5_latest'!K2:K10000),"") -> 5.3617213 | C2: =IFERROR(PERCENTILE('Results_qwen2.5_latest'!K2:K10000,0.95),"") -> 14.519 | D2: =IFERROR(IF(AVERAGE('Results_qwen2.5_latest'!K2:K10000)>0,60/AVERAGE('Results_qwen2.5_latest'!K2:K10000),0),"") -> 11.190436 | E2: =IFERROR(AVERAGE('Results_qwen2.5_latest'!L2:L10000),"") -> 41.116576
