Workbook

Sheet Resultados_Tutor_EDA
A1: ID | B1: Conversación | C1: Turno | D1: Ejercicio | E1: Respuesta Estudiante | F1: Respuesta Tutor Socrático | G1: Socraticidad | H1: Precisión Conceptual | I1: Consistencia | J1: Tasa Alucinación | K1: Score Total | L1: Latencia (s) | M1: Tokens | N1: Throughput (resp/min) | O1: ACs Esperadas | P1: ACs Detectadas | Q1: AC Precision | R1: AC Recall | S1: AC F1 | T1: Faithfulness | U1: Relevance | V1: Think Content | W1: Feedback Constructivo
A2: 41 | B2: 17 | C2: 1 | D2: 1 | E2: R1 y R2 dado que las dos resistencia forman un divisor de tensión | F2: ¿Todas las resistencias entre N2 y 0 contribuyen a la diferencia de potencial? | G2: 3 | H2: 3 | I2: 3 | J2: 5 | K2: 14 | L2: 0.765 | M2: 23 | N2: 78.39 | O2: AC9 | P2: AC9 | Q2: 1 | R2: 1 | S2: 1 | W2: Socraticidad 3/5 (Clarificación): Pregunta genérica: pide clarificación sin atacar la raíz del error. Precisión Conceptual 3/5 (Suficiente): Suficiente: identifica que hay un error y usa conceptos correctos, pero el diagnóstico es algo vago. Buen desempeño general; hay margen de mejora en profundidad socrática.
A3: 42 | B3: 17 | C3: 2 | D3: 1 | E3: R1 y R2 dado que se pide la tensión en R2 | F3: ¿Cómo se calcula la tensión en R2 si R1 y R2 están en serie? | G3: 3 | H3: 3 | I3: 5 | J3: 5 | K3: 16 | L3: 0.624 | M3: 22 | N3: 96.15 | O3: AC9 | Q3: 1 | R3: 0 | S3: 0 | W3: Socraticidad 3/5 (Clarificación): Pregunta genérica: pide clarificación sin atacar la raíz del error. Precisión Conceptual 3/5 (Suficiente): Suficiente: identifica que hay un error y usa conceptos correctos, pero el diagnóstico es algo vago. Buen desempeño general; hay margen de mejora en profundidad socrática.
A4: 43 | B4: 17 | C4: 3 | D4: 1 | E4: R1 y R2 por identificar un divisor de tensión | F4: ¿Cómo se calcula la tensión en R2 si R1 y R2 están en serie? | G4: 3 | H4: 3 | I4: 5 | J4: 5 | K4: 16 | L4: 0.694 | M4: 22 | N4: 86.42 | O4: AC9 | Q4: 1 | R4: 0 | S4: 0 | W4: Socraticidad 3/5 (Clarificación): Pregunta genérica: pide clarificación sin atacar la raíz del error. Precisión Conceptual 3/5 (Suficiente): Suficiente: identifica que hay un error y usa conceptos correctos, pero el diagnóstico es algo vago. Buen desempeño general; hay margen de mejora en profundidad socrática.
A5: 44 | B5: 18 | C5: 1 | D5: 1 | E5: R1 y R2 hacen un divisor de tensión | F5: ¿Y qué ocurre con la corriente en una rama interrumpida? | G5: 3 | H5: 2 | I5: 3 | J5: 5 | K5: 13 | L5: 0.579 | M5: 20 | N5: 103.59 | O5: AC9 | P5: AC1 | Q5: 0 | R5: 0 | S5: 0 | W5: Socraticidad 3/5 (Clarificación): Pregunta genérica: pide clarificación sin atacar la raíz del error. Precisión Conceptual 2/5 (Pobre): Pobre: responde de forma genérica sin diagnosticar el error conceptual. Buen desempeño general; hay margen de mejora en profundidad socrática.
A6: 45 | B6: 18 | C6: 2 | D6: 1 | E6: R1, R2, R3 y R4 porque R5 está cortocircuitada | F6: ¿Qué ocurre cuando un componente se coloca en paralelo con otro? | G6: 4 | H6: 2 | I6: 3 | J6: 5 | K6: 14 | L6: 0.539 | M6: 18 | N6: 111.41 | O6: AC1, AC6 | Q6: 1 | R6: 0 | S6: 0 | W6: Socraticidad 4/5 (Andamiaje para detección): Andamiaje para detección: identifica el área del error y plantea pregunta que confronta con la teoría. Precisión Conceptual 2/5 (Pobre): Pobre: responde de forma genérica sin diagnosticar el error conceptual. Buen desempeño general; hay margen de mejora en profundidad socrática.
A7: 46 | B7: 18 | C7: 3 | D7: 1 | E7: R1, R2, R3 y R4 porque por R5 no circula corriente | F7: ¿Y si R5 no estuviera en el circuito? | G7: 3 | H7: 2 | I7: 3 | J7: 5 | K7: 13 | L7: 0.464 | M7: 15 | N7: 129.41 | O7: AC1, AC6 | Q7: 1 | R7: 0 | S7: 0 | W7: Socraticidad 3/5 (Clarificación): Pregunta genérica: pide clarificación sin atacar la raíz del error. Precisión Conceptual 2/5 (Pobre): Respuesta genérica: sin vocabulario técnico ni diagnóstico del error. Buen desempeño general; hay margen de mejora en profundidad socrática.
A8: 47 | B8: 19 | C8: 1 | D8: 1 | E8: R1, R2, R3 y R4 porque R5 se quita | F8: ¿Qué tienen en común los dos terminales de R5 mirando el netlist? | G8: 3 | H8: 2 | I8: 3 | J8: 5 | K8: 13 | L8: 0.526 | M8: 19 | N8: 114.07 | O8: AC1, AC6 | P8: AC6 | Q8: 1 | R8: 0.5 | S8: 0.667 | W8: Socraticidad 3/5 (Clarificación): Pregunta genérica: pide clarificación sin atacar la raíz del error. Precisión Conceptual 2/5 (Pobre): Pobre: responde de forma genérica sin diagnosticar el error conceptual. Buen desempeño general; hay margen de mejora en profundidad socrática.
A9: 48 | B9: 19 | C9: 2 | D9: 1 | E9: R1, R3 y R4 porque R2 está en paralelo con la fuente y R5 corctocircuitada | F9: ¿Cómo afecta a la resistencia total de una red el cortocircuito de una rama? | G9: 4 | H9: 3 | I9: 3 | J9: 5 | K9: 15 | L9: 0.613 | M9: 23 | N9: 97.95 | O9: AC1, AC6 | P9: AC6 | Q9: 1 | R9: 0.5 | S9: 0.667 | W9: Socraticidad 4/5 (Andamiaje para detección): Andamiaje para detección: identifica el área del error y plantea pregunta que confronta con la teoría. Precisión Conceptual 3/5 (Suficiente): Suficiente: identifica que hay un error y usa conceptos correctos, pero el diagnóstico es algo vago. Buen desempeño general; hay margen de mejora en profundidad socrática.
A10: 49 | B10: 19 | C10: 3 | D10: 1 | E10: R1, R4 y R5 porque R2 se elimina y R3 también | F10: ¿Qué tiene en común los dos terminales de R2 mirando el netlist? | G10: 3 | H10: 2 | I10: 3 | J10: 5 | K10: 13 | L10: 0.527 | M10: 19 | N10: 113.88 | O10: AC1, AC6 | P10: AC6 | Q10: 1 | R10: 0.5 | S10: 0.667 | W10: Socraticidad 3/5 (Clarificación): Pregunta genérica: pide clarificación sin atacar la raíz del error. Precisión Conceptual 2/5 (Pobre): Pobre: responde de forma genérica sin diagnosticar el error conceptual. Buen desempeño general; hay margen de mejora en profundidad socrática.
A11: 50 | B11: 20 | C11: 1 | D11: 1 | E11: R1 y R4 dado que R2 está en paralelo con la fuente, R3 en circuito abierto y R5 cortocircuitada | F11: ¿Qué ocurriría si se retirara el interruptor del circuito? | G11: 3 | H11: 2 | I11: 3 | J11: 5 | K11: 13 | L11: 0.512 | M11: 18 | N11: 117.27 | O11: AC1, AC6 | P11: AC1 | Q11: 1 | R11: 0.5 | S11: 0.667 | W11: Socraticidad 3/5 (Clarificación): Pregunta genérica: pide clarificación sin atacar la raíz del error. Precisión Conceptual 2/5 (Pobre): Pobre: responde de forma genérica sin diagnosticar el error conceptual. Buen desempeño general; hay margen de mejora en profundidad socrática.

Sheet Resultados_deepseek-r1_32b
A1: ID | B1: Conversación | C1: Turno | D1: Ejercicio | E1: Respuesta Estudiante | F1: Respuesta Tutor Socrático | G1: Socraticidad | H1: Precisión Conceptual | I1: Consistencia | J1: Tasa Alucinación | K1: Score Total | L1: Latencia (s) | M1: Tokens | N1: Throughput (resp/min) | O1: ACs Esperadas | P1: ACs Detectadas | Q1: AC Precision | R1: AC Recall | S1: AC F1 | T1: Faithfulness | U1: Relevance | V1: Think Content | W1: Feedback Constructivo
A2: 146 | B2: 58 | C2: 3 | D2: 1 | E2: R1, R2, R3 y R4 porque por R5 no circula corriente | F2: ¿Por qué crees que no circula corriente por R5? | G2: 4 | H2: 2 | I2: 3 | J2: 5 | K2: 14 | L2: 8.704 | M2: 289 | N2: 6.89 | O2: AC1, AC6 | P2: AC1 | Q2: 1 | R2: 0.5 | S2: 0.667 | W2: Socraticidad 4/5 (Andamiaje para detección): Andamiaje para detección: identifica el área del error y plantea pregunta que confronta con la teoría. Precisión Conceptual 2/5 (Pobre): Pobre: responde de forma genérica sin diagnosticar el error conceptual. Buen desempeño general; hay margen de mejora en profundidad socrática.
A3: 147 | B3: 59 | C3: 1 | D3: 1 | E3: R1, R2, R3 y R4 porque R5 se quita | F3: ¿Has considerado cómo afecta el estado del interruptor entre N2 y N3 a la corriente que circula por R3? | G3: 3 | H3: 3 | I3: 3 | J3: 5 | K3: 14 | L3: 8.439 | M3: 333 | N3: 7.11 | O3: AC1, AC6 | P3: AC1 | Q3: 1 | R3: 0.5 | S3: 0.667 | W3: Socraticidad 3/5 (Clarificación): Pregunta genérica: pide clarificación sin atacar la raíz del error. Precisión Conceptual 3/5 (Suficiente): Suficiente: identifica que hay un error y usa conceptos correctos, pero el diagnóstico es algo vago. Buen desempeño general; hay margen de mejora en profundidad socrática.
A4: 148 | B4: 59 | C4: 2 | D4: 1 | E4: R1, R3 y R4 porque R2 está en paralelo con la fuente y R5 corctocircuitada | F4: ¿Cómo afecta la disposición en paralelo de R2 con la fuente a su participación en el flujo total de corriente? | G4: 4 | H4: 3 | I4: 3 | J4: 5 | K4: 15 | L4: 7.3 | M4: 337 | N4: 8.22 | O4: AC1, AC6 | P4: AC1 | Q4: 1 | R4: 0.5 | S4: 0.667 | W4: Socraticidad 4/5 (Andamiaje para detección): Andamiaje para detección: identifica el área del error y plantea pregunta que confronta con la teoría. Precisión Conceptual 3/5 (Suficiente): Suficiente: identifica que hay un error y usa conceptos correctos, pero el diagnóstico es algo vago. Buen desempeño general; hay margen de mejora en profundidad socrática.
A5: 150 | B5: 60 | C5: 1 | D5: 1 | E5: R1 y R4 dado que R2 está en paralelo con la fuente, R3 en circuito abierto y R5 cortocircuitada | F5: ¿Has | G5: 1 | H5: 2 | I5: 2 | J5: 5 | K5: 10 | L5: 9.383 | M5: 400 | N5: 6.39 | O5: AC1, AC6 | Q5: 1 | R5: 0 | S5: 0 | W5: Socraticidad 1/5 (Instructivo): No termina en pregunta; el tutor es instructivo. Precisión Conceptual 2/5 (Pobre): Respuesta genérica: sin vocabulario técnico ni diagnóstico del error. Desempeño aceptable; necesita mejorar precisión o metodología socrática.

Sheet Resultados_deepseek-r1_7b
A1: ID | B1: Conversación | C1: Turno | D1: Ejercicio | E1: Respuesta Estudiante | F1: Respuesta Tutor Socrático | G1: Socraticidad | H1: Precisión Conceptual | I1: Consistencia | J1: Tasa Alucinación | K1: Score Total | L1: Latencia (s) | M1: Tokens | N1: Throughput (resp/min) | O1: ACs Esperadas | P1: ACs Detectadas | Q1: AC Precision | R1: AC Recall | S1: AC F1 | T1: Faithfulness | U1: Relevance | V1: Think Content | W1: Feedback Constructivo
A2: 101 | B2: 41 | C2: 1 | D2: 1 | E2: R1 y R2 dado que las dos resistencia forman un divisor de tensión | F2: ¿Cómo afecta el interruptor entre N2 y N3 al flujo de corriente? | G2: 4 | H2: 3 | I2: 3 | J2: 5 | K2: 15 | L2: 53.287 | M2: 201 | N2: 1.13 | O2: AC9 | P2: AC1 | Q2: 0 | R2: 0 | S2: 0 | W2: Socraticidad 4/5 (Andamiaje para detección): Andamiaje para detección: identifica el área del error y plantea pregunta que confronta con la teoría. Precisión Conceptual 3/5 (Suficiente): Suficiente: identifica que hay un error y usa conceptos correctos, pero el diagnóstico es algo vago. Buen desempeño general; hay margen de mejora en profundidad socrática.
A3: 102 | B3: 41 | C3: 2 | D3: 1 | E3: R1 y R2 dado que se pide la tensión en R2 | F3: ¿Cómo afecta la suma de R1 y R2 al cálculo de la tensión en R2? | G3: 4 | H3: 2 | I3: 5 | J3: 5 | K3: 16 | L3: 1.639 | M3: 189 | N3: 36.62 | O3: AC9 | Q3: 1 | R3: 0 | S3: 0 | W3: Socraticidad 4/5 (Andamiaje para detección): Andamiaje para detección: identifica el área del error y plantea pregunta que confronta con la teoría. Precisión Conceptual 2/5 (Pobre): Pobre: responde de forma genérica sin diagnosticar el error conceptual. Buen desempeño general; hay margen de mejora en profundidad socrática.
A4: 103 | B4: 41 | C4: 3 | D4: 1 | E4: R1 y R2 por identificar un divisor de tensión | F4: ¿Cómo afecta la relación entre R1 y R2 al cálculo de la tensión en R2? | G4: 4 | H4: 2 | I4: 5 | J4: 5 | K4: 16 | L4: 1.946 | M4: 262 | N4: 30.83 | O4: AC9 | Q4: 1 | R4: 0 | S4: 0 | W4: Socraticidad 4/5 (Andamiaje para detección): Andamiaje para detección: identifica el área del error y plantea pregunta que confronta con la teoría. Precisión Conceptual 2/5 (Pobre): Pobre: responde de forma genérica sin diagnosticar el error conceptual. Buen desempeño general; hay margen de mejora en profundidad socrática.
A5: 104 | B5: 42 | C5: 1 | D5: 1 | E5: R1 y R2 hacen un divisor de tensión | F5: ¿Cuáles son las resistorencias que forman el camino completo desde el nodo N2 hasta el nulo del circuito? | G5: 3 | H5: 3 | I5: 3 | J5: 5 | K5: 14 | L5: 1.894 | M5: 253 | N5: 31.68 | O5: AC9 | P5: AC9 | Q5: 1 | R5: 1 | S5: 1 | W5: Socraticidad 3/5 (Clarificación): Pregunta genérica: pide clarificación sin atacar la raíz del error. Precisión Conceptual 3/5 (Suficiente): Suficiente: identifica que hay un error y usa conceptos correctos, pero el diagnóstico es algo vago. Buen desempeño general; hay margen de mejora en profundidad socrática.
A6: 105 | B6: 42 | C6: 2 | D6: 1 | E6: R1, R2, R3 y R4 porque R5 está cortocircuitada | F6: ¿Cómo están conectados R1 y R2 con el resto del circuito? | G6: 3 | H6: 2 | I6: 3 | J6: 5 | K6: 13 | L6: 1.988 | M6: 285 | N6: 30.18 | O6: AC1, AC6 | Q6: 1 | R6: 0 | S6: 0 | W6: Socraticidad 3/5 (Clarificación): Pregunta genérica: pide clarificación sin atacar la raíz del error. Precisión Conceptual 2/5 (Pobre): Respuesta genérica: sin vocabulario técnico ni diagnóstico del error. Buen desempeño general; hay margen de mejora en profundidad socrática.
A7: 106 | B7: 42 | C7: 3 | D7: 1 | E7: R1, R2, R3 y R4 porque por R5 no circula corriente | F7: ¿Cómo contribuyen R1 y R2 al functions como divisor de tensión en el circuito? | G7: 3 | H7: 2 | I7: 3 | J7: 5 | K7: 13 | L7: 2.761 | M7: 290 | N7: 21.73 | O7: AC1, AC6 | Q7: 1 | R7: 0 | S7: 0 | W7: Socraticidad 3/5 (Clarificación): Pregunta genérica: pide clarificación sin atacar la raíz del error. Precisión Conceptual 2/5 (Pobre): Pobre: responde de forma genérica sin diagnosticar el error conceptual. Buen desempeño general; hay margen de mejora en profundidad socrática.
A8: 107 | B8: 43 | C8: 1 | D8: 1 | E8: R1, R2, R3 y R4 porque R5 se quita | F8: ¿Cuáles de las resistoridades (R1, R2, R3, R4, R5) forman una ruta continua desde el nodo N1 hasta el tierra sin interrupción o cortocircuitos? | G8: 3 | H8: 3 | I8: 5 | J8: 5 | K8: 16 | L8: 2.875 | M8: 231 | N8: 20.87 | O8: AC1, AC6 | P8: AC6, AC9 | Q8: 0.5 | R8: 0.5 | S8: 0.5 | W8: Socraticidad 3/5 (Clarificación): Pregunta genérica: pide clarificación sin atacar la raíz del error. Precisión Conceptual 3/5 (Suficiente): Suficiente: identifica que hay un error y usa conceptos correctos, pero el diagnóstico es algo vago. Buen desempeño general; hay margen de mejora en profundidad socrática.
A9: 109 | B9: 43 | C9: 3 | D9: 1 | E9: R1, R4 y R5 porque R2 se elimina y R3 también | F9: ¿Cómo affects la presencia de R5 en la rutacontinua del circuito? ¿Qué roles jueban los resistorios R2 y R3 en la conexión desde N1 al tierra? | G9: 3 | H9: 2 | I9: 4 | J9: 5 | K9: 14 | L9: 2.824 | M9: 237 | N9: 21.25 | O9: AC1, AC6 | P9: AC9 | Q9: 0 | R9: 0 | S9: 0 | W9: Socraticidad 3/5 (Clarificación): Pregunta genérica: pide clarificación sin atacar la raíz del error. Precisión Conceptual 2/5 (Pobre): Respuesta genérica: sin vocabulario técnico ni diagnóstico del error. Buen desempeño general; hay margen de mejora en profundidad socrática.

Sheet Resultados_gemma
A1: ID | B1: Conversación | C1: Turno | D1: Ejercicio | E1: Respuesta Estudiante | F1: Respuesta Tutor Socrático | G1: Socraticidad | H1: Precisión Conceptual | I1: Consistencia | J1: Tasa Alucinación | K1: Score Total | L1: Latencia (s) | M1: Tokens | N1: Throughput (resp/min) | O1: ACs Esperadas | P1: ACs Detectadas | Q1: AC Precision | R1: AC Recall | S1: AC F1 | T1: Faithfulness | U1: Relevance | V1: Think Content | W1: Feedback Constructivo
A2: 21 | B2: 9 | C2: 1 | D2: 1 | E2: R1 y R2 dado que las dos resistencia forman un divisor de tensión | F2: Considerando que el interruptor entre N2 y N3 está abierto, ¿cómo afecta la ausencia de un camino directo entre esos nodos al valor del potencial en N2 con respecto a tierra, y qué papel juegan las resistencias R1 y R2 en ese proceso, específicamente en relación con el potencial en N2? | G2: 4 | H2: 3 | I2: 4 | J2: 5 | K2: 16 | L2: 1.323 | M2: 65 | N2: 45.37 | O2: AC9 | P2: AC1, AC9 | Q2: 0.5 | R2: 1 | S2: 0.667 | W2: Socraticidad 4/5 (Andamiaje para detección): Andamiaje para detección: identifica el área del error y plantea pregunta que confronta con la teoría. Precisión Conceptual 3/5 (Suficiente): Suficiente: identifica que hay un error y usa conceptos correctos, pero el diagnóstico es algo vago. Buen desempeño general; hay margen de mejora en profundidad socrática.
A3: 22 | B3: 9 | C3: 2 | D3: 1 | E3: R1 y R2 dado que se pide la tensión en R2 | F3: Si la corriente fluye a través de R2, ¿cómo se relaciona la intensidad de esa corriente con la diferencia de potencial que estás intentando medir a través de ella, y qué influencia tiene la resistencia de R2 en esa relación, específicamente en relación con la tensión en R2? | G3: 3 | H3: 3 | I3: 4 | J3: 5 | K3: 15 | L3: 1.142 | M3: 59 | N3: 52.54 | O3: AC9 | P3: AC1 | Q3: 0 | R3: 0 | S3: 0 | W3: Socraticidad 3/5 (Clarificación): Pregunta genérica: pide clarificación sin atacar la raíz del error. Precisión Conceptual 3/5 (Suficiente): Suficiente: identifica que hay un error y usa conceptos correctos, pero el diagnóstico es algo vago. Buen desempeño general; hay margen de mejora en profundidad socrática.
A4: 23 | B4: 9 | C4: 3 | D4: 1 | E4: R1 y R2 por identificar un divisor de tensión | F4: Asumiendo que el circuito está en equilibrio, ¿cómo se relacionaría la carga que fluye a través de R2 con la caída de tensión en R2, considerando la configuración del divisor de tensión? | G4: 3 | H4: 2 | I4: 4 | J4: 5 | K4: 14 | L4: 0.994 | M4: 43 | N4: 60.33 | O4: AC9 | Q4: 1 | R4: 0 | S4: 0 | W4: Socraticidad 3/5 (Clarificación): Pregunta genérica: pide clarificación sin atacar la raíz del error. Precisión Conceptual 2/5 (Pobre): Pobre: responde de forma genérica sin diagnosticar el error conceptual. Buen desempeño general; hay margen de mejora en profundidad socrática.
A5: 24 | B5: 10 | C5: 1 | D5: 1 | E5: R1 y R2 hacen un divisor de tensión | F5: Considerando que el interruptor está abierto, ¿qué efecto tiene la ausencia de una conexión continua entre N2 y N3 en la distribución del potencial a través de las resistencias R1 y R2, respectivamente? | G5: 3 | H5: 3 | I5: 4 | J5: 5 | K5: 15 | L5: 0.947 | M5: 44 | N5: 63.36 | O5: AC9 | P5: AC1, AC9 | Q5: 0.5 | R5: 1 | S5: 0.667 | W5: Socraticidad 3/5 (Clarificación): Pregunta genérica: pide clarificación sin atacar la raíz del error. Precisión Conceptual 3/5 (Suficiente): Suficiente: identifica que hay un error y usa conceptos correctos, pero el diagnóstico es algo vago. Buen desempeño general; hay margen de mejora en profundidad socrática.
A6: 25 | B6: 10 | C6: 2 | D6: 1 | E6: R1, R2, R3 y R4 porque R5 está cortocircuitada | F6: Si el circuito está cortocircuitado, ¿qué implicaría la presencia de una caída de voltaje cero a través de R5, considerando el comportamiento de los componentes en un cortocircuito? | G6: 3 | H6: 3 | I6: 3 | J6: 5 | K6: 14 | L6: 0.797 | M6: 40 | N6: 75.29 | O6: AC1, AC6 | P6: AC6 | Q6: 1 | R6: 0.5 | S6: 0.667 | W6: Socraticidad 3/5 (Clarificación): Pregunta genérica: pide clarificación sin atacar la raíz del error. Precisión Conceptual 3/5 (Suficiente): Suficiente: identifica que hay un error y usa conceptos correctos, pero el diagnóstico es algo vago. Buen desempeño general; hay margen de mejora en profundidad socrática.
A7: 26 | B7: 10 | C7: 3 | D7: 1 | E7: R1, R2, R3 y R4 porque por R5 no circula corriente | F7: Si R5 está cortocircuitada, ¿cómo afectaría la distribución de la corriente a través de los otros componentes del circuito, considerando la ley de Ohm y la resistencia de cada rama? | G7: 3 | H7: 3 | I7: 3 | J7: 5 | K7: 14 | L7: 0.783 | M7: 40 | N7: 76.67 | O7: AC1, AC6 | P7: AC1 | Q7: 1 | R7: 0.5 | S7: 0.667 | W7: Socraticidad 3/5 (Clarificación): Pregunta genérica: pide clarificación sin atacar la raíz del error. Precisión Conceptual 3/5 (Suficiente): Suficiente: identifica que hay un error y usa conceptos correctos, pero el diagnóstico es algo vago. Buen desempeño general; hay margen de mejora en profundidad socrática.
A8: 27 | B8: 11 | C8: 1 | D8: 1 | E8: R1, R2, R3 y R4 porque R5 se quita | F8: Considerando que R3 está en un circuito abierto y R5 está cortocircuitado, ¿qué papel juegan las resistencias R1, R2 y R4 en la determinación de la diferencia de potencial entre N2 y 0? | G8: 3 | H8: 4 | I8: 4 | J8: 5 | K8: 16 | L8: 1.11 | M8: 49 | N8: 54.06 | O8: AC1, AC6 | P8: AC1, AC9 | Q8: 0.5 | R8: 0.5 | S8: 0.5 | W8: Socraticidad 3/5 (Clarificación): Pregunta genérica: pide clarificación sin atacar la raíz del error. Precisión Conceptual 4/5 (Bueno): Bueno: identifica claramente la concepción alternativa con lenguaje técnico preciso. Buen desempeño general; hay margen de mejora en profundidad socrática.
A9: 28 | B9: 11 | C9: 2 | D9: 1 | E9: R1, R3 y R4 porque R2 está en paralelo con la fuente y R5 corctocircuitada | F9: Si R2 realmente está en paralelo con la fuente, ¿cómo afectaría esa configuración a la corriente que fluye a través de R1 y R3, considerando que R3 está abierto? | G9: 3 | H9: 3 | I9: 4 | J9: 5 | K9: 15 | L9: 0.925 | M9: 40 | N9: 64.87 | O9: AC1, AC6 | P9: AC1 | Q9: 1 | R9: 0.5 | S9: 0.667 | W9: Socraticidad 3/5 (Clarificación): Pregunta genérica: pide clarificación sin atacar la raíz del error. Precisión Conceptual 3/5 (Suficiente): Suficiente: identifica que hay un error y usa conceptos correctos, pero el diagnóstico es algo vago. Buen desempeño general; hay margen de mejora en profundidad socrática.
A10: 29 | B10: 11 | C10: 3 | D10: 1 | E10: R1, R4 y R5 porque R2 se elimina y R3 también | F10: Dado que R2 está efectivamente eliminada y R3 también está en un estado de circuito abierto, ¿qué efecto tiene esta modificación en la distribución de la corriente a través de las resistencias R1 y R4? | G10: 3 | H10: 4 | I10: 5 | J10: 5 | K10: 17 | L10: 0.928 | M10: 44 | N10: 64.67 | O10: AC1, AC6 | P10: AC1, AC9 | Q10: 0.5 | R10: 0.5 | S10: 0.5 | W10: Socraticidad 3/5 (Clarificación): Pregunta genérica: pide clarificación sin atacar la raíz del error. Precisión Conceptual 4/5 (Bueno): Bueno: identifica claramente la concepción alternativa con lenguaje técnico preciso. Tutor de alto rendimiento: guía socrática experta con diagnóstico preciso.
A11: 30 | B11: 12 | C11: 1 | D11: 1 | E11: R1 y R4 dado que R2 está en paralelo con la fuente, R3 en circuito abierto y R5 cortocircuitada | F11: Considerando que R3 está efectivamente en circuito abierto, ¿podrías describir cómo la presencia de R5, conectando dos nodos, podría afectar el flujo de corriente hacia N2? | G11: 3 | H11: 4 | I11: 3 | J11: 5 | K11: 15 | L11: 0.983 | M11: 39 | N11: 61.04 | O11: AC1, AC6 | P11: AC1 | Q11: 1 | R11: 0.5 | S11: 0.667 | W11: Socraticidad 3/5 (Clarificación): Pregunta genérica: pide clarificación sin atacar la raíz del error. Precisión Conceptual 4/5 (Bueno): Bueno: identifica claramente la concepción alternativa con lenguaje técnico preciso. Buen desempeño general; hay margen de mejora en profundidad socrática.

Sheet Resultados_gemma3_27b
A1: ID | B1: Conversación | C1: Turno | D1: Ejercicio | E1: Respuesta Estudiante | F1: Respuesta Tutor Socrático | G1: Socraticidad | H1: Precisión Conceptual | I1: Consistencia | J1: Tasa Alucinación | K1: Score Total | L1: Latencia (s) | M1: Tokens | N1: Throughput (resp/min) | O1: ACs Esperadas | P1: ACs Detectadas | Q1: AC Precision | R1: AC Recall | S1: AC F1 | T1: Faithfulness | U1: Relevance | V1: Think Content | W1: Feedback Constructivo
A2: 111 | B2: 45 | C2: 1 | D2: 1 | E2: R1 y R2 dado que las dos resistencia forman un divisor de tensión | F2: Considerando que el interruptor entre N2 y N3 está abierto, ¿cómo afecta esto al flujo de corriente a través de todas las resistencias conectadas a esos nodos? | G2: 4 | H2: 4 | I2: 3 | J2: 5 | K2: 16 | L2: 110.4 | M2: 36 | N2: 0.54 | O2: AC9 | P2: AC1, AC9 | Q2: 0.5 | R2: 1 | S2: 0.667 | W2: Socraticidad 4/5 (Andamiaje para detección): Andamiaje para detección: identifica el área del error y plantea pregunta que confronta con la teoría. Precisión Conceptual 4/5 (Bueno): Bueno: identifica claramente la concepción alternativa con lenguaje técnico preciso. Buen desempeño general; hay margen de mejora en profundidad socrática.
A3: 112 | B3: 45 | C3: 2 | D3: 1 | E3: R1 y R2 dado que se pide la tensión en R2 | F3: Si conoces el voltaje total aplicado al divisor de voltaje y la resistencia de R1, ¿qué información adicional necesitarías para calcular el voltaje en R2 utilizando el principio del divisor de voltaje? | G3: 3 | H3: 3 | I3: 5 | J3: 5 | K3: 16 | L3: 1.925 | M3: 40 | N3: 31.16 | O3: AC9 | Q3: 1 | R3: 0 | S3: 0 | W3: Socraticidad 3/5 (Clarificación): Pregunta genérica: pide clarificación sin atacar la raíz del error. Precisión Conceptual 3/5 (Suficiente): Suficiente: identifica que hay un error y usa conceptos correctos, pero el diagnóstico es algo vago. Buen desempeño general; hay margen de mejora en profundidad socrática.
A4: 113 | B4: 45 | C4: 3 | D4: 1 | E4: R1 y R2 por identificar un divisor de tensión | F4: Si el voltaje total se distribuye entre R1 y R2 en función de sus resistencias, ¿cómo describirías la relación matemática que define esta distribución en un divisor de voltaje? | G4: 3 | H4: 3 | I4: 5 | J4: 5 | K4: 16 | L4: 1.417 | M4: 37 | N4: 42.33 | O4: AC9 | P4: AC9 | Q4: 1 | R4: 1 | S4: 1 | W4: Socraticidad 3/5 (Clarificación): Pregunta genérica: pide clarificación sin atacar la raíz del error. Precisión Conceptual 3/5 (Suficiente): Suficiente: identifica que hay un error y usa conceptos correctos, pero el diagnóstico es algo vago. Buen desempeño general; hay margen de mejora en profundidad socrática.
A5: 114 | B5: 46 | C5: 1 | D5: 1 | E5: R1 y R2 hacen un divisor de tensión | F5: Si consideramos el nodo N2, ¿existe alguna otra ruta para la corriente hacia tierra, además de la que mencionas, que podría influir en el potencial en ese punto? | G5: 3 | H5: 3 | I5: 3 | J5: 5 | K5: 14 | L5: 1.677 | M5: 38 | N5: 35.78 | O5: AC9 | P5: AC1, AC9 | Q5: 0.5 | R5: 1 | S5: 0.667 | W5: Socraticidad 3/5 (Clarificación): Pregunta genérica: pide clarificación sin atacar la raíz del error. Precisión Conceptual 3/5 (Suficiente): Suficiente: identifica que hay un error y usa conceptos correctos, pero el diagnóstico es algo vago. Buen desempeño general; hay margen de mejora en profundidad socrática.
A6: 115 | B6: 46 | C6: 2 | D6: 1 | E6: R1, R2, R3 y R4 porque R5 está cortocircuitada | F6: Si R5 está en cortocircuito, ¿cómo afecta esto a la corriente que fluye a través de R4 y, por lo tanto, a la efectividad del divisor de tensión formado por R1 y R2? | G6: 4 | H6: 4 | I6: 4 | J6: 5 | K6: 17 | L6: 2.296 | M6: 47 | N6: 26.13 | O6: AC1, AC6 | P6: AC1, AC6 | Q6: 1 | R6: 1 | S6: 1 | W6: Socraticidad 4/5 (Andamiaje para detección): Andamiaje para detección: identifica el área del error y plantea pregunta que confronta con la teoría. Precisión Conceptual 4/5 (Bueno): Bueno: identifica claramente la concepción alternativa con lenguaje técnico preciso. Tutor de alto rendimiento: guía socrática experta con diagnóstico preciso.
A7: 116 | B7: 46 | C7: 3 | D7: 1 | E7: R1, R2, R3 y R4 porque por R5 no circula corriente | F7: Si no circula corriente por R5 debido al cortocircuito, ¿cómo describirías la diferencia de potencial entre los extremos de este componente y cómo impacta esto en el resto del circuito? | G7: 3 | H7: 4 | I7: 3 | J7: 5 | K7: 15 | L7: 1.939 | M7: 39 | N7: 30.95 | O7: AC1, AC6 | P7: AC1, AC6, AC9 | Q7: 0.667 | R7: 1 | S7: 0.8 | W7: Socraticidad 3/5 (Clarificación): Pregunta genérica: pide clarificación sin atacar la raíz del error. Precisión Conceptual 4/5 (Bueno): Bueno: identifica claramente la concepción alternativa con lenguaje técnico preciso. Buen desempeño general; hay margen de mejora en profundidad socrática.
A8: 117 | B8: 47 | C8: 1 | D8: 1 | E8: R1, R2, R3 y R4 porque R5 se quita | F8: Si revisas el netlist, ¿qué relación observas entre los nodos conectados a los terminales de R5, y cómo afecta esto al flujo de corriente en esa rama? | G8: 3 | H8: 4 | I8: 3 | J8: 5 | K8: 15 | L8: 1.826 | M8: 37 | N8: 32.87 | O8: AC1, AC6 | P8: AC1, AC6 | Q8: 1 | R8: 1 | S8: 1 | W8: Socraticidad 3/5 (Clarificación): Pregunta genérica: pide clarificación sin atacar la raíz del error. Precisión Conceptual 4/5 (Bueno): Bueno: identifica claramente la concepción alternativa con lenguaje técnico preciso. Buen desempeño general; hay margen de mejora en profundidad socrática.
A9: 118 | B9: 47 | C9: 2 | D9: 1 | E9: R1, R3 y R4 porque R2 está en paralelo con la fuente y R5 corctocircuitada | F9: Considerando que un cortocircuito implica una resistencia cercana a cero, ¿cómo impacta esto en la distribución de la corriente total del circuito y en la tensión sobre los demás componentes en paralelo? | G9: 3 | H9: 4 | I9: 3 | J9: 5 | K9: 15 | L9: 1.497 | M9: 40 | N9: 40.09 | O9: AC1, AC6 | P9: AC1, AC6 | Q9: 1 | R9: 1 | S9: 1 | W9: Socraticidad 3/5 (Clarificación): Pregunta genérica: pide clarificación sin atacar la raíz del error. Precisión Conceptual 4/5 (Bueno): Bueno: identifica claramente la concepción alternativa con lenguaje técnico preciso. Buen desempeño general; hay margen de mejora en profundidad socrática.
A10: 119 | B10: 47 | C10: 3 | D10: 1 | E10: R1, R4 y R5 porque R2 se elimina y R3 también | F10: Si R2 está en paralelo con la fuente, ¿cómo afecta su eliminación a la corriente que circula por R1 y R4, considerando las leyes de los circuitos eléctricos? | G10: 4 | H10: 3 | I10: 4 | J10: 5 | K10: 16 | L10: 1.72 | M10: 36 | N10: 34.87 | O10: AC1, AC6 | P10: AC1 | Q10: 1 | R10: 0.5 | S10: 0.667 | W10: Socraticidad 4/5 (Andamiaje para detección): Andamiaje para detección: identifica el área del error y plantea pregunta que confronta con la teoría. Precisión Conceptual 3/5 (Suficiente): Suficiente: identifica que hay un error y usa conceptos correctos, pero el diagnóstico es algo vago. Buen desempeño general; hay margen de mejora en profundidad socrática.
A11: 120 | B11: 48 | C11: 1 | D11: 1 | E11: R1 y R4 dado que R2 está en paralelo con la fuente, R3 en circuito abierto y R5 cortocircuitada | F11: Considerando que R2 está en paralelo con la fuente, ¿cómo afecta esta configuración a la corriente que fluye a través de R2 en comparación con la que fluye a través de R1? | G11: 4 | H11: 3 | I11: 3 | J11: 5 | K11: 15 | L11: 1.906 | M11: 42 | N11: 31.48 | O11: AC1, AC6 | P11: AC1 | Q11: 1 | R11: 0.5 | S11: 0.667 | W11: Socraticidad 4/5 (Andamiaje para detección): Andamiaje para detección: identifica el área del error y plantea pregunta que confronta con la teoría. Precisión Conceptual 3/5 (Suficiente): Suficiente: identifica que hay un error y usa conceptos correctos, pero el diagnóstico es algo vago. Buen desempeño general; hay margen de mejora en profundidad socrática.

Sheet Resultados_gemma3_4b
A1: ID | B1: Conversación | C1: Turno | D1: Ejercicio | E1: Respuesta Estudiante | F1: Respuesta Tutor Socrático | G1: Socraticidad | H1: Precisión Conceptual | I1: Consistencia | J1: Tasa Alucinación | K1: Score Total | L1: Latencia (s) | M1: Tokens | N1: Throughput (resp/min) | O1: ACs Esperadas | P1: ACs Detectadas | Q1: AC Precision | R1: AC Recall | S1: AC F1 | T1: Faithfulness | U1: Relevance | V1: Think Content | W1: Feedback Constructivo
A2: 91 | B2: 37 | C2: 1 | D2: 1 | E2: R1 y R2 dado que las dos resistencia forman un divisor de tensión | F2: Considerando que el interruptor entre N2 y N3 está abierto, ¿cómo afecta esta condición a la distribución de la corriente y, por lo tanto, a la caída de tensión en las resistencias R1 y R2 que has identificado? | G2: 4 | H2: 3 | I2: 5 | J2: 5 | K2: 17 | L2: 0.911 | M2: 50 | N2: 65.87 | O2: AC9 | P2: AC1, AC9 | Q2: 0.5 | R2: 1 | S2: 0.667 | W2: Socraticidad 4/5 (Andamiaje para detección): Andamiaje para detección: identifica el área del error y plantea pregunta que confronta con la teoría. Precisión Conceptual 3/5 (Suficiente): Suficiente: identifica que hay un error y usa conceptos correctos, pero el diagnóstico es algo vago. Tutor de alto rendimiento: guía socrática experta con diagnóstico preciso.
A3: 92 | B3: 37 | C3: 2 | D3: 1 | E3: R1 y R2 dado que se pide la tensión en R2 | F3: Si la corriente total fluye a través de R1, ¿cómo se relaciona la magnitud de esa corriente con la caída de tensión en R2, considerando la ley de Ohm? | G3: 3 | H3: 3 | I3: 5 | J3: 5 | K3: 16 | L3: 0.778 | M3: 37 | N3: 77.1 | O3: AC9 | P3: AC1 | Q3: 0 | R3: 0 | S3: 0 | W3: Socraticidad 3/5 (Clarificación): Pregunta genérica: pide clarificación sin atacar la raíz del error. Precisión Conceptual 3/5 (Suficiente): Suficiente: identifica que hay un error y usa conceptos correctos, pero el diagnóstico es algo vago. Buen desempeño general; hay margen de mejora en profundidad socrática.
A4: 93 | B4: 37 | C4: 3 | D4: 1 | E4: R1 y R2 por identificar un divisor de tensión | F4: Si la corriente que fluye a través de R1 es la misma que fluye a través de R2, ¿qué implica esto sobre la relación entre las resistencias y la tensión total en el circuito? | G4: 3 | H4: 3 | I4: 4 | J4: 5 | K4: 15 | L4: 0.797 | M4: 42 | N4: 75.33 | O4: AC9 | P4: AC1, AC9 | Q4: 0.5 | R4: 1 | S4: 0.667 | W4: Socraticidad 3/5 (Clarificación): Pregunta genérica: pide clarificación sin atacar la raíz del error. Precisión Conceptual 3/5 (Suficiente): Suficiente: identifica que hay un error y usa conceptos correctos, pero el diagnóstico es algo vago. Buen desempeño general; hay margen de mejora en profundidad socrática.
A5: 94 | B5: 38 | C5: 1 | D5: 1 | E5: R1 y R2 hacen un divisor de tensión | F5: Si la diferencia de potencial entre N2 y 0 depende únicamente de R1 y R2, ¿qué sucede con el flujo de corriente a través de estas resistencias cuando el interruptor entre N2 y N3 está abierto, y cómo afecta esto al valor del voltaje en N2?. | G5: 1 | H5: 3 | I5: 3 | J5: 5 | K5: 12 | L5: 0.912 | M5: 59 | N5: 65.76 | O5: AC9 | P5: AC1, AC9 | Q5: 0.5 | R5: 1 | S5: 0.667 | W5: Socraticidad 1/5 (Instructivo): No termina en pregunta; el tutor es instructivo. Precisión Conceptual 3/5 (Suficiente): Suficiente: identifica que hay un error y usa conceptos correctos, pero el diagnóstico es algo vago. Desempeño aceptable; necesita mejorar precisión o metodología socrática.
A6: 95 | B6: 38 | C6: 2 | D6: 1 | E6: R1, R2, R3 y R4 porque R5 está cortocircuitada | F6: Si la corriente fluye a través de R3 y R4 cuando el interruptor está cerrado, ¿cómo se relaciona la resistencia de R5 con la configuración del circuito y el flujo de corriente a través de las resistencias R3 y R4, respectivamente? | G6: 3 | H6: 4 | I6: 3 | J6: 5 | K6: 15 | L6: 0.861 | M6: 53 | N6: 69.71 | O6: AC1, AC6 | P6: AC1, AC9 | Q6: 0.5 | R6: 0.5 | S6: 0.5 | W6: Socraticidad 3/5 (Clarificación): Pregunta genérica: pide clarificación sin atacar la raíz del error. Precisión Conceptual 4/5 (Bueno): Bueno: identifica claramente la concepción alternativa con lenguaje técnico preciso. Buen desempeño general; hay margen de mejora en profundidad socrática.
A7: 96 | B7: 38 | C7: 3 | D7: 1 | E7: R1, R2, R3 y R4 porque por R5 no circula corriente | F7: Considerando que R5 está efectivamente en cortocircuito, ¿cómo se altera la distribución de la corriente a través de R1, R2, R3 y R4, y qué implica esto para la caída de tensión en cada una de ellas? | G7: 3 | H7: 4 | I7: 5 | J7: 5 | K7: 17 | L7: 0.826 | M7: 52 | N7: 72.66 | O7: AC1, AC6 | P7: AC1, AC6 | Q7: 1 | R7: 1 | S7: 1 | W7: Socraticidad 3/5 (Clarificación): Pregunta genérica: pide clarificación sin atacar la raíz del error. Precisión Conceptual 4/5 (Bueno): Bueno: identifica claramente la concepción alternativa con lenguaje técnico preciso. Tutor de alto rendimiento: guía socrática experta con diagnóstico preciso.
A8: 97 | B8: 39 | C8: 1 | D8: 1 | E8: R1, R2, R3 y R4 porque R5 se quita | F8: Considerando que R3 está físicamente desconectada, ¿cómo afecta esta desconexión al flujo de corriente y, por lo tanto, a la diferencia de potencial entre N2 y 0? | G8: 4 | H8: 3 | I8: 3 | J8: 5 | K8: 15 | L8: 0.967 | M8: 42 | N8: 62.04 | O8: AC1, AC6 | P8: AC1 | Q8: 1 | R8: 0.5 | S8: 0.667 | W8: Socraticidad 4/5 (Andamiaje para detección): Andamiaje para detección: identifica el área del error y plantea pregunta que confronta con la teoría. Precisión Conceptual 3/5 (Suficiente): Suficiente: identifica que hay un error y usa conceptos correctos, pero el diagnóstico es algo vago. Buen desempeño general; hay margen de mejora en profundidad socrática.
A9: 98 | B9: 39 | C9: 2 | D9: 1 | E9: R1, R3 y R4 porque R2 está en paralelo con la fuente y R5 corctocircuitada | F9: Si R2 ahora forma un paralelo con la fuente, ¿cómo cambiaría la relación entre la corriente que fluye a través de R1 y R4, y cómo se vería esto en términos de la caída de voltaje en cada resistor? | G9: 3 | H9: 3 | I9: 4 | J9: 5 | K9: 15 | L9: 0.87 | M9: 50 | N9: 68.97 | O9: AC1, AC6 | P9: AC1 | Q9: 1 | R9: 0.5 | S9: 0.667 | W9: Socraticidad 3/5 (Clarificación): Pregunta genérica: pide clarificación sin atacar la raíz del error. Precisión Conceptual 3/5 (Suficiente): Suficiente: identifica que hay un error y usa conceptos correctos, pero el diagnóstico es algo vago. Buen desempeño general; hay margen de mejora en profundidad socrática.
A10: 99 | B10: 39 | C10: 3 | D10: 1 | E10: R1, R4 y R5 porque R2 se elimina y R3 también | F10: Si R3 también se elimina, ¿cómo influye esta desconexión adicional en la distribución de la corriente y la tensión a lo largo de los componentes restantes del circuito? | G10: 4 | H10: 3 | I10: 3 | J10: 5 | K10: 15 | L10: 0.775 | M10: 36 | N10: 77.43 | O10: AC1, AC6 | P10: AC1 | Q10: 1 | R10: 0.5 | S10: 0.667 | W10: Socraticidad 4/5 (Andamiaje para detección): Andamiaje para detección: identifica el área del error y plantea pregunta que confronta con la teoría. Precisión Conceptual 3/5 (Suficiente): Suficiente: identifica que hay un error y usa conceptos correctos, pero el diagnóstico es algo vago. Buen desempeño general; hay margen de mejora en profundidad socrática.
A11: 100 | B11: 40 | C11: 1 | D11: 1 | E11: R1 y R4 dado que R2 está en paralelo con la fuente, R3 en circuito abierto y R5 cortocircuitada | F11: Considerando que R3 está efectivamente en circuito abierto, ¿qué efecto tiene la presencia de un cortocircuito en R5 sobre la trayectoria de la corriente desde la fuente hacia el nodo N2, y cómo podría esto influir en el potencial entre N2 y tierra?. | G11: 1 | H11: 5 | I11: 3 | J11: 5 | K11: 14 | L11: 0.894 | M11: 56 | N11: 67.08 | O11: AC1, AC6 | P11: AC1, AC6, AC9 | Q11: 0.667 | R11: 1 | S11: 0.8 | W11: Socraticidad 1/5 (Instructivo): No termina en pregunta; el tutor es instructivo. Precisión Conceptual 5/5 (Excelente): Excelente: identifica la concepción alternativa específica y la conecta con la topología del circuito. Buen desempeño general; hay margen de mejora en profundidad socrática.

Sheet Resultados_llama-mini
A1: ID | B1: Conversación | C1: Turno | D1: Ejercicio | E1: Respuesta Estudiante | F1: Respuesta Tutor Socrático | G1: Socraticidad | H1: Precisión Conceptual | I1: Consistencia | J1: Tasa Alucinación | K1: Score Total | L1: Latencia (s) | M1: Tokens | N1: Throughput (resp/min) | O1: ACs Esperadas | P1: ACs Detectadas | Q1: AC Precision | R1: AC Recall | S1: AC F1 | T1: Faithfulness | U1: Relevance | V1: Think Content | W1: Feedback Constructivo
A2: 11 | B2: 5 | C2: 1 | D2: 1 | E2: R1 y R2 dado que las dos resistencia forman un divisor de tensión | F2: ¿No estaría también R4 en el camino entre N2 y tierra, afectando así la diferencia de potencial?. | G2: 1 | H2: 3 | I2: 3 | J2: 5 | K2: 12 | L2: 53.957 | M2: 27 | N2: 1.11 | O2: AC9 | P2: AC1, AC9 | Q2: 0.5 | R2: 1 | S2: 0.667 | W2: Socraticidad 1/5 (Instructivo): No termina en pregunta; el tutor es instructivo. Precisión Conceptual 3/5 (Suficiente): Suficiente: identifica que hay un error y usa conceptos correctos, pero el diagnóstico es algo vago. Desempeño aceptable; necesita mejorar precisión o metodología socrática.
A3: 12 | B3: 5 | C3: 2 | D3: 1 | E3: R1 y R2 dado que se pide la tensión en R2 | F3: ¿Cómo podría afectar el valor de R1 a la relación entre las tensiones V2/V1 si se cumple la condición de que R1=R2?. | G3: 1 | H3: 2 | I3: 5 | J3: 5 | K3: 13 | L3: 0.819 | M3: 36 | N3: 73.3 | O3: AC9 | Q3: 1 | R3: 0 | S3: 0 | W3: Socraticidad 1/5 (Instructivo): No termina en pregunta; el tutor es instructivo. Precisión Conceptual 2/5 (Pobre): Respuesta genérica: sin vocabulario técnico ni diagnóstico del error. Buen desempeño general; hay margen de mejora en profundidad socrática.
A4: 13 | B4: 5 | C4: 3 | D4: 1 | E4: R1 y R2 por identificar un divisor de tensión | F4: ¿Es entonces una propiedad clave del divisor de tensión que no importa el valor real de las resistencias?. | G4: 1 | H4: 3 | I4: 3 | J4: 5 | K4: 12 | L4: 0.591 | M4: 24 | N4: 101.55 | O4: AC9 | P4: AC9 | Q4: 1 | R4: 1 | S4: 1 | W4: Socraticidad 1/5 (Instructivo): No termina en pregunta; el tutor es instructivo. Precisión Conceptual 3/5 (Suficiente): Suficiente: identifica que hay un error y usa conceptos correctos, pero el diagnóstico es algo vago. Desempeño aceptable; necesita mejorar precisión o metodología socrática.
A5: 14 | B5: 6 | C5: 1 | D5: 1 | E5: R1 y R2 hacen un divisor de tensión | F5: ¿Si R1 y R2 están en paralelo, ¿cómo influye su conexión sobre el funcionamiento del divisor de tensión entre N2 y 0? | G5: 4 | H5: 3 | I5: 5 | J5: 5 | K5: 17 | L5: 0.873 | M5: 37 | N5: 68.69 | O5: AC9 | P5: AC1 | Q5: 0 | R5: 0 | S5: 0 | W5: Socraticidad 4/5 (Andamiaje para detección): Andamiaje para detección: identifica el área del error y plantea pregunta que confronta con la teoría. Precisión Conceptual 3/5 (Suficiente): Suficiente: identifica que hay un error y usa conceptos correctos, pero el diagnóstico es algo vago. Tutor de alto rendimiento: guía socrática experta con diagnóstico preciso.
A6: 15 | B6: 6 | C6: 2 | D6: 1 | E6: R1, R2, R3 y R4 porque R5 está cortocircuitada | F6: ¿Cuál es el efecto sobre la resistencia equivalente cuando R5 está conectada y no hay un cortocircuito? | G6: 3 | H6: 3 | I6: 3 | J6: 5 | K6: 14 | L6: 1.151 | M6: 29 | N6: 52.11 | O6: AC1, AC6 | P6: AC6 | Q6: 1 | R6: 0.5 | S6: 0.667 | W6: Socraticidad 3/5 (Clarificación): Pregunta genérica: pide clarificación sin atacar la raíz del error. Precisión Conceptual 3/5 (Suficiente): Suficiente: identifica que hay un error y usa conceptos correctos, pero el diagnóstico es algo vago. Buen desempeño general; hay margen de mejora en profundidad socrática.
A7: 16 | B7: 6 | C7: 3 | D7: 1 | E7: R1, R2, R3 y R4 porque por R5 no circula corriente | F7: ¿Puede la resistencia de R5 influir en el flujo de corriente a través del circuito si efectivamente no hay un cortocircuito? | G7: 3 | H7: 4 | I7: 3 | J7: 5 | K7: 15 | L7: 0.87 | M7: 36 | N7: 68.93 | O7: AC1, AC6 | P7: AC1, AC6 | Q7: 1 | R7: 1 | S7: 1 | W7: Socraticidad 3/5 (Clarificación): Pregunta genérica: pide clarificación sin atacar la raíz del error. Precisión Conceptual 4/5 (Bueno): Bueno: identifica claramente la concepción alternativa con lenguaje técnico preciso. Buen desempeño general; hay margen de mejora en profundidad socrática.
A8: 17 | B8: 7 | C8: 1 | D8: 1 | E8: R1, R2, R3 y R4 porque R5 se quita | F8: ¿Qué sucede con una rama de un circuito eléctrico si no tiene camino para que circule corriente? | G8: 3 | H8: 3 | I8: 3 | J8: 5 | K8: 14 | L8: 0.819 | M8: 28 | N8: 73.22 | O8: AC1, AC6 | P8: AC1, AC9 | Q8: 0.5 | R8: 0.5 | S8: 0.5 | W8: Socraticidad 3/5 (Clarificación): Pregunta genérica: pide clarificación sin atacar la raíz del error. Precisión Conceptual 3/5 (Suficiente): Suficiente: identifica que hay un error y usa conceptos correctos, pero el diagnóstico es algo vago. Buen desempeño general; hay margen de mejora en profundidad socrática.
A9: 18 | B9: 7 | C9: 2 | D9: 1 | E9: R1, R3 y R4 porque R2 está en paralelo con la fuente y R5 corctocircuitada | F9: ¿Qué ocurre cuando dos resistencias están conectadas entre una fuente y tierra, pero solo una de ellas está directamente alimentada por la fuente? | G9: 3 | H9: 2 | I9: 3 | J9: 5 | K9: 13 | L9: 0.755 | M9: 35 | N9: 79.5 | O9: AC1, AC6 | P9: AC1, AC9 | Q9: 0.5 | R9: 0.5 | S9: 0.5 | W9: Socraticidad 3/5 (Clarificación): Pregunta genérica: pide clarificación sin atacar la raíz del error. Precisión Conceptual 2/5 (Pobre): Pobre: responde de forma genérica sin diagnosticar el error conceptual. Buen desempeño general; hay margen de mejora en profundidad socrática.
A10: 19 | B10: 7 | C10: 3 | D10: 1 | E10: R1, R4 y R5 porque R2 se elimina y R3 también | F10: ¿Puede un circuito eléctrico seguir funcionando correctamente si hay una conexión directa entre dos puntos? | G10: 3 | H10: 2 | I10: 3 | J10: 5 | K10: 13 | L10: 0.666 | M10: 24 | N10: 90.07 | O10: AC1, AC6 | P10: AC9 | Q10: 0 | R10: 0 | S10: 0 | W10: Socraticidad 3/5 (Clarificación): Pregunta genérica: pide clarificación sin atacar la raíz del error. Precisión Conceptual 2/5 (Pobre): Respuesta genérica: sin vocabulario técnico ni diagnóstico del error. Buen desempeño general; hay margen de mejora en profundidad socrática.
A11: 20 | B11: 8 | C11: 1 | D11: 1 | E11: R1 y R4 dado que R2 está en paralelo con la fuente, R3 en circuito abierto y R5 cortocircuitada | F11: ¿Qué pasaría con el valor de R2 si fuese sustituido por una resistencia perfectamente conductora? | G11: 3 | H11: 2 | I11: 3 | J11: 5 | K11: 13 | L11: 0.961 | M11: 26 | N11: 62.46 | O11: AC1, AC6 | Q11: 1 | R11: 0 | S11: 0 | W11: Socraticidad 3/5 (Clarificación): Pregunta genérica: pide clarificación sin atacar la raíz del error. Precisión Conceptual 2/5 (Pobre): Pobre: responde de forma genérica sin diagnosticar el error conceptual. Buen desempeño general; hay margen de mejora en profundidad socrática.

Sheet Resultados_llama3.1_8b
A1: ID | B1: Conversación | C1: Turno | D1: Ejercicio | E1: Respuesta Estudiante | F1: Respuesta Tutor Socrático | G1: Socraticidad | H1: Precisión Conceptual | I1: Consistencia | J1: Tasa Alucinación | K1: Score Total | L1: Latencia (s) | M1: Tokens | N1: Throughput (resp/min) | O1: ACs Esperadas | P1: ACs Detectadas | Q1: AC Precision | R1: AC Recall | S1: AC F1 | T1: Faithfulness | U1: Relevance | V1: Think Content | W1: Feedback Constructivo
A2: 71 | B2: 29 | C2: 1 | D2: 1 | E2: R1 y R2 dado que las dos resistencia forman un divisor de tensión | F2: ¿Cuál es el valor de la diferencia de potencial entre N2 y 0 si se desconecta R1 del circuito, dejando intactas las otras resistencias?. | G2: 1 | H2: 3 | I2: 4 | J2: 5 | K2: 13 | L2: 3.758 | M2: 38 | N2: 15.97 | O2: AC9 | P2: AC1, AC9 | Q2: 0.5 | R2: 1 | S2: 0.667 | W2: Socraticidad 1/5 (Instructivo): No termina en pregunta; el tutor es instructivo. Precisión Conceptual 3/5 (Suficiente): Suficiente: identifica que hay un error y usa conceptos correctos, pero el diagnóstico es algo vago. Buen desempeño general; hay margen de mejora en profundidad socrática.
A3: 72 | B3: 29 | C3: 2 | D3: 1 | E3: R1 y R2 dado que se pide la tensión en R2 | F3: ¿Qué ocurre con el valor de la resistencia equivalente del divisor de tensión si se conecta R1 en paralelo a R3?. | G3: 1 | H3: 3 | I3: 4 | J3: 5 | K3: 13 | L3: 0.626 | M3: 33 | N3: 95.82 | O3: AC9 | Q3: 1 | R3: 0 | S3: 0 | W3: Socraticidad 1/5 (Instructivo): No termina en pregunta; el tutor es instructivo. Precisión Conceptual 3/5 (Suficiente): Suficiente: identifica que hay un error y usa conceptos correctos, pero el diagnóstico es algo vago. Buen desempeño general; hay margen de mejora en profundidad socrática.
A4: 73 | B4: 29 | C4: 3 | D4: 1 | E4: R1 y R2 por identificar un divisor de tensión | F4: ¿Cuál es el valor de R3 en comparación con R1 y R2 para mantener la proporción del divisor de tensión?. | G4: 1 | H4: 2 | I4: 5 | J4: 5 | K4: 13 | L4: 0.636 | M4: 31 | N4: 94.29 | O4: AC9 | Q4: 1 | R4: 0 | S4: 0 | W4: Socraticidad 1/5 (Instructivo): No termina en pregunta; el tutor es instructivo. Precisión Conceptual 2/5 (Pobre): Pobre: responde de forma genérica sin diagnosticar el error conceptual. Buen desempeño general; hay margen de mejora en profundidad socrática.
A5: 74 | B5: 30 | C5: 1 | D5: 1 | E5: R1 y R2 hacen un divisor de tensión | F5: ¿Y qué sucede con las resistencias entre N2 y 0 cuando R1 y R2 están en serie, no en paralelo? | G5: 3 | H5: 3 | I5: 5 | J5: 5 | K5: 16 | L5: 0.799 | M5: 32 | N5: 75.07 | O5: AC9 | P5: AC9 | Q5: 1 | R5: 1 | S5: 1 | W5: Socraticidad 3/5 (Clarificación): Pregunta genérica: pide clarificación sin atacar la raíz del error. Precisión Conceptual 3/5 (Suficiente): Suficiente: identifica que hay un error y usa conceptos correctos, pero el diagnóstico es algo vago. Buen desempeño general; hay margen de mejora en profundidad socrática.
A6: 75 | B6: 30 | C6: 2 | D6: 1 | E6: R1, R2, R3 y R4 porque R5 está cortocircuitada | F6: ¿Cómo sabes con certeza que R5 está cortocircuitada y no es simplemente un interruptor abierto o una conexión rotura? | G6: 1 | H6: 2 | I6: 3 | J6: 5 | K6: 11 | L6: 0.65 | M6: 32 | N6: 92.32 | O6: AC1, AC6 | P6: AC1 | Q6: 1 | R6: 0.5 | S6: 0.667 | W6: Socraticidad 1/5 (Instructivo): Da la respuesta directamente antes de preguntar. Precisión Conceptual 2/5 (Pobre): Pobre: responde de forma genérica sin diagnosticar el error conceptual. Desempeño aceptable; necesita mejorar precisión o metodología socrática.
A7: 76 | B7: 30 | C7: 3 | D7: 1 | E7: R1, R2, R3 y R4 porque por R5 no circula corriente | F7: ¿Puedes explicarme cómo la presencia o ausencia de una corriente afecta a los nodos en serie? | G7: 3 | H7: 3 | I7: 3 | J7: 5 | K7: 14 | L7: 0.582 | M7: 28 | N7: 103.05 | O7: AC1, AC6 | P7: AC1 | Q7: 1 | R7: 0.5 | S7: 0.667 | W7: Socraticidad 3/5 (Clarificación): Pregunta genérica: pide clarificación sin atacar la raíz del error. Precisión Conceptual 3/5 (Suficiente): Suficiente: identifica que hay un error y usa conceptos correctos, pero el diagnóstico es algo vago. Buen desempeño general; hay margen de mejora en profundidad socrática.
A8: 77 | B8: 31 | C8: 1 | D8: 1 | E8: R1, R2, R3 y R4 porque R5 se quita | F8: ¿Podría haber corriente circulando por una rama interrumpida en el circuito?. | G8: 1 | H8: 2 | I8: 3 | J8: 5 | K8: 11 | L8: 1.006 | M8: 25 | N8: 59.64 | O8: AC1, AC6 | P8: AC1 | Q8: 1 | R8: 0.5 | S8: 0.667 | W8: Socraticidad 1/5 (Instructivo): No termina en pregunta; el tutor es instructivo. Precisión Conceptual 2/5 (Pobre): Pobre: responde de forma genérica sin diagnosticar el error conceptual. Desempeño aceptable; necesita mejorar precisión o metodología socrática.
A9: 78 | B9: 31 | C9: 2 | D9: 1 | E9: R1, R3 y R4 porque R2 está en paralelo con la fuente y R5 corctocircuitada | F9: ¿Cuál es el efecto de conectar una resistencia en paralelo a la fuente en un circuito?. | G9: 1 | H9: 3 | I9: 3 | J9: 5 | K9: 12 | L9: 0.526 | M9: 26 | N9: 114.07 | O9: AC1, AC6 | Q9: 1 | R9: 0 | S9: 0 | W9: Socraticidad 1/5 (Instructivo): No termina en pregunta; el tutor es instructivo. Precisión Conceptual 3/5 (Suficiente): Suficiente: identifica que hay un error y usa conceptos correctos, pero el diagnóstico es algo vago. Desempeño aceptable; necesita mejorar precisión o metodología socrática.
A10: 79 | B10: 31 | C10: 3 | D10: 1 | E10: R1, R4 y R5 porque R2 se elimina y R3 también | F10: ¿Qué ocurriría si la resistencia en paralelo con la fuente no fuera R2 sino otra resistencia del circuito?. | G10: 1 | H10: 3 | I10: 3 | J10: 5 | K10: 12 | L10: 0.594 | M10: 31 | N10: 101.03 | O10: AC1, AC6 | Q10: 1 | R10: 0 | S10: 0 | W10: Socraticidad 1/5 (Instructivo): No termina en pregunta; el tutor es instructivo. Precisión Conceptual 3/5 (Suficiente): Suficiente: identifica que hay un error y usa conceptos correctos, pero el diagnóstico es algo vago. Desempeño aceptable; necesita mejorar precisión o metodología socrática.
A11: 80 | B11: 32 | C11: 1 | D11: 1 | E11: R1 y R4 dado que R2 está en paralelo con la fuente, R3 en circuito abierto y R5 cortocircuitada | F11: ¿Puedes explicar por qué piensas que R2 está en paralelo con la fuente, cuando no hay nada entre el nudo N1 y la fuente? | G11: 3 | H11: 2 | I11: 3 | J11: 5 | K11: 13 | L11: 0.735 | M11: 40 | N11: 81.64 | O11: AC1, AC6 | Q11: 1 | R11: 0 | S11: 0 | W11: Socraticidad 3/5 (Clarificación): Clarificación: pide que el alumno explique su razonamiento. Precisión Conceptual 2/5 (Pobre): Pobre: responde de forma genérica sin diagnosticar el error conceptual. Buen desempeño general; hay margen de mejora en profundidad socrática.

Sheet Resultados_llama3.2_3b
A1: ID | B1: Conversación | C1: Turno | D1: Ejercicio | E1: Respuesta Estudiante | F1: Respuesta Tutor Socrático | G1: Socraticidad | H1: Precisión Conceptual | I1: Consistencia | J1: Tasa Alucinación | K1: Score Total | L1: Latencia (s) | M1: Tokens | N1: Throughput (resp/min) | O1: ACs Esperadas | P1: ACs Detectadas | Q1: AC Precision | R1: AC Recall | S1: AC F1 | T1: Faithfulness | U1: Relevance | V1: Think Content | W1: Feedback Constructivo
A2: 81 | B2: 33 | C2: 1 | D2: 1 | E2: R1 y R2 dado que las dos resistencia forman un divisor de tensión | F2: ¿Cuál es el componente del camino entre N2 y tierra, a menos que se forme un cortocircuito en esa rama? | G2: 3 | H2: 3 | I2: 3 | J2: 5 | K2: 14 | L2: 22.243 | M2: 31 | N2: 2.7 | O2: AC9 | P2: AC1, AC6, AC9 | Q2: 0.333 | R2: 1 | S2: 0.5 | W2: Socraticidad 3/5 (Clarificación): Pregunta genérica: pide clarificación sin atacar la raíz del error. Precisión Conceptual 3/5 (Suficiente): Suficiente: identifica que hay un error y usa conceptos correctos, pero el diagnóstico es algo vago. Buen desempeño general; hay margen de mejora en profundidad socrática.
A3: 82 | B3: 33 | C3: 2 | D3: 1 | E3: R1 y R2 dado que se pide la tensión en R2 | F3: ¿Qué sucede con el voltaje aplicado a R1 cuando se conecta un interruptor que abre la circuitería entre R1 y N2? | G3: 4 | H3: 3 | I3: 4 | J3: 5 | K3: 16 | L3: 0.54 | M3: 35 | N3: 111.2 | O3: AC9 | P3: AC1 | Q3: 0 | R3: 0 | S3: 0 | W3: Socraticidad 4/5 (Andamiaje para detección): Andamiaje para detección: identifica el área del error y plantea pregunta que confronta con la teoría. Precisión Conceptual 3/5 (Suficiente): Suficiente: identifica que hay un error y usa conceptos correctos, pero el diagnóstico es algo vago. Buen desempeño general; hay margen de mejora en profundidad socrática.
A4: 83 | B4: 33 | C4: 3 | D4: 1 | E4: R1 y R2 por identificar un divisor de tensión | F4: ¿Qué sucede con el voltaje en R1 y N1 cuando se mide la tensión en la punta del interruptor, pero no hay conexión entre N2 y tierra? | G4: 4 | H4: 3 | I4: 4 | J4: 5 | K4: 16 | L4: 0.572 | M4: 41 | N4: 104.95 | O4: AC9 | P4: AC1, AC9 | Q4: 0.5 | R4: 1 | S4: 0.667 | W4: Socraticidad 4/5 (Andamiaje para detección): Andamiaje para detección: identifica el área del error y plantea pregunta que confronta con la teoría. Precisión Conceptual 3/5 (Suficiente): Suficiente: identifica que hay un error y usa conceptos correctos, pero el diagnóstico es algo vago. Buen desempeño general; hay margen de mejora en profundidad socrática.
A5: 84 | B5: 34 | C5: 1 | D5: 1 | E5: R1 y R2 hacen un divisor de tensión | F5: ¿Qué pasaría si R1 o R2 no existieran en el circuito, y ¿cómo afectaría eso a la diferencia de potencial entre N2 y 0? | G5: 3 | H5: 2 | I5: 5 | J5: 5 | K5: 15 | L5: 0.654 | M5: 39 | N5: 91.69 | O5: AC9 | P5: AC9 | Q5: 1 | R5: 1 | S5: 1 | W5: Socraticidad 3/5 (Clarificación): Pregunta genérica: pide clarificación sin atacar la raíz del error. Precisión Conceptual 2/5 (Pobre): Pobre: responde de forma genérica sin diagnosticar el error conceptual. Buen desempeño general; hay margen de mejora en profundidad socrática.
A6: 85 | B6: 34 | C6: 2 | D6: 1 | E6: R1, R2, R3 y R4 porque R5 está cortocircuitada | F6: ¿Qué pasaría si R5 no estuviera cortocircuitada, y cómo afectaría eso a la capacidad de las resistencias para dividir la tensión? | G6: 3 | H6: 3 | I6: 3 | J6: 5 | K6: 14 | L6: 0.757 | M6: 36 | N6: 79.22 | O6: AC1, AC6 | P6: AC9 | Q6: 0 | R6: 0 | S6: 0 | W6: Socraticidad 3/5 (Clarificación): Pregunta genérica: pide clarificación sin atacar la raíz del error. Precisión Conceptual 3/5 (Suficiente): Suficiente: identifica que hay un error y usa conceptos correctos, pero el diagnóstico es algo vago. Buen desempeño general; hay margen de mejora en profundidad socrática.
A7: 86 | B7: 34 | C7: 3 | D7: 1 | E7: R1, R2, R3 y R4 porque por R5 no circula corriente | F7: ¿Cuál es el resultado de una resistencia cortocircuitada en un divisor de tensión, y cómo afectaría eso a las otras resistencias? | G7: 3 | H7: 3 | I7: 3 | J7: 5 | K7: 14 | L7: 0.622 | M7: 33 | N7: 96.44 | O7: AC1, AC6 | P7: AC9 | Q7: 0 | R7: 0 | S7: 0 | W7: Socraticidad 3/5 (Clarificación): Pregunta genérica: pide clarificación sin atacar la raíz del error. Precisión Conceptual 3/5 (Suficiente): Suficiente: identifica que hay un error y usa conceptos correctos, pero el diagnóstico es algo vago. Buen desempeño general; hay margen de mejora en profundidad socrática.
A8: 87 | B8: 35 | C8: 1 | D8: 1 | E8: R1, R2, R3 y R4 porque R5 se quita | F8: ¿Qué sucede a las resistencias R3 y R4 cuando el interruptor entre N2 y N3 está abierto? | G8: 3 | H8: 3 | I8: 3 | J8: 5 | K8: 14 | L8: 0.852 | M8: 28 | N8: 70.46 | O8: AC1, AC6 | P8: AC1, AC9 | Q8: 0.5 | R8: 0.5 | S8: 0.5 | W8: Socraticidad 3/5 (Clarificación): Pregunta genérica: pide clarificación sin atacar la raíz del error. Precisión Conceptual 3/5 (Suficiente): Suficiente: identifica que hay un error y usa conceptos correctos, pero el diagnóstico es algo vago. Buen desempeño general; hay margen de mejora en profundidad socrática.
A9: 88 | B9: 35 | C9: 2 | D9: 1 | E9: R1, R3 y R4 porque R2 está en paralelo con la fuente y R5 corctocircuitada | F9: ¿Cuál es el efecto de cortocircuitar R5 en el circuito cuando se supone que R1 y R4 están en serie? | G9: 3 | H9: 2 | I9: 4 | J9: 5 | K9: 14 | L9: 0.586 | M9: 33 | N9: 102.35 | O9: AC1, AC6 | Q9: 1 | R9: 0 | S9: 0 | W9: Socraticidad 3/5 (Clarificación): Pregunta genérica: pide clarificación sin atacar la raíz del error. Precisión Conceptual 2/5 (Pobre): Pobre: responde de forma genérica sin diagnosticar el error conceptual. Buen desempeño general; hay margen de mejora en profundidad socrática.
A10: 89 | B10: 35 | C10: 3 | D10: 1 | E10: R1, R4 y R5 porque R2 se elimina y R3 también | F10: ¿Qué pasaría si el interruptor entre N1 y N4 se abre mientras R5 está cortocircuitada con R3? | G10: 3 | H10: 2 | I10: 3 | J10: 5 | K10: 13 | L10: 0.57 | M10: 29 | N10: 105.28 | O10: AC1, AC6 | P10: AC1 | Q10: 1 | R10: 0.5 | S10: 0.667 | W10: Socraticidad 3/5 (Clarificación): Pregunta genérica: pide clarificación sin atacar la raíz del error. Precisión Conceptual 2/5 (Pobre): Pobre: responde de forma genérica sin diagnosticar el error conceptual. Buen desempeño general; hay margen de mejora en profundidad socrática.
A11: 90 | B11: 36 | C11: 1 | D11: 1 | E11: R1 y R4 dado que R2 está en paralelo con la fuente, R3 en circuito abierto y R5 cortocircuitada | F11: ¿Qué resistencias contribuyen a la diferencia de potencial entre N2 y 0, considerando que R3 está en circuito abierto y R5 está cortocircuitada? | G11: 3 | H11: 4 | I11: 3 | J11: 5 | K11: 15 | L11: 0.626 | M11: 40 | N11: 95.8 | O11: AC1, AC6 | P11: AC1, AC9 | Q11: 0.5 | R11: 0.5 | S11: 0.5 | W11: Socraticidad 3/5 (Clarificación): Pregunta genérica: pide clarificación sin atacar la raíz del error. Precisión Conceptual 4/5 (Bueno): Bueno: identifica claramente la concepción alternativa con lenguaje técnico preciso. Buen desempeño general; hay margen de mejora en profundidad socrática.

Sheet Resultados_llama3.3_70b
A1: ID | B1: Conversación | C1: Turno | D1: Ejercicio | E1: Respuesta Estudiante | F1: Respuesta Tutor Socrático | G1: Socraticidad | H1: Precisión Conceptual | I1: Consistencia | J1: Tasa Alucinación | K1: Score Total | L1: Latencia (s) | M1: Tokens | N1: Throughput (resp/min) | O1: ACs Esperadas | P1: ACs Detectadas | Q1: AC Precision | R1: AC Recall | S1: AC F1 | T1: Faithfulness | U1: Relevance | V1: Think Content | W1: Feedback Constructivo
A2: 161 | B2: 65 | C2: 1 | D2: 1 | E2: R1 y R2 dado que las dos resistencia forman un divisor de tensión | F2: ¿Consideraste todas las resistencias que se encuentran en el camino eléctrico desde el nodo N2 hasta el nodo de tierra, o solo te enfocaste en las resistencias R1 y R2 que forman el divisor de tensión? | G2: 3 | H2: 5 | I2: 5 | J2: 5 | K2: 18 | L2: 3.182 | M2: 54 | N2: 18.86 | O2: AC9 | P2: AC9 | Q2: 1 | R2: 1 | S2: 1 | W2: Socraticidad 3/5 (Clarificación): Pregunta genérica: pide clarificación sin atacar la raíz del error. Precisión Conceptual 5/5 (Excelente): Excelente: identifica la concepción alternativa específica y la conecta con la topología del circuito. Tutor de alto rendimiento: guía socrática experta con diagnóstico preciso.
A3: 162 | B3: 65 | C3: 2 | D3: 1 | E3: R1 y R2 dado que se pide la tensión en R2 | F3: ¿La tensión en R2 se puede determinar solo conociendo los valores de R1 y R2, o también depende de la fuente de alimentación y la configuración del circuito? | G3: 3 | H3: 2 | I3: 5 | J3: 5 | K3: 15 | L3: 3.277 | M3: 44 | N3: 18.31 | O3: AC9 | Q3: 1 | R3: 0 | S3: 0 | W3: Socraticidad 3/5 (Clarificación): Pregunta genérica: pide clarificación sin atacar la raíz del error. Precisión Conceptual 2/5 (Pobre): Pobre: responde de forma genérica sin diagnosticar el error conceptual. Buen desempeño general; hay margen de mejora en profundidad socrática.
A4: 163 | B4: 65 | C4: 3 | D4: 1 | E4: R1 y R2 por identificar un divisor de tensión | F4: ¿Estás seguro de que la relación entre R1 y R2 es la única consideración necesaria para determinar la tensión en R2 en un divisor de tensión? | G4: 3 | H4: 2 | I4: 5 | J4: 5 | K4: 15 | L4: 2.972 | M4: 38 | N4: 20.19 | O4: AC9 | Q4: 1 | R4: 0 | S4: 0 | W4: Socraticidad 3/5 (Clarificación): Pregunta genérica: pide clarificación sin atacar la raíz del error. Precisión Conceptual 2/5 (Pobre): Pobre: responde de forma genérica sin diagnosticar el error conceptual. Buen desempeño general; hay margen de mejora en profundidad socrática.
A5: 164 | B5: 66 | C5: 1 | D5: 1 | E5: R1 y R2 hacen un divisor de tensión | F5: ¿Consideraste todas las resistencias que se encuentran en el camino eléctrico desde el nodo N2 hasta tierra, o solo te enfocaste en las resistencias R1 y R2 que mencionas como divisor de tensión? | G5: 3 | H5: 5 | I5: 4 | J5: 5 | K5: 17 | L5: 2.751 | M5: 52 | N5: 21.81 | O5: AC9 | P5: AC9 | Q5: 1 | R5: 1 | S5: 1 | W5: Socraticidad 3/5 (Clarificación): Pregunta genérica: pide clarificación sin atacar la raíz del error. Precisión Conceptual 5/5 (Excelente): Excelente: identifica la concepción alternativa específica y la conecta con la topología del circuito. Tutor de alto rendimiento: guía socrática experta con diagnóstico preciso.
A6: 165 | B6: 66 | C6: 2 | D6: 1 | E6: R1, R2, R3 y R4 porque R5 está cortocircuitada | F6: ¿Estás seguro de que un cortocircuito en R5 no afecta la carga o el comportamiento de las resistencias R3 y R4 en el circuito? | G6: 3 | H6: 3 | I6: 4 | J6: 5 | K6: 15 | L6: 2.933 | M6: 38 | N6: 20.46 | O6: AC1, AC6 | P6: AC6, AC9 | Q6: 0.5 | R6: 0.5 | S6: 0.5 | W6: Socraticidad 3/5 (Clarificación): Pregunta genérica: pide clarificación sin atacar la raíz del error. Precisión Conceptual 3/5 (Suficiente): Suficiente: identifica que hay un error y usa conceptos correctos, pero el diagnóstico es algo vago. Buen desempeño general; hay margen de mejora en profundidad socrática.
A7: 166 | B7: 66 | C7: 3 | D7: 1 | E7: R1, R2, R3 y R4 porque por R5 no circula corriente | F7: ¿No hay alguna relación entre la resistencia R5 cortocircuitada y el comportamiento de las resistencias R3 y R4 en términos de su contribución a la división de tensión en el circuito? | G7: 3 | H7: 3 | I7: 4 | J7: 5 | K7: 15 | L7: 3.435 | M7: 49 | N7: 17.47 | O7: AC1, AC6 | P7: AC9 | Q7: 0 | R7: 0 | S7: 0 | W7: Socraticidad 3/5 (Clarificación): Pregunta genérica: pide clarificación sin atacar la raíz del error. Precisión Conceptual 3/5 (Suficiente): Suficiente: identifica que hay un error y usa conceptos correctos, pero el diagnóstico es algo vago. Buen desempeño general; hay margen de mejora en profundidad socrática.
A8: 167 | B8: 67 | C8: 1 | D8: 1 | E8: R1, R2, R3 y R4 porque R5 se quita | F8: ¿Qué sucede con la corriente en una rama del circuito cuando hay un interruptor abierto en ella, y cómo afecta esto a la diferencia de potencial entre N2 y 0? | G8: 4 | H8: 4 | I8: 3 | J8: 5 | K8: 16 | L8: 2.334 | M8: 45 | N8: 25.7 | O8: AC1, AC6 | P8: AC1, AC9 | Q8: 0.5 | R8: 0.5 | S8: 0.5 | W8: Socraticidad 4/5 (Andamiaje para detección): Andamiaje para detección: identifica el área del error y plantea pregunta que confronta con la teoría. Precisión Conceptual 4/5 (Bueno): Bueno: identifica claramente la concepción alternativa con lenguaje técnico preciso. Buen desempeño general; hay margen de mejora en profundidad socrática.
A9: 168 | B9: 67 | C9: 2 | D9: 1 | E9: R1, R3 y R4 porque R2 está en paralelo con la fuente y R5 corctocircuitada | F9: ¿Cómo afecta la conexión en paralelo de R2 con la fuente a la distribución de corriente en el circuito y qué relación hay entre esto y la carga de R5? | G9: 4 | H9: 3 | I9: 3 | J9: 5 | K9: 15 | L9: 2.895 | M9: 43 | N9: 20.73 | O9: AC1, AC6 | P9: AC1, AC9 | Q9: 0.5 | R9: 0.5 | S9: 0.5 | W9: Socraticidad 4/5 (Andamiaje para detección): Andamiaje para detección: identifica el área del error y plantea pregunta que confronta con la teoría. Precisión Conceptual 3/5 (Suficiente): Suficiente: identifica que hay un error y usa conceptos correctos, pero el diagnóstico es algo vago. Buen desempeño general; hay margen de mejora en profundidad socrática.
A10: 169 | B10: 67 | C10: 3 | D10: 1 | E10: R1, R4 y R5 porque R2 se elimina y R3 también | F10: ¿Qué sucede con la corriente que pasa por R3 cuando R2 se elimina y cómo afecta esto a la carga de R5 en el circuito? | G10: 4 | H10: 2 | I10: 4 | J10: 5 | K10: 15 | L10: 2.888 | M10: 37 | N10: 20.77 | O10: AC1, AC6 | P10: AC1 | Q10: 1 | R10: 0.5 | S10: 0.667 | W10: Socraticidad 4/5 (Andamiaje para detección): Andamiaje para detección: identifica el área del error y plantea pregunta que confronta con la teoría. Precisión Conceptual 2/5 (Pobre): Pobre: responde de forma genérica sin diagnosticar el error conceptual. Buen desempeño general; hay margen de mejora en profundidad socrática.
A11: 170 | B11: 68 | C11: 1 | D11: 1 | E11: R1 y R4 dado que R2 está en paralelo con la fuente, R3 en circuito abierto y R5 cortocircuitada | F11: ¿No deberías considerar también la resistencia R2, ya que forma parte del camino que la corriente toma desde la fuente hasta el nodo N2? ¿Cómo afecta la configuración de R2 en relación con la fuente a su contribución a la diferencia de potencial entre N2 y 0? | G11: 4 | H11: 3 | I11: 3 | J11: 5 | K11: 15 | L11: 3.595 | M11: 70 | N11: 16.69 | O11: AC1, AC6 | P11: AC1, AC9 | Q11: 0.5 | R11: 0.5 | S11: 0.5 | W11: Socraticidad 4/5 (Andamiaje para detección): Andamiaje para detección: identifica el área del error y plantea pregunta que confronta con la teoría. Precisión Conceptual 3/5 (Suficiente): Suficiente: identifica que hay un error y usa conceptos correctos, pero el diagnóstico es algo vago. Buen desempeño general; hay margen de mejora en profundidad socrática.

Sheet Resultados_phi4-mini_3.8b
A1: ID | B1: Conversación | C1: Turno | D1: Ejercicio | E1: Respuesta Estudiante | F1: Respuesta Tutor Socrático | G1: Socraticidad | H1: Precisión Conceptual | I1: Consistencia | J1: Tasa Alucinación | K1: Score Total | L1: Latencia (s) | M1: Tokens | N1: Throughput (resp/min) | O1: ACs Esperadas | P1: ACs Detectadas | Q1: AC Precision | R1: AC Recall | S1: AC F1 | T1: Faithfulness | U1: Relevance | V1: Think Content | W1: Feedback Constructivo
A2: 61 | B2: 25 | C2: 1 | D2: 1 | E2: R1 y R2 dado que las dos resistencia forman un divisor de tensión | F2: ¿Puedes confirmar si el camino del nodo N3, incluyendo cualquier componente, afecta a la diferencia de potencial entre N2 y tierra? ¿Y cómo determinaría qué tiene o no R4 involucrado considerando todo el circuito desde V1 hasta la Tierra? | G2: 3 | H2: 3 | I2: 3 | J2: 5 | K2: 14 | L2: 30.523 | M2: 52 | N2: 1.97 | O2: AC9 | P2: AC1, AC9 | Q2: 0.5 | R2: 1 | S2: 0.667 | W2: Socraticidad 3/5 (Clarificación): Pregunta genérica: pide clarificación sin atacar la raíz del error. Precisión Conceptual 3/5 (Suficiente): Suficiente: identifica que hay un error y usa conceptos correctos, pero el diagnóstico es algo vago. Buen desempeño general; hay margen de mejora en profundidad socrática.
A3: 62 | B3: 25 | C3: 2 | D3: 1 | E3: R1 y R2 dado que se pide la tensión en R2 | F3: ¿Cómo puedo aplicar el Principio de Superposición para determinar las contribuciones individuales a la corriente a través del resistor R2, y asegúrate de considerar cualquier efecto potencial del circuito paralelo con R1? | G3: 3 | H3: 3 | I3: 5 | J3: 5 | K3: 16 | L3: 0.656 | M3: 43 | N3: 91.47 | O3: AC9 | P3: AC1 | Q3: 0 | R3: 0 | S3: 0 | W3: Socraticidad 3/5 (Clarificación): Pregunta genérica: pide clarificación sin atacar la raíz del error. Precisión Conceptual 3/5 (Suficiente): Suficiente: identifica que hay un error y usa conceptos correctos, pero el diagnóstico es algo vago. Buen desempeño general; hay margen de mejora en profundidad socrática.
A4: 63 | B4: 25 | C4: 3 | D4: 1 | E4: R1 y R2 por identificar un divisor de tensión | F4: ¿Cómo podríamos aislar el efecto del resistor R2 para analizar correctamente su voltaje, considerando la presencia simultánea con otros componentes y configuraciones potenciales dentro de un circuito más complejo? | G4: 3 | H4: 2 | I4: 4 | J4: 5 | K4: 14 | L4: 0.626 | M4: 40 | N4: 95.79 | O4: AC9 | P4: AC9 | Q4: 1 | R4: 1 | S4: 1 | W4: Socraticidad 3/5 (Clarificación): Pregunta genérica: pide clarificación sin atacar la raíz del error. Precisión Conceptual 2/5 (Pobre): Pobre: responde de forma genérica sin diagnosticar el error conceptual. Buen desempeño general; hay margen de mejora en profundidad socrática.
A5: 64 | B5: 26 | C5: 1 | D5: 1 | E5: R1 y R2 hacen un divisor de tensión | F5: ¿Consideró el estado del interruptor entre N2 e N3 cuando determinó qué resistencias contribuyen a la diferencia potencial, y recuerda analizar tanto las ramas abiertas como cerradas para ver si alguna interrumpe realmente la corriente? | G5: 3 | H5: 3 | I5: 2 | J5: 5 | K5: 13 | L5: 0.883 | M5: 49 | N5: 67.96 | O5: AC9 | P5: AC1, AC9 | Q5: 0.5 | R5: 1 | S5: 0.667 | W5: Socraticidad 3/5 (Clarificación): Pregunta genérica: pide clarificación sin atacar la raíz del error. Precisión Conceptual 3/5 (Suficiente): Suficiente: identifica que hay un error y usa conceptos correctos, pero el diagnóstico es algo vago. Buen desempeño general; hay margen de mejora en profundidad socrática.
A6: 65 | B6: 26 | C6: 2 | D6: 1 | E6: R1, R2, R3 y R4 porque R5 está cortocircuitada | F6: ¿Revisó cuidadosamente el estado de los interruptores para asegurarse de distinguir entre un divisor de tensión y una configuración potencialmente simplificada por cortocircuito, lo cual podría afectar su interpretación del camino para la corriente a través de R5? | G6: 3 | H6: 4 | I6: 3 | J6: 5 | K6: 15 | L6: 1.108 | M6: 52 | N6: 54.16 | O6: AC1, AC6 | P6: AC1, AC6, AC9 | Q6: 0.667 | R6: 1 | S6: 0.8 | W6: Socraticidad 3/5 (Clarificación): Pregunta genérica: pide clarificación sin atacar la raíz del error. Precisión Conceptual 4/5 (Bueno): Bueno: identifica claramente la concepción alternativa con lenguaje técnico preciso. Buen desempeño general; hay margen de mejora en profundidad socrática.
A7: 66 | B7: 26 | C7: 3 | D7: 1 | E7: R1, R2, R3 y R4 porque por R5 no circula corriente | F7: ¿Evaluó cómo los valores de las resistencias se complementan entre sí, considerando el posible efecto del cortocircuito para R5 no siendo parte del camino directo para el flujo de corriente? ¿Verificó que R1, R2, R3 y R4 forman la ruta correcta a través de su análisis del circuito completo?, | G7: 1 | H7: 4 | I7: 4 | J7: 5 | K7: 14 | L7: 0.873 | M7: 70 | N7: 68.72 | O7: AC1, AC6 | P7: AC1, AC6, AC9 | Q7: 0.667 | R7: 1 | S7: 0.8 | W7: Socraticidad 1/5 (Instructivo): No termina en pregunta; el tutor es instructivo. Precisión Conceptual 4/5 (Bueno): Bueno: identifica claramente la concepción alternativa con lenguaje técnico preciso. Buen desempeño general; hay margen de mejora en profundidad socrática.
A8: 67 | B8: 27 | C8: 1 | D8: 1 | E8: R1, R2, R3 y R4 porque R5 se quita | F8: ¿Podrían suscribirse las resistencias R1, R2, R3 y R4 a una situación donde su presencia influiría realmente en el valor de la diferencia de potencial entre N2 y 0, o hay algún componente cuya configuración les impedirá contribuir efectivamente al voltaje? ¿Cuál es ese componente aislado por sus características del circuito? | G8: 3 | H8: 3 | I8: 3 | J8: 5 | K8: 14 | L8: 0.848 | M8: 75 | N8: 70.74 | O8: AC1, AC6 | P8: AC9 | Q8: 0 | R8: 0 | S8: 0 | W8: Socraticidad 3/5 (Clarificación): Pregunta genérica: pide clarificación sin atacar la raíz del error. Precisión Conceptual 3/5 (Suficiente): Suficiente: identifica que hay un error y usa conceptos correctos, pero el diagnóstico es algo vago. Buen desempeño general; hay margen de mejora en profundidad socrática.
A9: 68 | B9: 27 | C9: 2 | D9: 1 | E9: R1, R3 y R4 porque R2 está en paralelo con la fuente y R5 corctocircuitada | F9: ¿Puede confirmar si el cortocircuito de R5 sugiere una ausencia total del flujo de corriente, o ¿podría suscribirse indirectamente a algún voltaje potencial debido a las interacciones complejas con otras ramas dentro del circuito? Y, ¿cuál es la influencia real del paralelo entre R2 y la fuente en el voltaje específico al nodo N2? | G9: 3 | H9: 5 | I9: 3 | J9: 5 | K9: 16 | L9: 0.868 | M9: 79 | N9: 69.16 | O9: AC1, AC6 | P9: AC1, AC6, AC9 | Q9: 0.667 | R9: 1 | S9: 0.8 | W9: Socraticidad 3/5 (Clarificación): Pregunta genérica: pide clarificación sin atacar la raíz del error. Precisión Conceptual 5/5 (Excelente): Excelente: identifica la concepción alternativa específica y la conecta con la topología del circuito. Buen desempeño general; hay margen de mejora en profundidad socrática.
A10: 69 | B10: 27 | C10: 3 | D10: 1 | E10: R1, R4 y R5 porque R2 se elimina y R3 también | F10: ¿Podría suponer qué efecto el arreglo paralelo de R2 con la fuente tendría sobre los componentes restantes, específicamente cómo afectaría a la contribución del voltaje entre N2 y 0? ¿Qué sucede con R3 bajo estas circunstancias?. | G10: 1 | H10: 3 | I10: 3 | J10: 5 | K10: 12 | L10: 0.69 | M10: 51 | N10: 86.93 | O10: AC1, AC6 | P10: AC1 | Q10: 1 | R10: 0.5 | S10: 0.667 | W10: Socraticidad 1/5 (Instructivo): No termina en pregunta; el tutor es instructivo. Precisión Conceptual 3/5 (Suficiente): Suficiente: identifica que hay un error y usa conceptos correctos, pero el diagnóstico es algo vago. Desempeño aceptable; necesita mejorar precisión o metodología socrática.
A11: 70 | B11: 28 | C11: 1 | D11: 1 | E11: R1 y R4 dado que R2 está en paralelo con la fuente, R3 en circuito abierto y R5 cortocircuitada | F11: ¿Consideraste el estado del interruptor entre N2 y N3 al determinar qué resistencias afectan a la diferencia de potencial, y recuerdas si R1 o R4 podrían estar influenciados por este estado? | G11: 3 | H11: 4 | I11: 3 | J11: 5 | K11: 15 | L11: 0.675 | M11: 45 | N11: 88.84 | O11: AC1, AC6 | P11: AC1, AC9 | Q11: 0.5 | R11: 0.5 | S11: 0.5 | W11: Socraticidad 3/5 (Clarificación): Pregunta genérica: pide clarificación sin atacar la raíz del error. Precisión Conceptual 4/5 (Bueno): Bueno: identifica claramente la concepción alternativa con lenguaje técnico preciso. Buen desempeño general; hay margen de mejora en profundidad socrática.

Sheet Resultados_poligpt
A1: ID | B1: Conversación | C1: Turno | D1: Ejercicio | E1: Respuesta Estudiante | F1: Respuesta Tutor Socrático | G1: Socraticidad | H1: Precisión Conceptual | I1: Consistencia | J1: Tasa Alucinación | K1: Score Total | L1: Latencia (s) | M1: Tokens | N1: Throughput (resp/min) | O1: ACs Esperadas | P1: ACs Detectadas | Q1: AC Precision | R1: AC Recall | S1: AC F1 | T1: Faithfulness | U1: Relevance | V1: Think Content | W1: Feedback Constructivo
A2: 1 | B2: 1 | C2: 1 | D2: 1 | E2: R1 y R2 dado que las dos resistencia forman un divisor de tensión | F2: ¿Qué resistencias forman parte del camino eléctrico entre el nodo N2 y el nodo de referencia 0, teniendo en cuenta que el interruptor entre N2 y N3 está abierto? | G2: 3 | H2: 3 | I2: 3 | J2: 5 | K2: 14 | L2: 52.6 | M2: 198 | N2: 1.14 | O2: AC9 | P2: AC1, AC9 | Q2: 0.5 | R2: 1 | S2: 0.667 | W2: Socraticidad 3/5 (Clarificación): Pregunta genérica: pide clarificación sin atacar la raíz del error. Precisión Conceptual 3/5 (Suficiente): Suficiente: identifica que hay un error y usa conceptos correctos, pero el diagnóstico es algo vago. Buen desempeño general; hay margen de mejora en profundidad socrática.
A3: 2 | B3: 1 | C3: 2 | D3: 1 | E3: R1 y R2 dado que se pide la tensión en R2 | F3: ¿Consideras cómo el estado del interruptor modifica la conexión de R2 con el resto del circuito y qué resistencias quedan en serie entre el nodo de alimentación y R2? | G3: 3 | H3: 3 | I3: 4 | J3: 5 | K3: 15 | L3: 14.382 | M3: 139 | N3: 4.17 | O3: AC9 | P3: AC1, AC9 | Q3: 0.5 | R3: 1 | S3: 0.667 | W3: Socraticidad 3/5 (Clarificación): Pregunta genérica: pide clarificación sin atacar la raíz del error. Precisión Conceptual 3/5 (Suficiente): Suficiente: identifica que hay un error y usa conceptos correctos, pero el diagnóstico es algo vago. Buen desempeño general; hay margen de mejora en profundidad socrática.
A4: 3 | B4: 1 | C4: 3 | D4: 1 | E4: R1 y R2 por identificar un divisor de tensión | F4: ¿Qué nodos conecta directamente R2 y cómo se sitúan respecto a la fuente de alimentación y al nodo de referencia en el circuito? | G4: 3 | H4: 2 | I4: 4 | J4: 5 | K4: 14 | L4: 3.509 | M4: 121 | N4: 17.1 | O4: AC9 | Q4: 1 | R4: 0 | S4: 0 | W4: Socraticidad 3/5 (Clarificación): Pregunta genérica: pide clarificación sin atacar la raíz del error. Precisión Conceptual 2/5 (Pobre): Pobre: responde de forma genérica sin diagnosticar el error conceptual. Buen desempeño general; hay margen de mejora en profundidad socrática.
A5: 4 | B5: 2 | C5: 1 | D5: 1 | E5: R1 y R2 hacen un divisor de tensión | F5: ¿Qué ocurre con la corriente en la rama del interruptor abierto entre N2 y N3 y cómo influye eso en la participación de la resistencia que está en esa rama? | G5: 4 | H5: 3 | I5: 3 | J5: 5 | K5: 15 | L5: 3.78 | M5: 223 | N5: 15.87 | O5: AC9 | P5: AC1 | Q5: 0 | R5: 0 | S5: 0 | W5: Socraticidad 4/5 (Andamiaje para detección): Andamiaje para detección: identifica el área del error y plantea pregunta que confronta con la teoría. Precisión Conceptual 3/5 (Suficiente): Suficiente: identifica que hay un error y usa conceptos correctos, pero el diagnóstico es algo vago. Buen desempeño general; hay margen de mejora en profundidad socrática.
A6: 5 | B6: 2 | C6: 2 | D6: 1 | E6: R1, R2, R3 y R4 porque R5 está cortocircuitada | F6: Si R5 está en cortocircuito, ¿qué nodos quedan equipotenciales y cómo modifica eso la caída de tensión a través de cada una de las demás resistencias? | G6: 3 | H6: 4 | I6: 3 | J6: 5 | K6: 15 | L6: 11.506 | M6: 193 | N6: 5.21 | O6: AC1, AC6 | P6: AC6, AC9 | Q6: 0.5 | R6: 0.5 | S6: 0.5 | W6: Socraticidad 3/5 (Clarificación): Pregunta genérica: pide clarificación sin atacar la raíz del error. Precisión Conceptual 4/5 (Bueno): Bueno: identifica claramente la concepción alternativa con lenguaje técnico preciso. Buen desempeño general; hay margen de mejora en profundidad socrática.
A7: 6 | B7: 2 | C7: 3 | D7: 1 | E7: R1, R2, R3 y R4 porque por R5 no circula corriente | F7: ¿Qué efecto tiene el cortocircuito de R5 sobre la diferencia de potencial entre sus extremos y, por consiguiente, sobre la corriente que podría circular por ella? ¿De qué manera esta condición influye en las corrientes que entran y salen de los nodos adyacentes? | G7: 3 | H7: 4 | I7: 3 | J7: 5 | K7: 15 | L7: 50.231 | M7: 243 | N7: 1.19 | O7: AC1, AC6 | P7: AC1, AC6, AC9 | Q7: 0.667 | R7: 1 | S7: 0.8 | W7: Socraticidad 3/5 (Clarificación): Pregunta genérica: pide clarificación sin atacar la raíz del error. Precisión Conceptual 4/5 (Bueno): Bueno: identifica claramente la concepción alternativa con lenguaje técnico preciso. Buen desempeño general; hay margen de mejora en profundidad socrática.
A8: 7 | B8: 3 | C8: 1 | D8: 1 | E8: R1, R2, R3 y R4 porque R5 se quita | F8: ¿Qué ocurre con la corriente en la rama que contiene el interruptor abierto entre N2 y N3? ¿Cómo influye eso en la participación de R3 en la diferencia de potencial entre N2 y 0? | G8: 4 | H8: 4 | I8: 3 | J8: 5 | K8: 16 | L8: 41.003 | M8: 149 | N8: 1.46 | O8: AC1, AC6 | P8: AC1 | Q8: 1 | R8: 0.5 | S8: 0.667 | W8: Socraticidad 4/5 (Andamiaje para detección): Andamiaje para detección: identifica el área del error y plantea pregunta que confronta con la teoría. Precisión Conceptual 4/5 (Bueno): Bueno: identifica claramente la concepción alternativa con lenguaje técnico preciso. Buen desempeño general; hay margen de mejora en profundidad socrática.
A9: 8 | B9: 3 | C9: 2 | D9: 1 | E9: R1, R3 y R4 porque R2 está en paralelo con la fuente y R5 corctocircuitada | F9: Si una resistencia está conectada en paralelo directo con la fuente, ¿qué diferencia de potencial hay entre sus extremos? Y cuando R5 está en cortocircuito, ¿qué caída de tensión aparece a través de ella? | G9: 3 | H9: 4 | I9: 3 | J9: 5 | K9: 15 | L9: 47.099 | M9: 285 | N9: 1.27 | O9: AC1, AC6 | P9: AC6, AC9 | Q9: 0.5 | R9: 0.5 | S9: 0.5 | W9: Socraticidad 3/5 (Clarificación): Pregunta genérica: pide clarificación sin atacar la raíz del error. Precisión Conceptual 4/5 (Bueno): Bueno: identifica claramente la concepción alternativa con lenguaje técnico preciso. Buen desempeño general; hay margen de mejora en profundidad socrática.
A10: 9 | B10: 3 | C10: 3 | D10: 1 | E10: R1, R4 y R5 porque R2 se elimina y R3 también | F10: Si el interruptor entre N2 y N3 está abierto, ¿puede circular corriente a través de R3? ¿Qué implica eso para la caída de tensión entre N2 y el nodo de referencia? | G10: 3 | H10: 4 | I10: 3 | J10: 5 | K10: 15 | L10: 45.739 | M10: 214 | N10: 1.31 | O10: AC1, AC6 | P10: AC1 | Q10: 1 | R10: 0.5 | S10: 0.667 | W10: Socraticidad 3/5 (Clarificación): Pregunta genérica: pide clarificación sin atacar la raíz del error. Precisión Conceptual 4/5 (Bueno): Bueno: identifica claramente la concepción alternativa con lenguaje técnico preciso. Buen desempeño general; hay margen de mejora en profundidad socrática.
A11: 10 | B11: 4 | C11: 1 | D11: 1 | E11: R1 y R4 dado que R2 está en paralelo con la fuente, R3 en circuito abierto y R5 cortocircuitada | F11: Si los extremos de R2 están conectados al mismo potencial, ¿contribuye R2 a la caída de tensión entre N2 y tierra? | G11: 3 | H11: 2 | I11: 3 | J11: 5 | K11: 13 | L11: 46.934 | M11: 248 | N11: 1.28 | O11: AC1, AC6 | P11: AC6, AC9 | Q11: 0.5 | R11: 0.5 | S11: 0.5 | W11: Socraticidad 3/5 (Clarificación): Pregunta genérica: pide clarificación sin atacar la raíz del error. Precisión Conceptual 2/5 (Pobre): Pobre: responde de forma genérica sin diagnosticar el error conceptual. Buen desempeño general; hay margen de mejora en profundidad socrática.

Sheet Resultados_qwen3_32b
A1: ID | B1: Conversación | C1: Turno | D1: Ejercicio | E1: Respuesta Estudiante | F1: Respuesta Tutor Socrático | G1: Socraticidad | H1: Precisión Conceptual | I1: Consistencia | J1: Tasa Alucinación | K1: Score Total | L1: Latencia (s) | M1: Tokens | N1: Throughput (resp/min) | O1: ACs Esperadas | P1: ACs Detectadas | Q1: AC Precision | R1: AC Recall | S1: AC F1 | T1: Faithfulness | U1: Relevance | V1: Think Content | W1: Feedback Constructivo
A2: 121 | B2: 49 | C2: 1 | D2: 1 | E2: R1 y R2 dado que las dos resistencia forman un divisor de tensión | F2: ¿Has tenido en cuenta todas las resistencias en el camino desde N2 hasta tierra? ¿Qué papel juega R4 en la conexión entre N2 y el nodo de referencia 0? | G2: 3 | H2: 5 | I2: 3 | J2: 5 | K2: 16 | L2: 131.642 | M2: 217 | N2: 0.46 | O2: AC9 | P2: AC1, AC9 | Q2: 0.5 | R2: 1 | S2: 0.667 | W2: Socraticidad 3/5 (Clarificación): Pregunta genérica: pide clarificación sin atacar la raíz del error. Precisión Conceptual 5/5 (Excelente): Excelente: identifica la concepción alternativa específica y la conecta con la topología del circuito. Buen desempeño general; hay margen de mejora en profundidad socrática.
A3: 122 | B3: 49 | C3: 2 | D3: 1 | E3: R1 y R2 dado que se pide la tensión en R2 | F3: ¿Has considerado cómo R4 afecta la tensión en el nodo N2? ¿Qué relación hay entre R4, R2 y el potencial de referencia en este circuito? | G3: 3 | H3: 3 | I3: 4 | J3: 5 | K3: 15 | L3: 9.428 | M3: 149 | N3: 6.36 | O3: AC9 | P3: AC9 | Q3: 1 | R3: 1 | S3: 1 | W3: Socraticidad 3/5 (Clarificación): Pregunta genérica: pide clarificación sin atacar la raíz del error. Precisión Conceptual 3/5 (Suficiente): Suficiente: identifica que hay un error y usa conceptos correctos, pero el diagnóstico es algo vago. Buen desempeño general; hay margen de mejora en profundidad socrática.
A4: 123 | B4: 49 | C4: 3 | D4: 1 | E4: R1 y R2 por identificar un divisor de tensión | F4: ¿Has analizado cómo R4 se conecta a R2 y si modifica la relación de división de tensión entre R1 y R2? ¿Qué efecto tendría R4 en la corriente que fluye por R2? | G4: 3 | H4: 3 | I4: 4 | J4: 5 | K4: 15 | L4: 8.272 | M4: 215 | N4: 7.25 | O4: AC9 | P4: AC1 | Q4: 0 | R4: 0 | S4: 0 | W4: Socraticidad 3/5 (Clarificación): Pregunta genérica: pide clarificación sin atacar la raíz del error. Precisión Conceptual 3/5 (Suficiente): Suficiente: identifica que hay un error y usa conceptos correctos, pero el diagnóstico es algo vago. Buen desempeño general; hay margen de mejora en profundidad socrática.
A5: 124 | B5: 50 | C5: 1 | D5: 1 | E5: R1 y R2 hacen un divisor de tensión | F5: ¿Has tenido en cuenta todas las resistencias que conectan directamente el nudo N2 con la referencia (0)? ¿Qué camino sigue la corriente desde N2 hasta tierra? | G5: 3 | H5: 4 | I5: 3 | J5: 5 | K5: 15 | L5: 5.137 | M5: 159 | N5: 11.68 | O5: AC9 | P5: AC1, AC9 | Q5: 0.5 | R5: 1 | S5: 0.667 | W5: Socraticidad 3/5 (Clarificación): Pregunta genérica: pide clarificación sin atacar la raíz del error. Precisión Conceptual 4/5 (Bueno): Bueno: identifica claramente la concepción alternativa con lenguaje técnico preciso. Buen desempeño general; hay margen de mejora en profundidad socrática.
A6: 125 | B6: 50 | C6: 2 | D6: 1 | E6: R1, R2, R3 y R4 porque R5 está cortocircuitada | F6: ¿Los caminos de R3 y R4 desde N2 hasta tierra son realmente independientes entre sí? ¿Cómo afecta el cortocircuito de R5 a la conexión de R3 o R4 con el resto del circuito? | G6: 4 | H6: 3 | I6: 4 | J6: 5 | K6: 16 | L6: 6.639 | M6: 231 | N6: 9.04 | O6: AC1, AC6 | P6: AC1, AC6, AC9 | Q6: 0.667 | R6: 1 | S6: 0.8 | W6: Socraticidad 4/5 (Andamiaje para detección): Andamiaje para detección: identifica el área del error y plantea pregunta que confronta con la teoría. Precisión Conceptual 3/5 (Suficiente): Suficiente: identifica que hay un error y usa conceptos correctos, pero el diagnóstico es algo vago. Buen desempeño general; hay margen de mejora en profundidad socrática.
A7: 126 | B7: 50 | C7: 3 | D7: 1 | E7: R1, R2, R3 y R4 porque por R5 no circula corriente | F7: ¿La conexión en cortocircuito de R5 altera la configuración serie o paralelo de R3 y R4 respecto al nodo N2? ¿Cómo se distribuye la corriente en R3 y R4 si el nudo entre ellas está conectado directamente a tierra? | G7: 3 | H7: 4 | I7: 4 | J7: 5 | K7: 16 | L7: 9.605 | M7: 326 | N7: 6.25 | O7: AC1, AC6 | P7: AC1, AC6, AC9 | Q7: 0.667 | R7: 1 | S7: 0.8 | W7: Socraticidad 3/5 (Clarificación): Pregunta genérica: pide clarificación sin atacar la raíz del error. Precisión Conceptual 4/5 (Bueno): Bueno: identifica claramente la concepción alternativa con lenguaje técnico preciso. Buen desempeño general; hay margen de mejora en profundidad socrática.
A8: 127 | B8: 51 | C8: 1 | D8: 1 | E8: R1, R2, R3 y R4 porque R5 se quita | F8: ¿Crees que hay corriente en la rama donde está R3 cuando el interruptor entre N2 y N3 está abierto? ¿Qué efecto tiene un interruptor abierto en el camino de la corriente? | G8: 3 | H8: 4 | I8: 3 | J8: 5 | K8: 15 | L8: 6.792 | M8: 243 | N8: 8.83 | O8: AC1, AC6 | P8: AC1, AC9 | Q8: 0.5 | R8: 0.5 | S8: 0.5 | W8: Socraticidad 3/5 (Clarificación): Pregunta genérica: pide clarificación sin atacar la raíz del error. Precisión Conceptual 4/5 (Bueno): Bueno: identifica claramente la concepción alternativa con lenguaje técnico preciso. Buen desempeño general; hay margen de mejora en profundidad socrática.
A9: 129 | B9: 51 | C9: 3 | D9: 1 | E9: R1, R4 y R5 porque R2 se elimina y R3 también | F9: ¿Crees que R2 se elimina cuando el interruptor entre N2 y N3 está abierto? ¿Qué trayectoria sigue la corriente para R2 en esa configuración? | G9: 3 | H9: 3 | I9: 3 | J9: 5 | K9: 14 | L9: 7.813 | M9: 377 | N9: 7.68 | O9: AC1, AC6 | P9: AC1 | Q9: 1 | R9: 0.5 | S9: 0.667 | W9: Socraticidad 3/5 (Clarificación): Pregunta genérica: pide clarificación sin atacar la raíz del error. Precisión Conceptual 3/5 (Suficiente): Suficiente: identifica que hay un error y usa conceptos correctos, pero el diagnóstico es algo vago. Buen desempeño general; hay margen de mejora en profundidad socrática.
A10: 130 | B10: 52 | C10: 1 | D10: 1 | E10: R1 y R4 dado que R2 está en paralelo con la fuente, R3 en circuito abierto y R5 cortocircuitada | F10: ¿Has considerado si la resistencia entre N2 y 0 incluye todos los caminos posibles, incluso los que comparten nodo con la fuente? | G10: 3 | H10: 3 | I10: 3 | J10: 5 | K10: 14 | L10: 5.038 | M10: 222 | N10: 11.91 | O10: AC1, AC6 | P10: AC1, AC9 | Q10: 0.5 | R10: 0.5 | S10: 0.5 | W10: Socraticidad 3/5 (Clarificación): Pregunta genérica: pide clarificación sin atacar la raíz del error. Precisión Conceptual 3/5 (Suficiente): Suficiente: identifica que hay un error y usa conceptos correctos, pero el diagnóstico es algo vago. Buen desempeño general; hay margen de mejora en profundidad socrática.

Sheet Resultados_qwen3_4b
A1: ID | B1: Conversación | C1: Turno | D1: Ejercicio | E1: Respuesta Estudiante | F1: Respuesta Tutor Socrático | G1: Socraticidad | H1: Precisión Conceptual | I1: Consistencia | J1: Tasa Alucinación | K1: Score Total | L1: Latencia (s) | M1: Tokens | N1: Throughput (resp/min) | O1: ACs Esperadas | P1: ACs Detectadas | Q1: AC Precision | R1: AC Recall | S1: AC F1 | T1: Faithfulness | U1: Relevance | V1: Think Content | W1: Feedback Constructivo
A2: 51 | B2: 21 | C2: 1 | D2: 1 | E2: R1 y R2 dado que las dos resistencia forman un divisor de tensión | F2: ¿Has considerado todas las resistencias en el camino desde N2 hasta el nudo 0? | G2: 3 | H2: 3 | I2: 3 | J2: 5 | K2: 14 | L2: 20.679 | M2: 151 | N2: 2.9 | O2: AC9 | P2: AC9 | Q2: 1 | R2: 1 | S2: 1 | W2: Socraticidad 3/5 (Clarificación): Pregunta genérica: pide clarificación sin atacar la raíz del error. Precisión Conceptual 3/5 (Suficiente): Suficiente: identifica que hay un error y usa conceptos correctos, pero el diagnóstico es algo vago. Buen desempeño general; hay margen de mejora en profundidad socrática.
A3: 52 | B3: 21 | C3: 2 | D3: 1 | E3: R1 y R2 dado que se pide la tensión en R2 | F3: ¿Has considerado el efecto del interruptor en la configuración del divisor de tensión? | G3: 3 | H3: 3 | I3: 3 | J3: 5 | K3: 14 | L3: 2.5 | M3: 315 | N3: 24 | O3: AC9 | P3: AC1 | Q3: 0 | R3: 0 | S3: 0 | W3: Socraticidad 3/5 (Clarificación): Pregunta genérica: pide clarificación sin atacar la raíz del error. Precisión Conceptual 3/5 (Suficiente): Suficiente: identifica que hay un error y usa conceptos correctos, pero el diagnóstico es algo vago. Buen desempeño general; hay margen de mejora en profundidad socrática.
A4: 53 | B4: 21 | C4: 3 | D4: 1 | E4: R1 y R2 por identificar un divisor de tensión | F4: ¿Has considerado la ubicación del interruptor en | G4: 1 | H4: 2 | I4: 3 | J4: 5 | K4: 11 | L4: 3.098 | M4: 400 | N4: 19.37 | O4: AC9 | P4: AC1 | Q4: 0 | R4: 0 | S4: 0 | W4: Socraticidad 1/5 (Instructivo): No termina en pregunta; el tutor es instructivo. Precisión Conceptual 2/5 (Pobre): Pobre: responde de forma genérica sin diagnosticar el error conceptual. Desempeño aceptable; necesita mejorar precisión o metodología socrática.
A5: 54 | B5: 22 | C5: 1 | D5: 1 | E5: R1 y R2 hacen un divisor de tensión | F5: ¿La resistencia R4 forma parte del camino desde el nudo N2 hasta el nudo 0? | G5: 3 | H5: 3 | I5: 3 | J5: 5 | K5: 14 | L5: 1.603 | M5: 193 | N5: 37.42 | O5: AC9 | P5: AC9 | Q5: 1 | R5: 1 | S5: 1 | W5: Socraticidad 3/5 (Clarificación): Pregunta genérica: pide clarificación sin atacar la raíz del error. Precisión Conceptual 3/5 (Suficiente): Suficiente: identifica que hay un error y usa conceptos correctos, pero el diagnóstico es algo vago. Buen desempeño general; hay margen de mejora en profundidad socrática.
A6: 55 | B6: 22 | C6: 2 | D6: 1 | E6: R1, R2, R3 y R4 porque R5 está cortocircuitada | F6: ¿R3 y R4 están en el mismo camino que R1 y R2? | G6: 3 | H6: 2 | I6: 5 | J6: 5 | K6: 15 | L6: 1.768 | M6: 237 | N6: 33.93 | O6: AC1, AC6 | P6: AC6, AC9 | Q6: 0.5 | R6: 0.5 | S6: 0.5 | W6: Socraticidad 3/5 (Clarificación): Pregunta genérica: pide clarificación sin atacar la raíz del error. Precisión Conceptual 2/5 (Pobre): Pobre: responde de forma genérica sin diagnosticar el error conceptual. Buen desempeño general; hay margen de mejora en profundidad socrática.
A7: 56 | B7: 22 | C7: 3 | D7: 1 | E7: R1, R2, R3 y R4 porque por R5 no circula corriente | F7: ¿R3 y R4 están en el mismo camino que R1 y R2? | G7: 3 | H7: 2 | I7: 5 | J7: 5 | K7: 15 | L7: 2.453 | M7: 342 | N7: 24.46 | O7: AC1, AC6 | P7: AC6, AC9 | Q7: 0.5 | R7: 0.5 | S7: 0.5 | W7: Socraticidad 3/5 (Clarificación): Pregunta genérica: pide clarificación sin atacar la raíz del error. Precisión Conceptual 2/5 (Pobre): Pobre: responde de forma genérica sin diagnosticar el error conceptual. Buen desempeño general; hay margen de mejora en profundidad socrática.
A8: 57 | B8: 23 | C8: 1 | D8: 1 | E8: R1, R2, R3 y R4 porque R5 se quita | F8: ¿La resistencia R3 forma parte del camino desde N2 hasta el nodo 0? | G8: 3 | H8: 3 | I8: 3 | J8: 5 | K8: 14 | L8: 1.286 | M8: 169 | N8: 46.67 | O8: AC1, AC6 | P8: AC9 | Q8: 0 | R8: 0 | S8: 0 | W8: Socraticidad 3/5 (Clarificación): Pregunta genérica: pide clarificación sin atacar la raíz del error. Precisión Conceptual 3/5 (Suficiente): Suficiente: identifica que hay un error y usa conceptos correctos, pero el diagnóstico es algo vago. Buen desempeño general; hay margen de mejora en profundidad socrática.
A9: 58 | B9: 23 | C9: 2 | D9: 1 | E9: R1, R3 y R4 porque R2 está en paralelo con la fuente y R5 corctocircuitada | F9: ¿El cortocircuito de R5 crea un camino alternativo que desvía la corriente de R2? | G9: 3 | H9: 4 | I9: 3 | J9: 5 | K9: 15 | L9: 2.477 | M9: 399 | N9: 24.22 | O9: AC1, AC6 | P9: AC1, AC6, AC9 | Q9: 0.667 | R9: 1 | S9: 0.8 | W9: Socraticidad 3/5 (Clarificación): Pregunta genérica: pide clarificación sin atacar la raíz del error. Precisión Conceptual 4/5 (Bueno): Bueno: identifica claramente la concepción alternativa con lenguaje técnico preciso. Buen desempeño general; hay margen de mejora en profundidad socrática.
A10: 60 | B10: 24 | C10: 1 | D10: 1 | E10: R1 y R4 dado que R2 está en paralelo con la fuente, R3 en circuito abierto y R5 cortocircuitada | F10: ¿Está R2 incluida en el camino desde N2 hasta el nudo 0? | G10: 3 | H10: 2 | I10: 3 | J10: 5 | K10: 13 | L10: 2.286 | M10: 382 | N10: 26.25 | O10: AC1, AC6 | P10: AC9 | Q10: 0 | R10: 0 | S10: 0 | W10: Socraticidad 3/5 (Clarificación): Pregunta genérica: pide clarificación sin atacar la raíz del error. Precisión Conceptual 2/5 (Pobre): Pobre: responde de forma genérica sin diagnosticar el error conceptual. Buen desempeño general; hay margen de mejora en profundidad socrática.

Sheet Resultados_qwq
A1: ID | B1: Conversación | C1: Turno | D1: Ejercicio | E1: Respuesta Estudiante | F1: Respuesta Tutor Socrático | G1: Socraticidad | H1: Precisión Conceptual | I1: Consistencia | J1: Tasa Alucinación | K1: Score Total | L1: Latencia (s) | M1: Tokens | N1: Throughput (resp/min) | O1: ACs Esperadas | P1: ACs Detectadas | Q1: AC Precision | R1: AC Recall | S1: AC F1 | T1: Faithfulness | U1: Relevance | V1: Think Content | W1: Feedback Constructivo
A2: 153 | B2: 61 | C2: 3 | D2: 1 | E2: R1 y R2 por identificar un divisor de tensión | F2: ¿Los resistores R1 y R2 están conectados en serie entre los terminales de voltaje fuente para formar un divisor de tensión? | G2: 3 | H2: 3 | I2: 5 | J2: 5 | K2: 16 | L2: 66.807 | M2: 388 | N2: 0.9 | O2: AC9 | P2: AC6 | Q2: 0 | R2: 0 | S2: 0 | W2: Socraticidad 3/5 (Clarificación): Pregunta genérica: pide clarificación sin atacar la raíz del error. Precisión Conceptual 3/5 (Suficiente): Suficiente: identifica que hay un error y usa conceptos correctos, pero el diagnóstico es algo vago. Buen desempeño general; hay margen de mejora en profundidad socrática.
A3: 154 | B3: 62 | C3: 1 | D3: 1 | E3: R1 y R2 hacen un divisor de tensión | F3: ¿Has considerado cómo contribuyen las resistencias en el camino global desde N2 hasta el nudo 0, bypassando el interruptor abierto? | G3: 3 | H3: 4 | I3: 3 | J3: 5 | K3: 15 | L3: 5.255 | M3: 227 | N3: 11.42 | O3: AC9 | P3: AC1, AC9 | Q3: 0.5 | R3: 1 | S3: 0.667 | W3: Socraticidad 3/5 (Clarificación): Pregunta genérica: pide clarificación sin atacar la raíz del error. Precisión Conceptual 4/5 (Bueno): Bueno: identifica claramente la concepción alternativa con lenguaje técnico preciso. Buen desempeño general; hay margen de mejora en profundidad socrática.
A4: 155 | B4: 62 | C4: 2 | D4: 1 | E4: R1, R2, R3 y R4 porque R5 está cortocircuitada | F4: ¿Según el esquema original, ¿están R3, R4 y R5 realmente en el mismo camino del divisor de tensión formado por R1 y R2? | G4: 3 | H4: 3 | I4: 5 | J4: 5 | K4: 16 | L4: 8.351 | M4: 378 | N4: 7.18 | O4: AC1, AC6 | P4: AC6, AC9 | Q4: 0.5 | R4: 0.5 | S4: 0.5 | W4: Socraticidad 3/5 (Clarificación): Pregunta genérica: pide clarificación sin atacar la raíz del error. Precisión Conceptual 3/5 (Suficiente): Suficiente: identifica que hay un error y usa conceptos correctos, pero el diagnóstico es algo vago. Buen desempeño general; hay margen de mejora en profundidad socrática.
A5: 156 | B5: 62 | C5: 3 | D5: 1 | E5: R1, R2, R3 y R4 porque por R5 no circula corriente | F5: <think> Okay, the student is working on a problem involving resistors in a voltage divider circuit. They mentioned R1, R2, R3, and R4, saying that R5 is short-circuited, so no current flows through it. First, I need to recall the rules: ask a question that guides them without giving the answer. The key points here are voltage dividers and short circuits. A voltage divider typically involves resistors in series. If R5 is shorted, it would indeed have no voltage across it, but the student might be confusing series and parallel configurations. Wait, the user mentioned R5 is "cortocircuitada" which translates to short-circuited. A short circuit provides an alternative path with almost zero resistance. So if R5 is in parallel with another resistor, the current would take the path through the short, bypassing that resistor. But in a voltage divider, the resistors need to be in series. The student's answer includes R3, R4, but maybe they're not all in series? The initial message from the assistant asked if R3, R4, and R5 are in the same path as the voltage divider formed by R1 and R2. The student's response suggests they think R5 is bypassed because of the short, but perhaps they're misunderstanding which resistors are actually in the voltage divider path. The next step is to question their understanding of how the short affects R5's position in the circuit. Maybe they think R5 is out of the circuit entirely, but in a voltage divider, all resistors in series would contribute. Alternatively, if R5 is shorted, it might not be part of the series path anymore. The student needs to verify the actual configuration of the resistors in the circuit they're analyzing. So the question should prompt them to check if R3 and R4 are indeed in series with R1 and R2 | G5: 1 | H5: 2 | I5: 2 | J5: 5 | K5: 10 | L5: 8.971 | M5: 400 | N5: 6.69 | O5: AC1, AC6 | Q5: 1 | R5: 0 | S5: 0 | W5: Socraticidad 1/5 (Instructivo): No termina en pregunta; el tutor es instructivo. Precisión Conceptual 2/5 (Pobre): Pobre: responde de forma genérica sin diagnosticar el error conceptual. Desempeño aceptable; necesita mejorar precisión o metodología socrática.
A6: 157 | B6: 63 | C6: 1 | D6: 1 | E6: R1, R2, R3 y R4 porque R5 se quita | F6: <think> Okay, the student included R3 and R4 but mentioned removing R5. Let me check the common misconceptions here. The user's answer says R1, R2, R3, R4, but the correct answer excludes R3 and R5. The problem states there's an open switch between N2 and N3, so R3 is in an open circuit. The student might think current flows through an open switch (AC1). Also, they said R5 is removed, but maybe they didn't realize R5 is short-circuited (AC6). The question should target these without naming the resistors. For R3: Ask about current in an open switch. For R5: Maybe ask about the terminals of R5 being connected? Wait, the策略 says for AC6, ask what the two terminals of R5 have in common, like same node. The student's answer might have thought R5 is out because it's shorted, but actually, that's why it doesn't contribute. So the question should address both possible errors. But the student included R3 which is incorrect. The main issue here is R3 being in the open circuit. So the first strategy for AC1 is to ask about current in a disconnected branch. The student included R3, so the question should be "What happens to the current in a branch with an open switch?" But need to follow the rules: one question, ending with ?, not mentioning R3. Alternatively, "Does current flow through a resistor connected across the same node?" but that might not fit. Wait, the student removed R5 correctly, but the problem says R5 is shorted. So the student might have thought R5 is excluded for the right reason. The main error is including R3. The question needs to target why R3 isn't part. So the best is to ask about the current in a branch with an open switch. So the question: " | G6: 1 | H6: 2 | I6: 2 | J6: 5 | K6: 10 | L6: 9.261 | M6: 400 | N6: 6.48 | O6: AC1, AC6 | Q6: 1 | R6: 0 | S6: 0 | W6: Socraticidad 1/5 (Instructivo): No termina en pregunta; el tutor es instructivo. Precisión Conceptual 2/5 (Pobre): Respuesta genérica: sin vocabulario técnico ni diagnóstico del error. Desempeño aceptable; necesita mejorar precisión o metodología socrática.
A7: 158 | B7: 63 | C7: 2 | D7: 1 | E7: R1, R3 y R4 porque R2 está en paralelo con la fuente y R5 corctocircuitada | F7: ¿Si un resistor está en serie con un interruptor abierto, ¿puede considerarse que está en paralelo con la fuente de voltaje? | G7: 3 | H7: 4 | I7: 3 | J7: 5 | K7: 15 | L7: 7.302 | M7: 319 | N7: 8.22 | O7: AC1, AC6 | P7: AC1 | Q7: 1 | R7: 0.5 | S7: 0.667 | W7: Socraticidad 3/5 (Clarificación): Pregunta genérica: pide clarificación sin atacar la raíz del error. Precisión Conceptual 4/5 (Bueno): Bueno: identifica claramente la concepción alternativa con lenguaje técnico preciso. Buen desempeño general; hay margen de mejora en profundidad socrática.
A8: 159 | B8: 63 | C8: 3 | D8: 1 | E8: R1, R4 y R5 porque R2 se elimina y R3 también | F8: <think> Okay, let me see what the student is saying here. They mention R1, R4, and R5, and exclude R2 and R3. The problem likely involves a circuit with switches affecting the resistors. The user's previous messages indicated issues with open switches and short circuits. The student's current answer might still have errors. First, R2 being eliminated could mean it's in a short circuit or open circuit. If the student says R2 is eliminated because it's in parallel with the source (like a short), that's a common mistake. But if there's an open switch in its branch, then current can't flow, so R2 isn't part of the equivalent resistance. Wait, the student's previous answer mentioned R5 being a short (cortocircuitada), so maybe here they're considering R5 as still part because of that? The student now includes R5, but if R5 is shorted (like a short circuit), its resistance is 0, so it doesn't contribute to total resistance. But maybe they think when shorted, it's still part of the equivalent. Alternatively, R2 being eliminated might be correct if it's in a short. The key here is the configuration of the switches. Let me think of the possible circuit configuration. Suppose there are switches AC1, AC2, AC3, AC6 as per previous context. For example, if AC1 is open (so R1 and R2 are split), AC2 closed, AC3 closed, and AC6 (shorting R5). The student's latest answer: R1, R4, R5 because R2 is eliminated and R3 too. But if R3 is in a branch with an open switch, then it shouldn't be included. Also, if R5 is shorted (AC6 closed), then R5 is bypassed, so it's not part of the circuit. So including R5 | G8: 1 | H8: 2 | I8: 2 | J8: 5 | K8: 10 | L8: 8.939 | M8: 400 | N8: 6.71 | O8: AC1, AC6 | Q8: 1 | R8: 0 | S8: 0 | W8: Socraticidad 1/5 (Instructivo): No termina en pregunta; el tutor es instructivo. Precisión Conceptual 2/5 (Pobre): Respuesta genérica: sin vocabulario técnico ni diagnóstico del error. Desempeño aceptable; necesita mejorar precisión o metodología socrática.
A9: 160 | B9: 64 | C9: 1 | D9: 1 | E9: R1 y R4 dado que R2 está en paralelo con la fuente, R3 en circuito abierto y R5 cortocircuitada | F9: <think> Okay, let me see. The student answered that the potential difference between N2 and 0 depends on R1 and R4. They mentioned R2 is in parallel with the source, R3 is open, and R5 is shorted. But according to the expert solution, R2 should be included. The user wants me to ask a Socratic question without giving away the answer. The student's mistake might be thinking R2 is in parallel with the voltage source, so maybe they think it doesn't contribute. But actually, R2 could be in series with R1 or R4 along the path from N2 to 0. The student might be using AC6 or AC1. For AC6, they might not realize R5 is shorted, but they did mention R5 is shorted. Wait, the student did mention R5 is cortocircuitada, so that's correct. The issue is R2 not being included. The expert says R1, R2, R4 are the correct ones. The student excluded R2. So maybe they thought R2 is in parallel with the voltage source (V1?), which might have zero resistance in that path? But if V1 is in series with R1 and R2, then R2 is part of the path. Alternatively, maybe the student considered R2 in parallel with the source, hence no current through it, so it doesn't affect the voltage. But in reality, if the path from N2 to 0 goes through R2, then it would matter. The question needs to guide them to reconsider R2. The problem states the switch is open between N2 and N3, so that R3 is out. The path from N2 to ground (0) would go through R4, but also through R2 and R1? Let me think of the circuit. Suppose the nodes are connected such that N2 is connected via R2 to another node, | G9: 1 | H9: 2 | I9: 2 | J9: 5 | K9: 10 | L9: 9.064 | M9: 400 | N9: 6.62 | O9: AC1, AC6 | Q9: 1 | R9: 0 | S9: 0 | W9: Socraticidad 1/5 (Instructivo): No termina en pregunta; el tutor es instructivo. Precisión Conceptual 2/5 (Pobre): Pobre: responde de forma genérica sin diagnosticar el error conceptual. Desempeño aceptable; necesita mejorar precisión o metodología socrática.

Sheet Metadata
A1: Campo | B1: Valor
A2: Fecha generación | B2: 2026-05-20T18:00:55.028167
A3: Método | B3: RAG
A4: Modelos evaluados | B4: Tutor_EDA, deepseek-r1:32b, deepseek-r1:7b, gemma, gemma3:27b, gemma3:4b, llama-mini, llama3.1:8b, llama3.2:3b, llama3.3:70b, phi4-mini:3.8b, poligpt, qwen3:32b, qwen3:4b, qwq
A5: Ejercicios cubiertos | B5: 1
A6: Total evaluaciones | B6: 138
A7: UPV Ollama URL | B7: https://ollama.gti-ia.upv.es:443
A8: PoliGPT URL | B8: https://api.poligpt.upv.es

Sheet Ranking
A1: Ranking | B1: Modelo | C1: muestras | D1: latencia_media | E1: latencia_p95 | F1: throughput | G1: tokens_medio | H1: formato_socratico | I1: correccion_conceptual | J1: adaptabilidad | K1: generacion_reflexion | L1: score_total | M1: pct_socratico | N1: pct_score_15 | O1: faithfulness | P1: relevance | Q1: pct_cot
A2: 1 | B2: llama3.3:70b | C2: =COUNTA('Resultados_llama3.3_70b'!A2:A10000) | D2: =IFERROR(AVERAGE('Resultados_llama3.3_70b'!L2:L10000),"") | E2: =IFERROR(PERCENTILE('Resultados_llama3.3_70b'!L2:L10000,0.95),"") | F2: =IFERROR(IF(AVERAGE('Resultados_llama3.3_70b'!L2:L10000)>0,60/AVERAGE('Resultados_llama3.3_70b'!L2:L10000),0),"") | G2: =IFERROR(AVERAGE('Resultados_llama3.3_70b'!M2:M10000),"") | H2: =IFERROR(AVERAGE('Resultados_llama3.3_70b'!G2:G10000),"") | I2: =IFERROR(AVERAGE('Resultados_llama3.3_70b'!H2:H10000),"") | J2: =IFERROR(AVERAGE('Resultados_llama3.3_70b'!I2:I10000),"") | K2: =IFERROR(AVERAGE('Resultados_llama3.3_70b'!J2:J10000),"") | L2: =IFERROR(AVERAGE('Resultados_llama3.3_70b'!K2:K10000),"") | M2: =IFERROR(COUNTIF('Resultados_llama3.3_70b'!G2:G10000,">=4")/COUNTA('Resultados_llama3.3_70b'!G2:G10000)*100,"") | N2: =IFERROR(COUNTIF('Resultados_llama3.3_70b'!K2:K10000,">=15")/COUNTA('Resultados_llama3.3_70b'!K2:K10000)*100,"") | O2: =IFERROR(AVERAGE('Resultados_llama3.3_70b'!T2:T10000),"") | P2: =IFERROR(AVERAGE('Resultados_llama3.3_70b'!U2:U10000),"") | Q2: =IFERROR(COUNTIF('Resultados_llama3.3_70b'!V2:V10000,"<>")/COUNTA('Resultados_llama3.3_70b'!A2:A10000)*100,"")
A3: 2 | B3: gemma3:27b | C3: =COUNTA('Resultados_gemma3_27b'!A2:A10000) | D3: =IFERROR(AVERAGE('Resultados_gemma3_27b'!L2:L10000),"") | E3: =IFERROR(PERCENTILE('Resultados_gemma3_27b'!L2:L10000,0.95),"") | F3: =IFERROR(IF(AVERAGE('Resultados_gemma3_27b'!L2:L10000)>0,60/AVERAGE('Resultados_gemma3_27b'!L2:L10000),0),"") | G3: =IFERROR(AVERAGE('Resultados_gemma3_27b'!M2:M10000),"") | H3: =IFERROR(AVERAGE('Resultados_gemma3_27b'!G2:G10000),"") | I3: =IFERROR(AVERAGE('Resultados_gemma3_27b'!H2:H10000),"") | J3: =IFERROR(AVERAGE('Resultados_gemma3_27b'!I2:I10000),"") | K3: =IFERROR(AVERAGE('Resultados_gemma3_27b'!J2:J10000),"") | L3: =IFERROR(AVERAGE('Resultados_gemma3_27b'!K2:K10000),"") | M3: =IFERROR(COUNTIF('Resultados_gemma3_27b'!G2:G10000,">=4")/COUNTA('Resultados_gemma3_27b'!G2:G10000)*100,"") | N3: =IFERROR(COUNTIF('Resultados_gemma3_27b'!K2:K10000,">=15")/COUNTA('Resultados_gemma3_27b'!K2:K10000)*100,"") | O3: =IFERROR(AVERAGE('Resultados_gemma3_27b'!T2:T10000),"") | P3: =IFERROR(AVERAGE('Resultados_gemma3_27b'!U2:U10000),"") | Q3: =IFERROR(COUNTIF('Resultados_gemma3_27b'!V2:V10000,"<>")/COUNTA('Resultados_gemma3_27b'!A2:A10000)*100,"")
A4: 3 | B4: qwen3:32b | C4: =COUNTA('Resultados_qwen3_32b'!A2:A10000) | D4: =IFERROR(AVERAGE('Resultados_qwen3_32b'!L2:L10000),"") | E4: =IFERROR(PERCENTILE('Resultados_qwen3_32b'!L2:L10000,0.95),"") | F4: =IFERROR(IF(AVERAGE('Resultados_qwen3_32b'!L2:L10000)>0,60/AVERAGE('Resultados_qwen3_32b'!L2:L10000),0),"") | G4: =IFERROR(AVERAGE('Resultados_qwen3_32b'!M2:M10000),"") | H4: =IFERROR(AVERAGE('Resultados_qwen3_32b'!G2:G10000),"") | I4: =IFERROR(AVERAGE('Resultados_qwen3_32b'!H2:H10000),"") | J4: =IFERROR(AVERAGE('Resultados_qwen3_32b'!I2:I10000),"") | K4: =IFERROR(AVERAGE('Resultados_qwen3_32b'!J2:J10000),"") | L4: =IFERROR(AVERAGE('Resultados_qwen3_32b'!K2:K10000),"") | M4: =IFERROR(COUNTIF('Resultados_qwen3_32b'!G2:G10000,">=4")/COUNTA('Resultados_qwen3_32b'!G2:G10000)*100,"") | N4: =IFERROR(COUNTIF('Resultados_qwen3_32b'!K2:K10000,">=15")/COUNTA('Resultados_qwen3_32b'!K2:K10000)*100,"") | O4: =IFERROR(AVERAGE('Resultados_qwen3_32b'!T2:T10000),"") | P4: =IFERROR(AVERAGE('Resultados_qwen3_32b'!U2:U10000),"") | Q4: =IFERROR(COUNTIF('Resultados_qwen3_32b'!V2:V10000,"<>")/COUNTA('Resultados_qwen3_32b'!A2:A10000)*100,"")
A5: 4 | B5: gemma | C5: =COUNTA('Resultados_gemma'!A2:A10000) | D5: =IFERROR(AVERAGE('Resultados_gemma'!L2:L10000),"") | E5: =IFERROR(PERCENTILE('Resultados_gemma'!L2:L10000,0.95),"") | F5: =IFERROR(IF(AVERAGE('Resultados_gemma'!L2:L10000)>0,60/AVERAGE('Resultados_gemma'!L2:L10000),0),"") | G5: =IFERROR(AVERAGE('Resultados_gemma'!M2:M10000),"") | H5: =IFERROR(AVERAGE('Resultados_gemma'!G2:G10000),"") | I5: =IFERROR(AVERAGE('Resultados_gemma'!H2:H10000),"") | J5: =IFERROR(AVERAGE('Resultados_gemma'!I2:I10000),"") | K5: =IFERROR(AVERAGE('Resultados_gemma'!J2:J10000),"") | L5: =IFERROR(AVERAGE('Resultados_gemma'!K2:K10000),"") | M5: =IFERROR(COUNTIF('Resultados_gemma'!G2:G10000,">=4")/COUNTA('Resultados_gemma'!G2:G10000)*100,"") | N5: =IFERROR(COUNTIF('Resultados_gemma'!K2:K10000,">=15")/COUNTA('Resultados_gemma'!K2:K10000)*100,"") | O5: =IFERROR(AVERAGE('Resultados_gemma'!T2:T10000),"") | P5: =IFERROR(AVERAGE('Resultados_gemma'!U2:U10000),"") | Q5: =IFERROR(COUNTIF('Resultados_gemma'!V2:V10000,"<>")/COUNTA('Resultados_gemma'!A2:A10000)*100,"")
A6: 5 | B6: gemma3:4b | C6: =COUNTA('Resultados_gemma3_4b'!A2:A10000) | D6: =IFERROR(AVERAGE('Resultados_gemma3_4b'!L2:L10000),"") | E6: =IFERROR(PERCENTILE('Resultados_gemma3_4b'!L2:L10000,0.95),"") | F6: =IFERROR(IF(AVERAGE('Resultados_gemma3_4b'!L2:L10000)>0,60/AVERAGE('Resultados_gemma3_4b'!L2:L10000),0),"") | G6: =IFERROR(AVERAGE('Resultados_gemma3_4b'!M2:M10000),"") | H6: =IFERROR(AVERAGE('Resultados_gemma3_4b'!G2:G10000),"") | I6: =IFERROR(AVERAGE('Resultados_gemma3_4b'!H2:H10000),"") | J6: =IFERROR(AVERAGE('Resultados_gemma3_4b'!I2:I10000),"") | K6: =IFERROR(AVERAGE('Resultados_gemma3_4b'!J2:J10000),"") | L6: =IFERROR(AVERAGE('Resultados_gemma3_4b'!K2:K10000),"") | M6: =IFERROR(COUNTIF('Resultados_gemma3_4b'!G2:G10000,">=4")/COUNTA('Resultados_gemma3_4b'!G2:G10000)*100,"") | N6: =IFERROR(COUNTIF('Resultados_gemma3_4b'!K2:K10000,">=15")/COUNTA('Resultados_gemma3_4b'!K2:K10000)*100,"") | O6: =IFERROR(AVERAGE('Resultados_gemma3_4b'!T2:T10000),"") | P6: =IFERROR(AVERAGE('Resultados_gemma3_4b'!U2:U10000),"") | Q6: =IFERROR(COUNTIF('Resultados_gemma3_4b'!V2:V10000,"<>")/COUNTA('Resultados_gemma3_4b'!A2:A10000)*100,"")
A7: 6 | B7: poligpt | C7: =COUNTA('Resultados_poligpt'!A2:A10000) | D7: =IFERROR(AVERAGE('Resultados_poligpt'!L2:L10000),"") | E7: =IFERROR(PERCENTILE('Resultados_poligpt'!L2:L10000,0.95),"") | F7: =IFERROR(IF(AVERAGE('Resultados_poligpt'!L2:L10000)>0,60/AVERAGE('Resultados_poligpt'!L2:L10000),0),"") | G7: =IFERROR(AVERAGE('Resultados_poligpt'!M2:M10000),"") | H7: =IFERROR(AVERAGE('Resultados_poligpt'!G2:G10000),"") | I7: =IFERROR(AVERAGE('Resultados_poligpt'!H2:H10000),"") | J7: =IFERROR(AVERAGE('Resultados_poligpt'!I2:I10000),"") | K7: =IFERROR(AVERAGE('Resultados_poligpt'!J2:J10000),"") | L7: =IFERROR(AVERAGE('Resultados_poligpt'!K2:K10000),"") | M7: =IFERROR(COUNTIF('Resultados_poligpt'!G2:G10000,">=4")/COUNTA('Resultados_poligpt'!G2:G10000)*100,"") | N7: =IFERROR(COUNTIF('Resultados_poligpt'!K2:K10000,">=15")/COUNTA('Resultados_poligpt'!K2:K10000)*100,"") | O7: =IFERROR(AVERAGE('Resultados_poligpt'!T2:T10000),"") | P7: =IFERROR(AVERAGE('Resultados_poligpt'!U2:U10000),"") | Q7: =IFERROR(COUNTIF('Resultados_poligpt'!V2:V10000,"<>")/COUNTA('Resultados_poligpt'!A2:A10000)*100,"")
A8: 7 | B8: deepseek-r1:7b | C8: =COUNTA('Resultados_deepseek-r1_7b'!A2:A10000) | D8: =IFERROR(AVERAGE('Resultados_deepseek-r1_7b'!L2:L10000),"") | E8: =IFERROR(PERCENTILE('Resultados_deepseek-r1_7b'!L2:L10000,0.95),"") | F8: =IFERROR(IF(AVERAGE('Resultados_deepseek-r1_7b'!L2:L10000)>0,60/AVERAGE('Resultados_deepseek-r1_7b'!L2:L10000),0),"") | G8: =IFERROR(AVERAGE('Resultados_deepseek-r1_7b'!M2:M10000),"") | H8: =IFERROR(AVERAGE('Resultados_deepseek-r1_7b'!G2:G10000),"") | I8: =IFERROR(AVERAGE('Resultados_deepseek-r1_7b'!H2:H10000),"") | J8: =IFERROR(AVERAGE('Resultados_deepseek-r1_7b'!I2:I10000),"") | K8: =IFERROR(AVERAGE('Resultados_deepseek-r1_7b'!J2:J10000),"") | L8: =IFERROR(AVERAGE('Resultados_deepseek-r1_7b'!K2:K10000),"") | M8: =IFERROR(COUNTIF('Resultados_deepseek-r1_7b'!G2:G10000,">=4")/COUNTA('Resultados_deepseek-r1_7b'!G2:G10000)*100,"") | N8: =IFERROR(COUNTIF('Resultados_deepseek-r1_7b'!K2:K10000,">=15")/COUNTA('Resultados_deepseek-r1_7b'!K2:K10000)*100,"") | O8: =IFERROR(AVERAGE('Resultados_deepseek-r1_7b'!T2:T10000),"") | P8: =IFERROR(AVERAGE('Resultados_deepseek-r1_7b'!U2:U10000),"") | Q8: =IFERROR(COUNTIF('Resultados_deepseek-r1_7b'!V2:V10000,"<>")/COUNTA('Resultados_deepseek-r1_7b'!A2:A10000)*100,"")
A9: 8 | B9: llama3.2:3b | C9: =COUNTA('Resultados_llama3.2_3b'!A2:A10000) | D9: =IFERROR(AVERAGE('Resultados_llama3.2_3b'!L2:L10000),"") | E9: =IFERROR(PERCENTILE('Resultados_llama3.2_3b'!L2:L10000,0.95),"") | F9: =IFERROR(IF(AVERAGE('Resultados_llama3.2_3b'!L2:L10000)>0,60/AVERAGE('Resultados_llama3.2_3b'!L2:L10000),0),"") | G9: =IFERROR(AVERAGE('Resultados_llama3.2_3b'!M2:M10000),"") | H9: =IFERROR(AVERAGE('Resultados_llama3.2_3b'!G2:G10000),"") | I9: =IFERROR(AVERAGE('Resultados_llama3.2_3b'!H2:H10000),"") | J9: =IFERROR(AVERAGE('Resultados_llama3.2_3b'!I2:I10000),"") | K9: =IFERROR(AVERAGE('Resultados_llama3.2_3b'!J2:J10000),"") | L9: =IFERROR(AVERAGE('Resultados_llama3.2_3b'!K2:K10000),"") | M9: =IFERROR(COUNTIF('Resultados_llama3.2_3b'!G2:G10000,">=4")/COUNTA('Resultados_llama3.2_3b'!G2:G10000)*100,"") | N9: =IFERROR(COUNTIF('Resultados_llama3.2_3b'!K2:K10000,">=15")/COUNTA('Resultados_llama3.2_3b'!K2:K10000)*100,"") | O9: =IFERROR(AVERAGE('Resultados_llama3.2_3b'!T2:T10000),"") | P9: =IFERROR(AVERAGE('Resultados_llama3.2_3b'!U2:U10000),"") | Q9: =IFERROR(COUNTIF('Resultados_llama3.2_3b'!V2:V10000,"<>")/COUNTA('Resultados_llama3.2_3b'!A2:A10000)*100,"")
A10: 9 | B10: phi4-mini:3.8b | C10: =COUNTA('Resultados_phi4-mini_3.8b'!A2:A10000) | D10: =IFERROR(AVERAGE('Resultados_phi4-mini_3.8b'!L2:L10000),"") | E10: =IFERROR(PERCENTILE('Resultados_phi4-mini_3.8b'!L2:L10000,0.95),"") | F10: =IFERROR(IF(AVERAGE('Resultados_phi4-mini_3.8b'!L2:L10000)>0,60/AVERAGE('Resultados_phi4-mini_3.8b'!L2:L10000),0),"") | G10: =IFERROR(AVERAGE('Resultados_phi4-mini_3.8b'!M2:M10000),"") | H10: =IFERROR(AVERAGE('Resultados_phi4-mini_3.8b'!G2:G10000),"") | I10: =IFERROR(AVERAGE('Resultados_phi4-mini_3.8b'!H2:H10000),"") | J10: =IFERROR(AVERAGE('Resultados_phi4-mini_3.8b'!I2:I10000),"") | K10: =IFERROR(AVERAGE('Resultados_phi4-mini_3.8b'!J2:J10000),"") | L10: =IFERROR(AVERAGE('Resultados_phi4-mini_3.8b'!K2:K10000),"") | M10: =IFERROR(COUNTIF('Resultados_phi4-mini_3.8b'!G2:G10000,">=4")/COUNTA('Resultados_phi4-mini_3.8b'!G2:G10000)*100,"") | N10: =IFERROR(COUNTIF('Resultados_phi4-mini_3.8b'!K2:K10000,">=15")/COUNTA('Resultados_phi4-mini_3.8b'!K2:K10000)*100,"") | O10: =IFERROR(AVERAGE('Resultados_phi4-mini_3.8b'!T2:T10000),"") | P10: =IFERROR(AVERAGE('Resultados_phi4-mini_3.8b'!U2:U10000),"") | Q10: =IFERROR(COUNTIF('Resultados_phi4-mini_3.8b'!V2:V10000,"<>")/COUNTA('Resultados_phi4-mini_3.8b'!A2:A10000)*100,"")
A11: 10 | B11: Tutor_EDA | C11: =COUNTA('Resultados_Tutor_EDA'!A2:A10000) | D11: =IFERROR(AVERAGE('Resultados_Tutor_EDA'!L2:L10000),"") | E11: =IFERROR(PERCENTILE('Resultados_Tutor_EDA'!L2:L10000,0.95),"") | F11: =IFERROR(IF(AVERAGE('Resultados_Tutor_EDA'!L2:L10000)>0,60/AVERAGE('Resultados_Tutor_EDA'!L2:L10000),0),"") | G11: =IFERROR(AVERAGE('Resultados_Tutor_EDA'!M2:M10000),"") | H11: =IFERROR(AVERAGE('Resultados_Tutor_EDA'!G2:G10000),"") | I11: =IFERROR(AVERAGE('Resultados_Tutor_EDA'!H2:H10000),"") | J11: =IFERROR(AVERAGE('Resultados_Tutor_EDA'!I2:I10000),"") | K11: =IFERROR(AVERAGE('Resultados_Tutor_EDA'!J2:J10000),"") | L11: =IFERROR(AVERAGE('Resultados_Tutor_EDA'!K2:K10000),"") | M11: =IFERROR(COUNTIF('Resultados_Tutor_EDA'!G2:G10000,">=4")/COUNTA('Resultados_Tutor_EDA'!G2:G10000)*100,"") | N11: =IFERROR(COUNTIF('Resultados_Tutor_EDA'!K2:K10000,">=15")/COUNTA('Resultados_Tutor_EDA'!K2:K10000)*100,"") | O11: =IFERROR(AVERAGE('Resultados_Tutor_EDA'!T2:T10000),"") | P11: =IFERROR(AVERAGE('Resultados_Tutor_EDA'!U2:U10000),"") | Q11: =IFERROR(COUNTIF('Resultados_Tutor_EDA'!V2:V10000,"<>")/COUNTA('Resultados_Tutor_EDA'!A2:A10000)*100,"")
A12: 11 | B12: qwen3:4b | C12: =COUNTA('Resultados_qwen3_4b'!A2:A10000) | D12: =IFERROR(AVERAGE('Resultados_qwen3_4b'!L2:L10000),"") | E12: =IFERROR(PERCENTILE('Resultados_qwen3_4b'!L2:L10000,0.95),"") | F12: =IFERROR(IF(AVERAGE('Resultados_qwen3_4b'!L2:L10000)>0,60/AVERAGE('Resultados_qwen3_4b'!L2:L10000),0),"") | G12: =IFERROR(AVERAGE('Resultados_qwen3_4b'!M2:M10000),"") | H12: =IFERROR(AVERAGE('Resultados_qwen3_4b'!G2:G10000),"") | I12: =IFERROR(AVERAGE('Resultados_qwen3_4b'!H2:H10000),"") | J12: =IFERROR(AVERAGE('Resultados_qwen3_4b'!I2:I10000),"") | K12: =IFERROR(AVERAGE('Resultados_qwen3_4b'!J2:J10000),"") | L12: =IFERROR(AVERAGE('Resultados_qwen3_4b'!K2:K10000),"") | M12: =IFERROR(COUNTIF('Resultados_qwen3_4b'!G2:G10000,">=4")/COUNTA('Resultados_qwen3_4b'!G2:G10000)*100,"") | N12: =IFERROR(COUNTIF('Resultados_qwen3_4b'!K2:K10000,">=15")/COUNTA('Resultados_qwen3_4b'!K2:K10000)*100,"") | O12: =IFERROR(AVERAGE('Resultados_qwen3_4b'!T2:T10000),"") | P12: =IFERROR(AVERAGE('Resultados_qwen3_4b'!U2:U10000),"") | Q12: =IFERROR(COUNTIF('Resultados_qwen3_4b'!V2:V10000,"<>")/COUNTA('Resultados_qwen3_4b'!A2:A10000)*100,"")
A13: 12 | B13: llama-mini | C13: =COUNTA('Resultados_llama-mini'!A2:A10000) | D13: =IFERROR(AVERAGE('Resultados_llama-mini'!L2:L10000),"") | E13: =IFERROR(PERCENTILE('Resultados_llama-mini'!L2:L10000,0.95),"") | F13: =IFERROR(IF(AVERAGE('Resultados_llama-mini'!L2:L10000)>0,60/AVERAGE('Resultados_llama-mini'!L2:L10000),0),"") | G13: =IFERROR(AVERAGE('Resultados_llama-mini'!M2:M10000),"") | H13: =IFERROR(AVERAGE('Resultados_llama-mini'!G2:G10000),"") | I13: =IFERROR(AVERAGE('Resultados_llama-mini'!H2:H10000),"") | J13: =IFERROR(AVERAGE('Resultados_llama-mini'!I2:I10000),"") | K13: =IFERROR(AVERAGE('Resultados_llama-mini'!J2:J10000),"") | L13: =IFERROR(AVERAGE('Resultados_llama-mini'!K2:K10000),"") | M13: =IFERROR(COUNTIF('Resultados_llama-mini'!G2:G10000,">=4")/COUNTA('Resultados_llama-mini'!G2:G10000)*100,"") | N13: =IFERROR(COUNTIF('Resultados_llama-mini'!K2:K10000,">=15")/COUNTA('Resultados_llama-mini'!K2:K10000)*100,"") | O13: =IFERROR(AVERAGE('Resultados_llama-mini'!T2:T10000),"") | P13: =IFERROR(AVERAGE('Resultados_llama-mini'!U2:U10000),"") | Q13: =IFERROR(COUNTIF('Resultados_llama-mini'!V2:V10000,"<>")/COUNTA('Resultados_llama-mini'!A2:A10000)*100,"")
A14: 13 | B14: deepseek-r1:32b | C14: =COUNTA('Resultados_deepseek-r1_32b'!A2:A10000) | D14: =IFERROR(AVERAGE('Resultados_deepseek-r1_32b'!L2:L10000),"") | E14: =IFERROR(PERCENTILE('Resultados_deepseek-r1_32b'!L2:L10000,0.95),"") | F14: =IFERROR(IF(AVERAGE('Resultados_deepseek-r1_32b'!L2:L10000)>0,60/AVERAGE('Resultados_deepseek-r1_32b'!L2:L10000),0),"") | G14: =IFERROR(AVERAGE('Resultados_deepseek-r1_32b'!M2:M10000),"") | H14: =IFERROR(AVERAGE('Resultados_deepseek-r1_32b'!G2:G10000),"") | I14: =IFERROR(AVERAGE('Resultados_deepseek-r1_32b'!H2:H10000),"") | J14: =IFERROR(AVERAGE('Resultados_deepseek-r1_32b'!I2:I10000),"") | K14: =IFERROR(AVERAGE('Resultados_deepseek-r1_32b'!J2:J10000),"") | L14: =IFERROR(AVERAGE('Resultados_deepseek-r1_32b'!K2:K10000),"") | M14: =IFERROR(COUNTIF('Resultados_deepseek-r1_32b'!G2:G10000,">=4")/COUNTA('Resultados_deepseek-r1_32b'!G2:G10000)*100,"") | N14: =IFERROR(COUNTIF('Resultados_deepseek-r1_32b'!K2:K10000,">=15")/COUNTA('Resultados_deepseek-r1_32b'!K2:K10000)*100,"") | O14: =IFERROR(AVERAGE('Resultados_deepseek-r1_32b'!T2:T10000),"") | P14: =IFERROR(AVERAGE('Resultados_deepseek-r1_32b'!U2:U10000),"") | Q14: =IFERROR(COUNTIF('Resultados_deepseek-r1_32b'!V2:V10000,"<>")/COUNTA('Resultados_deepseek-r1_32b'!A2:A10000)*100,"")
A15: 14 | B15: llama3.1:8b | C15: =COUNTA('Resultados_llama3.1_8b'!A2:A10000) | D15: =IFERROR(AVERAGE('Resultados_llama3.1_8b'!L2:L10000),"") | E15: =IFERROR(PERCENTILE('Resultados_llama3.1_8b'!L2:L10000,0.95),"") | F15: =IFERROR(IF(AVERAGE('Resultados_llama3.1_8b'!L2:L10000)>0,60/AVERAGE('Resultados_llama3.1_8b'!L2:L10000),0),"") | G15: =IFERROR(AVERAGE('Resultados_llama3.1_8b'!M2:M10000),"") | H15: =IFERROR(AVERAGE('Resultados_llama3.1_8b'!G2:G10000),"") | I15: =IFERROR(AVERAGE('Resultados_llama3.1_8b'!H2:H10000),"") | J15: =IFERROR(AVERAGE('Resultados_llama3.1_8b'!I2:I10000),"") | K15: =IFERROR(AVERAGE('Resultados_llama3.1_8b'!J2:J10000),"") | L15: =IFERROR(AVERAGE('Resultados_llama3.1_8b'!K2:K10000),"") | M15: =IFERROR(COUNTIF('Resultados_llama3.1_8b'!G2:G10000,">=4")/COUNTA('Resultados_llama3.1_8b'!G2:G10000)*100,"") | N15: =IFERROR(COUNTIF('Resultados_llama3.1_8b'!K2:K10000,">=15")/COUNTA('Resultados_llama3.1_8b'!K2:K10000)*100,"") | O15: =IFERROR(AVERAGE('Resultados_llama3.1_8b'!T2:T10000),"") | P15: =IFERROR(AVERAGE('Resultados_llama3.1_8b'!U2:U10000),"") | Q15: =IFERROR(COUNTIF('Resultados_llama3.1_8b'!V2:V10000,"<>")/COUNTA('Resultados_llama3.1_8b'!A2:A10000)*100,"")
A16: 15 | B16: qwq | C16: =COUNTA('Resultados_qwq'!A2:A10000) | D16: =IFERROR(AVERAGE('Resultados_qwq'!L2:L10000),"") | E16: =IFERROR(PERCENTILE('Resultados_qwq'!L2:L10000,0.95),"") | F16: =IFERROR(IF(AVERAGE('Resultados_qwq'!L2:L10000)>0,60/AVERAGE('Resultados_qwq'!L2:L10000),0),"") | G16: =IFERROR(AVERAGE('Resultados_qwq'!M2:M10000),"") | H16: =IFERROR(AVERAGE('Resultados_qwq'!G2:G10000),"") | I16: =IFERROR(AVERAGE('Resultados_qwq'!H2:H10000),"") | J16: =IFERROR(AVERAGE('Resultados_qwq'!I2:I10000),"") | K16: =IFERROR(AVERAGE('Resultados_qwq'!J2:J10000),"") | L16: =IFERROR(AVERAGE('Resultados_qwq'!K2:K10000),"") | M16: =IFERROR(COUNTIF('Resultados_qwq'!G2:G10000,">=4")/COUNTA('Resultados_qwq'!G2:G10000)*100,"") | N16: =IFERROR(COUNTIF('Resultados_qwq'!K2:K10000,">=15")/COUNTA('Resultados_qwq'!K2:K10000)*100,"") | O16: =IFERROR(AVERAGE('Resultados_qwq'!T2:T10000),"") | P16: =IFERROR(AVERAGE('Resultados_qwq'!U2:U10000),"") | Q16: =IFERROR(COUNTIF('Resultados_qwq'!V2:V10000,"<>")/COUNTA('Resultados_qwq'!A2:A10000)*100,"")

Sheet Resultados_Articulo
A1: Model | B1: Arch. | C1: muestras | D1: latencia_media (s) | E1: tokens_medio | F1: socraticity (0-5) | G1: conceptual correctness (0-5) | H1: consistency (0-5) | I1: hallucination rate (0-5) | J1: temperature
A2: llama3.3:70b | B2: RAG | C2: =COUNTA('Resultados_llama3.3_70b'!A2:A10000) | D2: =IFERROR(AVERAGE('Resultados_llama3.3_70b'!L2:L10000),"") | E2: =IFERROR(AVERAGE('Resultados_llama3.3_70b'!M2:M10000),"") | F2: =IFERROR(AVERAGE('Resultados_llama3.3_70b'!G2:G10000),"") | G2: =IFERROR(AVERAGE('Resultados_llama3.3_70b'!H2:H10000),"") | H2: =IFERROR(AVERAGE('Resultados_llama3.3_70b'!I2:I10000),"") | I2: =IFERROR(AVERAGE('Resultados_llama3.3_70b'!J2:J10000),"") | J2: 0.7
A3: gemma3:27b | B3: RAG | C3: =COUNTA('Resultados_gemma3_27b'!A2:A10000) | D3: =IFERROR(AVERAGE('Resultados_gemma3_27b'!L2:L10000),"") | E3: =IFERROR(AVERAGE('Resultados_gemma3_27b'!M2:M10000),"") | F3: =IFERROR(AVERAGE('Resultados_gemma3_27b'!G2:G10000),"") | G3: =IFERROR(AVERAGE('Resultados_gemma3_27b'!H2:H10000),"") | H3: =IFERROR(AVERAGE('Resultados_gemma3_27b'!I2:I10000),"") | I3: =IFERROR(AVERAGE('Resultados_gemma3_27b'!J2:J10000),"") | J3: 0.7
A4: qwen3:32b | B4: RAG | C4: =COUNTA('Resultados_qwen3_32b'!A2:A10000) | D4: =IFERROR(AVERAGE('Resultados_qwen3_32b'!L2:L10000),"") | E4: =IFERROR(AVERAGE('Resultados_qwen3_32b'!M2:M10000),"") | F4: =IFERROR(AVERAGE('Resultados_qwen3_32b'!G2:G10000),"") | G4: =IFERROR(AVERAGE('Resultados_qwen3_32b'!H2:H10000),"") | H4: =IFERROR(AVERAGE('Resultados_qwen3_32b'!I2:I10000),"") | I4: =IFERROR(AVERAGE('Resultados_qwen3_32b'!J2:J10000),"") | J4: 0.7
A5: gemma | B5: RAG | C5: =COUNTA('Resultados_gemma'!A2:A10000) | D5: =IFERROR(AVERAGE('Resultados_gemma'!L2:L10000),"") | E5: =IFERROR(AVERAGE('Resultados_gemma'!M2:M10000),"") | F5: =IFERROR(AVERAGE('Resultados_gemma'!G2:G10000),"") | G5: =IFERROR(AVERAGE('Resultados_gemma'!H2:H10000),"") | H5: =IFERROR(AVERAGE('Resultados_gemma'!I2:I10000),"") | I5: =IFERROR(AVERAGE('Resultados_gemma'!J2:J10000),"") | J5: 0.7
A6: gemma3:4b | B6: RAG | C6: =COUNTA('Resultados_gemma3_4b'!A2:A10000) | D6: =IFERROR(AVERAGE('Resultados_gemma3_4b'!L2:L10000),"") | E6: =IFERROR(AVERAGE('Resultados_gemma3_4b'!M2:M10000),"") | F6: =IFERROR(AVERAGE('Resultados_gemma3_4b'!G2:G10000),"") | G6: =IFERROR(AVERAGE('Resultados_gemma3_4b'!H2:H10000),"") | H6: =IFERROR(AVERAGE('Resultados_gemma3_4b'!I2:I10000),"") | I6: =IFERROR(AVERAGE('Resultados_gemma3_4b'!J2:J10000),"") | J6: 0.7
A7: poligpt | B7: RAG | C7: =COUNTA('Resultados_poligpt'!A2:A10000) | D7: =IFERROR(AVERAGE('Resultados_poligpt'!L2:L10000),"") | E7: =IFERROR(AVERAGE('Resultados_poligpt'!M2:M10000),"") | F7: =IFERROR(AVERAGE('Resultados_poligpt'!G2:G10000),"") | G7: =IFERROR(AVERAGE('Resultados_poligpt'!H2:H10000),"") | H7: =IFERROR(AVERAGE('Resultados_poligpt'!I2:I10000),"") | I7: =IFERROR(AVERAGE('Resultados_poligpt'!J2:J10000),"") | J7: 0.7
A8: deepseek-r1:7b | B8: RAG | C8: =COUNTA('Resultados_deepseek-r1_7b'!A2:A10000) | D8: =IFERROR(AVERAGE('Resultados_deepseek-r1_7b'!L2:L10000),"") | E8: =IFERROR(AVERAGE('Resultados_deepseek-r1_7b'!M2:M10000),"") | F8: =IFERROR(AVERAGE('Resultados_deepseek-r1_7b'!G2:G10000),"") | G8: =IFERROR(AVERAGE('Resultados_deepseek-r1_7b'!H2:H10000),"") | H8: =IFERROR(AVERAGE('Resultados_deepseek-r1_7b'!I2:I10000),"") | I8: =IFERROR(AVERAGE('Resultados_deepseek-r1_7b'!J2:J10000),"") | J8: 0.7
A9: llama3.2:3b | B9: RAG | C9: =COUNTA('Resultados_llama3.2_3b'!A2:A10000) | D9: =IFERROR(AVERAGE('Resultados_llama3.2_3b'!L2:L10000),"") | E9: =IFERROR(AVERAGE('Resultados_llama3.2_3b'!M2:M10000),"") | F9: =IFERROR(AVERAGE('Resultados_llama3.2_3b'!G2:G10000),"") | G9: =IFERROR(AVERAGE('Resultados_llama3.2_3b'!H2:H10000),"") | H9: =IFERROR(AVERAGE('Resultados_llama3.2_3b'!I2:I10000),"") | I9: =IFERROR(AVERAGE('Resultados_llama3.2_3b'!J2:J10000),"") | J9: 0.7
A10: phi4-mini:3.8b | B10: RAG | C10: =COUNTA('Resultados_phi4-mini_3.8b'!A2:A10000) | D10: =IFERROR(AVERAGE('Resultados_phi4-mini_3.8b'!L2:L10000),"") | E10: =IFERROR(AVERAGE('Resultados_phi4-mini_3.8b'!M2:M10000),"") | F10: =IFERROR(AVERAGE('Resultados_phi4-mini_3.8b'!G2:G10000),"") | G10: =IFERROR(AVERAGE('Resultados_phi4-mini_3.8b'!H2:H10000),"") | H10: =IFERROR(AVERAGE('Resultados_phi4-mini_3.8b'!I2:I10000),"") | I10: =IFERROR(AVERAGE('Resultados_phi4-mini_3.8b'!J2:J10000),"") | J10: 0.7
A11: Tutor_EDA | B11: RAG | C11: =COUNTA('Resultados_Tutor_EDA'!A2:A10000) | D11: =IFERROR(AVERAGE('Resultados_Tutor_EDA'!L2:L10000),"") | E11: =IFERROR(AVERAGE('Resultados_Tutor_EDA'!M2:M10000),"") | F11: =IFERROR(AVERAGE('Resultados_Tutor_EDA'!G2:G10000),"") | G11: =IFERROR(AVERAGE('Resultados_Tutor_EDA'!H2:H10000),"") | H11: =IFERROR(AVERAGE('Resultados_Tutor_EDA'!I2:I10000),"") | I11: =IFERROR(AVERAGE('Resultados_Tutor_EDA'!J2:J10000),"") | J11: 0.7
A12: qwen3:4b | B12: RAG | C12: =COUNTA('Resultados_qwen3_4b'!A2:A10000) | D12: =IFERROR(AVERAGE('Resultados_qwen3_4b'!L2:L10000),"") | E12: =IFERROR(AVERAGE('Resultados_qwen3_4b'!M2:M10000),"") | F12: =IFERROR(AVERAGE('Resultados_qwen3_4b'!G2:G10000),"") | G12: =IFERROR(AVERAGE('Resultados_qwen3_4b'!H2:H10000),"") | H12: =IFERROR(AVERAGE('Resultados_qwen3_4b'!I2:I10000),"") | I12: =IFERROR(AVERAGE('Resultados_qwen3_4b'!J2:J10000),"") | J12: 0.7
A13: llama-mini | B13: RAG | C13: =COUNTA('Resultados_llama-mini'!A2:A10000) | D13: =IFERROR(AVERAGE('Resultados_llama-mini'!L2:L10000),"") | E13: =IFERROR(AVERAGE('Resultados_llama-mini'!M2:M10000),"") | F13: =IFERROR(AVERAGE('Resultados_llama-mini'!G2:G10000),"") | G13: =IFERROR(AVERAGE('Resultados_llama-mini'!H2:H10000),"") | H13: =IFERROR(AVERAGE('Resultados_llama-mini'!I2:I10000),"") | I13: =IFERROR(AVERAGE('Resultados_llama-mini'!J2:J10000),"") | J13: 0.7
A14: deepseek-r1:32b | B14: RAG | C14: =COUNTA('Resultados_deepseek-r1_32b'!A2:A10000) | D14: =IFERROR(AVERAGE('Resultados_deepseek-r1_32b'!L2:L10000),"") | E14: =IFERROR(AVERAGE('Resultados_deepseek-r1_32b'!M2:M10000),"") | F14: =IFERROR(AVERAGE('Resultados_deepseek-r1_32b'!G2:G10000),"") | G14: =IFERROR(AVERAGE('Resultados_deepseek-r1_32b'!H2:H10000),"") | H14: =IFERROR(AVERAGE('Resultados_deepseek-r1_32b'!I2:I10000),"") | I14: =IFERROR(AVERAGE('Resultados_deepseek-r1_32b'!J2:J10000),"") | J14: 0.7
A15: llama3.1:8b | B15: RAG | C15: =COUNTA('Resultados_llama3.1_8b'!A2:A10000) | D15: =IFERROR(AVERAGE('Resultados_llama3.1_8b'!L2:L10000),"") | E15: =IFERROR(AVERAGE('Resultados_llama3.1_8b'!M2:M10000),"") | F15: =IFERROR(AVERAGE('Resultados_llama3.1_8b'!G2:G10000),"") | G15: =IFERROR(AVERAGE('Resultados_llama3.1_8b'!H2:H10000),"") | H15: =IFERROR(AVERAGE('Resultados_llama3.1_8b'!I2:I10000),"") | I15: =IFERROR(AVERAGE('Resultados_llama3.1_8b'!J2:J10000),"") | J15: 0.7
A16: qwq | B16: RAG | C16: =COUNTA('Resultados_qwq'!A2:A10000) | D16: =IFERROR(AVERAGE('Resultados_qwq'!L2:L10000),"") | E16: =IFERROR(AVERAGE('Resultados_qwq'!M2:M10000),"") | F16: =IFERROR(AVERAGE('Resultados_qwq'!G2:G10000),"") | G16: =IFERROR(AVERAGE('Resultados_qwq'!H2:H10000),"") | H16: =IFERROR(AVERAGE('Resultados_qwq'!I2:I10000),"") | I16: =IFERROR(AVERAGE('Resultados_qwq'!J2:J10000),"") | J16: 0.7

Sheet Eficiencia
A1: Modelo | B1: latencia_media | C1: latencia_p95 | D1: throughput | E1: tokens_medio
A2: llama3.3:70b | B2: =IFERROR(AVERAGE('Resultados_llama3.3_70b'!L2:L10000),"") | C2: =IFERROR(PERCENTILE('Resultados_llama3.3_70b'!L2:L10000,0.95),"") | D2: =IFERROR(IF(AVERAGE('Resultados_llama3.3_70b'!L2:L10000)>0,60/AVERAGE('Resultados_llama3.3_70b'!L2:L10000),0),"") | E2: =IFERROR(AVERAGE('Resultados_llama3.3_70b'!M2:M10000),"")
A3: gemma3:27b | B3: =IFERROR(AVERAGE('Resultados_gemma3_27b'!L2:L10000),"") | C3: =IFERROR(PERCENTILE('Resultados_gemma3_27b'!L2:L10000,0.95),"") | D3: =IFERROR(IF(AVERAGE('Resultados_gemma3_27b'!L2:L10000)>0,60/AVERAGE('Resultados_gemma3_27b'!L2:L10000),0),"") | E3: =IFERROR(AVERAGE('Resultados_gemma3_27b'!M2:M10000),"")
A4: qwen3:32b | B4: =IFERROR(AVERAGE('Resultados_qwen3_32b'!L2:L10000),"") | C4: =IFERROR(PERCENTILE('Resultados_qwen3_32b'!L2:L10000,0.95),"") | D4: =IFERROR(IF(AVERAGE('Resultados_qwen3_32b'!L2:L10000)>0,60/AVERAGE('Resultados_qwen3_32b'!L2:L10000),0),"") | E4: =IFERROR(AVERAGE('Resultados_qwen3_32b'!M2:M10000),"")
A5: gemma | B5: =IFERROR(AVERAGE('Resultados_gemma'!L2:L10000),"") | C5: =IFERROR(PERCENTILE('Resultados_gemma'!L2:L10000,0.95),"") | D5: =IFERROR(IF(AVERAGE('Resultados_gemma'!L2:L10000)>0,60/AVERAGE('Resultados_gemma'!L2:L10000),0),"") | E5: =IFERROR(AVERAGE('Resultados_gemma'!M2:M10000),"")
A6: gemma3:4b | B6: =IFERROR(AVERAGE('Resultados_gemma3_4b'!L2:L10000),"") | C6: =IFERROR(PERCENTILE('Resultados_gemma3_4b'!L2:L10000,0.95),"") | D6: =IFERROR(IF(AVERAGE('Resultados_gemma3_4b'!L2:L10000)>0,60/AVERAGE('Resultados_gemma3_4b'!L2:L10000),0),"") | E6: =IFERROR(AVERAGE('Resultados_gemma3_4b'!M2:M10000),"")
A7: poligpt | B7: =IFERROR(AVERAGE('Resultados_poligpt'!L2:L10000),"") | C7: =IFERROR(PERCENTILE('Resultados_poligpt'!L2:L10000,0.95),"") | D7: =IFERROR(IF(AVERAGE('Resultados_poligpt'!L2:L10000)>0,60/AVERAGE('Resultados_poligpt'!L2:L10000),0),"") | E7: =IFERROR(AVERAGE('Resultados_poligpt'!M2:M10000),"")
A8: deepseek-r1:7b | B8: =IFERROR(AVERAGE('Resultados_deepseek-r1_7b'!L2:L10000),"") | C8: =IFERROR(PERCENTILE('Resultados_deepseek-r1_7b'!L2:L10000,0.95),"") | D8: =IFERROR(IF(AVERAGE('Resultados_deepseek-r1_7b'!L2:L10000)>0,60/AVERAGE('Resultados_deepseek-r1_7b'!L2:L10000),0),"") | E8: =IFERROR(AVERAGE('Resultados_deepseek-r1_7b'!M2:M10000),"")
A9: llama3.2:3b | B9: =IFERROR(AVERAGE('Resultados_llama3.2_3b'!L2:L10000),"") | C9: =IFERROR(PERCENTILE('Resultados_llama3.2_3b'!L2:L10000,0.95),"") | D9: =IFERROR(IF(AVERAGE('Resultados_llama3.2_3b'!L2:L10000)>0,60/AVERAGE('Resultados_llama3.2_3b'!L2:L10000),0),"") | E9: =IFERROR(AVERAGE('Resultados_llama3.2_3b'!M2:M10000),"")
A10: phi4-mini:3.8b | B10: =IFERROR(AVERAGE('Resultados_phi4-mini_3.8b'!L2:L10000),"") | C10: =IFERROR(PERCENTILE('Resultados_phi4-mini_3.8b'!L2:L10000,0.95),"") | D10: =IFERROR(IF(AVERAGE('Resultados_phi4-mini_3.8b'!L2:L10000)>0,60/AVERAGE('Resultados_phi4-mini_3.8b'!L2:L10000),0),"") | E10: =IFERROR(AVERAGE('Resultados_phi4-mini_3.8b'!M2:M10000),"")
A11: Tutor_EDA | B11: =IFERROR(AVERAGE('Resultados_Tutor_EDA'!L2:L10000),"") | C11: =IFERROR(PERCENTILE('Resultados_Tutor_EDA'!L2:L10000,0.95),"") | D11: =IFERROR(IF(AVERAGE('Resultados_Tutor_EDA'!L2:L10000)>0,60/AVERAGE('Resultados_Tutor_EDA'!L2:L10000),0),"") | E11: =IFERROR(AVERAGE('Resultados_Tutor_EDA'!M2:M10000),"")
A12: qwen3:4b | B12: =IFERROR(AVERAGE('Resultados_qwen3_4b'!L2:L10000),"") | C12: =IFERROR(PERCENTILE('Resultados_qwen3_4b'!L2:L10000,0.95),"") | D12: =IFERROR(IF(AVERAGE('Resultados_qwen3_4b'!L2:L10000)>0,60/AVERAGE('Resultados_qwen3_4b'!L2:L10000),0),"") | E12: =IFERROR(AVERAGE('Resultados_qwen3_4b'!M2:M10000),"")
A13: llama-mini | B13: =IFERROR(AVERAGE('Resultados_llama-mini'!L2:L10000),"") | C13: =IFERROR(PERCENTILE('Resultados_llama-mini'!L2:L10000,0.95),"") | D13: =IFERROR(IF(AVERAGE('Resultados_llama-mini'!L2:L10000)>0,60/AVERAGE('Resultados_llama-mini'!L2:L10000),0),"") | E13: =IFERROR(AVERAGE('Resultados_llama-mini'!M2:M10000),"")
A14: deepseek-r1:32b | B14: =IFERROR(AVERAGE('Resultados_deepseek-r1_32b'!L2:L10000),"") | C14: =IFERROR(PERCENTILE('Resultados_deepseek-r1_32b'!L2:L10000,0.95),"") | D14: =IFERROR(IF(AVERAGE('Resultados_deepseek-r1_32b'!L2:L10000)>0,60/AVERAGE('Resultados_deepseek-r1_32b'!L2:L10000),0),"") | E14: =IFERROR(AVERAGE('Resultados_deepseek-r1_32b'!M2:M10000),"")
A15: llama3.1:8b | B15: =IFERROR(AVERAGE('Resultados_llama3.1_8b'!L2:L10000),"") | C15: =IFERROR(PERCENTILE('Resultados_llama3.1_8b'!L2:L10000,0.95),"") | D15: =IFERROR(IF(AVERAGE('Resultados_llama3.1_8b'!L2:L10000)>0,60/AVERAGE('Resultados_llama3.1_8b'!L2:L10000),0),"") | E15: =IFERROR(AVERAGE('Resultados_llama3.1_8b'!M2:M10000),"")
A16: qwq | B16: =IFERROR(AVERAGE('Resultados_qwq'!L2:L10000),"") | C16: =IFERROR(PERCENTILE('Resultados_qwq'!L2:L10000,0.95),"") | D16: =IFERROR(IF(AVERAGE('Resultados_qwq'!L2:L10000)>0,60/AVERAGE('Resultados_qwq'!L2:L10000),0),"") | E16: =IFERROR(AVERAGE('Resultados_qwq'!M2:M10000),"")

Sheet Análisis CoT
A1: Modelo | B1: faithfulness | C1: relevance | D1: pct_cot
A2: llama3.3:70b | B2: =IFERROR(AVERAGE('Resultados_llama3.3_70b'!T2:T10000),"") | C2: =IFERROR(AVERAGE('Resultados_llama3.3_70b'!U2:U10000),"") | D2: =IFERROR(COUNTIF('Resultados_llama3.3_70b'!V2:V10000,"<>")/COUNTA('Resultados_llama3.3_70b'!A2:A10000)*100,"")
A3: gemma3:27b | B3: =IFERROR(AVERAGE('Resultados_gemma3_27b'!T2:T10000),"") | C3: =IFERROR(AVERAGE('Resultados_gemma3_27b'!U2:U10000),"") | D3: =IFERROR(COUNTIF('Resultados_gemma3_27b'!V2:V10000,"<>")/COUNTA('Resultados_gemma3_27b'!A2:A10000)*100,"")
A4: qwen3:32b | B4: =IFERROR(AVERAGE('Resultados_qwen3_32b'!T2:T10000),"") | C4: =IFERROR(AVERAGE('Resultados_qwen3_32b'!U2:U10000),"") | D4: =IFERROR(COUNTIF('Resultados_qwen3_32b'!V2:V10000,"<>")/COUNTA('Resultados_qwen3_32b'!A2:A10000)*100,"")
A5: gemma | B5: =IFERROR(AVERAGE('Resultados_gemma'!T2:T10000),"") | C5: =IFERROR(AVERAGE('Resultados_gemma'!U2:U10000),"") | D5: =IFERROR(COUNTIF('Resultados_gemma'!V2:V10000,"<>")/COUNTA('Resultados_gemma'!A2:A10000)*100,"")
A6: gemma3:4b | B6: =IFERROR(AVERAGE('Resultados_gemma3_4b'!T2:T10000),"") | C6: =IFERROR(AVERAGE('Resultados_gemma3_4b'!U2:U10000),"") | D6: =IFERROR(COUNTIF('Resultados_gemma3_4b'!V2:V10000,"<>")/COUNTA('Resultados_gemma3_4b'!A2:A10000)*100,"")
A7: poligpt | B7: =IFERROR(AVERAGE('Resultados_poligpt'!T2:T10000),"") | C7: =IFERROR(AVERAGE('Resultados_poligpt'!U2:U10000),"") | D7: =IFERROR(COUNTIF('Resultados_poligpt'!V2:V10000,"<>")/COUNTA('Resultados_poligpt'!A2:A10000)*100,"")
A8: deepseek-r1:7b | B8: =IFERROR(AVERAGE('Resultados_deepseek-r1_7b'!T2:T10000),"") | C8: =IFERROR(AVERAGE('Resultados_deepseek-r1_7b'!U2:U10000),"") | D8: =IFERROR(COUNTIF('Resultados_deepseek-r1_7b'!V2:V10000,"<>")/COUNTA('Resultados_deepseek-r1_7b'!A2:A10000)*100,"")
A9: llama3.2:3b | B9: =IFERROR(AVERAGE('Resultados_llama3.2_3b'!T2:T10000),"") | C9: =IFERROR(AVERAGE('Resultados_llama3.2_3b'!U2:U10000),"") | D9: =IFERROR(COUNTIF('Resultados_llama3.2_3b'!V2:V10000,"<>")/COUNTA('Resultados_llama3.2_3b'!A2:A10000)*100,"")
A10: phi4-mini:3.8b | B10: =IFERROR(AVERAGE('Resultados_phi4-mini_3.8b'!T2:T10000),"") | C10: =IFERROR(AVERAGE('Resultados_phi4-mini_3.8b'!U2:U10000),"") | D10: =IFERROR(COUNTIF('Resultados_phi4-mini_3.8b'!V2:V10000,"<>")/COUNTA('Resultados_phi4-mini_3.8b'!A2:A10000)*100,"")
A11: Tutor_EDA | B11: =IFERROR(AVERAGE('Resultados_Tutor_EDA'!T2:T10000),"") | C11: =IFERROR(AVERAGE('Resultados_Tutor_EDA'!U2:U10000),"") | D11: =IFERROR(COUNTIF('Resultados_Tutor_EDA'!V2:V10000,"<>")/COUNTA('Resultados_Tutor_EDA'!A2:A10000)*100,"")
A12: qwen3:4b | B12: =IFERROR(AVERAGE('Resultados_qwen3_4b'!T2:T10000),"") | C12: =IFERROR(AVERAGE('Resultados_qwen3_4b'!U2:U10000),"") | D12: =IFERROR(COUNTIF('Resultados_qwen3_4b'!V2:V10000,"<>")/COUNTA('Resultados_qwen3_4b'!A2:A10000)*100,"")
A13: llama-mini | B13: =IFERROR(AVERAGE('Resultados_llama-mini'!T2:T10000),"") | C13: =IFERROR(AVERAGE('Resultados_llama-mini'!U2:U10000),"") | D13: =IFERROR(COUNTIF('Resultados_llama-mini'!V2:V10000,"<>")/COUNTA('Resultados_llama-mini'!A2:A10000)*100,"")
A14: deepseek-r1:32b | B14: =IFERROR(AVERAGE('Resultados_deepseek-r1_32b'!T2:T10000),"") | C14: =IFERROR(AVERAGE('Resultados_deepseek-r1_32b'!U2:U10000),"") | D14: =IFERROR(COUNTIF('Resultados_deepseek-r1_32b'!V2:V10000,"<>")/COUNTA('Resultados_deepseek-r1_32b'!A2:A10000)*100,"")
A15: llama3.1:8b | B15: =IFERROR(AVERAGE('Resultados_llama3.1_8b'!T2:T10000),"") | C15: =IFERROR(AVERAGE('Resultados_llama3.1_8b'!U2:U10000),"") | D15: =IFERROR(COUNTIF('Resultados_llama3.1_8b'!V2:V10000,"<>")/COUNTA('Resultados_llama3.1_8b'!A2:A10000)*100,"")
A16: qwq | B16: =IFERROR(AVERAGE('Resultados_qwq'!T2:T10000),"") | C16: =IFERROR(AVERAGE('Resultados_qwq'!U2:U10000),"") | D16: =IFERROR(COUNTIF('Resultados_qwq'!V2:V10000,"<>")/COUNTA('Resultados_qwq'!A2:A10000)*100,"")
