Workbook

Sheet Results_qwen2.5_latest
A1: ID | B1: Conversation | C1: Turn | D1: Exercise | E1: Student Answer | F1: Tutor Socratic Response | G1: Socratic Quality | H1: Conceptual Precision | I1: Consistency | J1: Hallucination Rate | K1: Total Score | L1: Latency (s) | M1: Tokens | N1: Throughput (resp/min) | O1: Expected ACs | P1: Detected ACs | Q1: AC Precision | R1: AC Recall | S1: AC F1 | T1: Faithfulness | U1: Relevance | V1: Think Content | W1: Constructive Feedback
A2: 6 | B2: 2 | C2: 3 | D2: 1 | E2: R1, R2, R3 y R4 porque por R5 no circula corriente | F2: ¿Cómo afecta la existencia de un cortocircuito en R5 a la circulación de corriente a través de los resistores R1, R2 y R3? | G2: 4 | H2: 3 | I2: 5 | J2: 5 | K2: 17 | L2: 73.496 | M2: 41 | N2: 0.82 | O2: AC1, AC6 | P2: AC1, AC6 | Q2: 1 | R2: 1 | S2: 1 | W2: Socratic quality 4/5 (Scaffolding for detection): Scaffolding for detection: identifies the error area and asks a question that confronts the theory. Conceptual precision 3/5 (Sufficient): Sufficient: identifies that there is an error and uses correct concepts, but the diagnosis is somewhat vague. High-performing tutor: expert socratic guidance with precise diagnosis.
A3: 14 | B3: 5 | C3: 2 | D3: 1 | E3: R1, R2, R4 y R5 dado que R3 no hace nada | F3: ¿Cómo podrías verificar si un resistor realmente "hace algo" en el circuito utilizando solo conceptos básicos de lo que ocurre a nivel microscópico con los electrones? | G3: 3 | H3: 2 | I3: 3 | J3: 5 | K3: 13 | L3: 124.041 | M3: 42 | N3: 0.48 | O3: AC1, AC6 | Q3: 1 | R3: 0 | S3: 0 | W3: Socratic quality 3/5 (Clarification): Generic question: asks for clarification without attacking the root error. Conceptual precision 2/5 (Poor): Generic response: no technical vocabulary or error diagnosis. Good overall performance; room for improvement in socratic depth.
A4: 15 | B4: 5 | C4: 3 | D4: 1 | E4: R1, R2 y R4 dado que son las resistencias que forman parte del circuito. | F4: ¿Cómo podrías utilizar el concepto de corriente eléctrica y su interacción con los diferentes resistores para determinar si R3 realmente tiene un efecto en el circuito? | G4: 3 | H4: 2 | I4: 3 | J4: 5 | K4: 13 | L4: 0.908 | M4: 41 | N4: 66.11 | P4: AC1 | Q4: 0 | R4: 1 | S4: 0 | W4: Socratic quality 3/5 (Clarification): Generic question: asks for clarification without attacking the root error. Conceptual precision 2/5 (Poor): Poor: responds generically without diagnosing the conceptual error. Good overall performance; room for improvement in socratic depth.
A5: 16 | B5: 6 | C5: 1 | D5: 1 | E5: R1, R2 y R4 dado que R2 y R4 están en paralelo y forma un divisor de tensión con R1. | F5: ¿Consideraste el efecto del interruptor abierto entre N2 y N3 en tu análisis de las resistencias relevantes para la diferencia de potencial entre N2 y 0? | G5: 3 | H5: 4 | I5: 3 | J5: 5 | K5: 15 | L5: 1.03 | M5: 40 | N5: 58.26 | P5: AC1, AC9 | Q5: 0 | R5: 1 | S5: 0 | W5: Socratic quality 3/5 (Clarification): Generic question: asks for clarification without attacking the root error. Conceptual precision 4/5 (Good): Good: clearly identifies the alternative conception with precise technical language. Good overall performance; room for improvement in socratic depth.
A6: 17 | B6: 6 | C6: 2 | D6: 1 | E6: R1, R2 y R4 dado que R3 está en abierto y R5 cortocircuitada | F6: ¿Crees que el estado del interruptor entre N2 y N3 tenga alguna influencia en la resistencia relevante para calcular la diferencia de potencial entre N2 y 0? | G6: 3 | H6: 4 | I6: 3 | J6: 5 | K6: 15 | L6: 0.86 | M6: 40 | N6: 69.74 | O6: AC1, AC6 | P6: AC1 | Q6: 1 | R6: 0.5 | S6: 0.667 | W6: Socratic quality 3/5 (Clarification): Generic question: asks for clarification without attacking the root error. Conceptual precision 4/5 (Good): Good: clearly identifies the alternative conception with precise technical language. Good overall performance; room for improvement in socratic depth.
A7: 18 | B7: 6 | C7: 3 | D7: 1 | E7: R1, R2 y R4 dado que solo por estas resistencias circula una corriente diferente de cero | F7: ¿Cómo te afecta el estado del interruptor entre N2 y N3 en tu selección de resistencias relevantes para calcular la corriente? | G7: 3 | H7: 4 | I7: 3 | J7: 5 | K7: 15 | L7: 0.823 | M7: 33 | N7: 72.9 | P7: AC1, AC9 | Q7: 0 | R7: 1 | S7: 0 | W7: Socratic quality 3/5 (Clarification): Generic question: asks for clarification without attacking the root error. Conceptual precision 4/5 (Good): Good: clearly identifies the alternative conception with precise technical language. Good overall performance; room for improvement in socratic depth.
A8: 19 | B8: 7 | C8: 1 | D8: 1 | E8: R1, R2 y R4 dado que por R3 y por R5 no circula corriente | F8: ¿Cómo afecta el estado del interruptor entre N2 y N3 a la circulación de corriente en R3? | G8: 4 | H8: 3 | I8: 3 | J8: 5 | K8: 15 | L8: 0.98 | M8: 29 | N8: 61.24 | O8: AC1, AC6 | P8: AC1 | Q8: 1 | R8: 0.5 | S8: 0.667 | W8: Socratic quality 4/5 (Scaffolding for detection): Scaffolding for detection: identifies the error area and asks a question that confronts the theory. Conceptual precision 3/5 (Sufficient): Sufficient: identifies that there is an error and uses correct concepts, but the diagnosis is somewhat vague. Good overall performance; room for improvement in socratic depth.
A9: 20 | B9: 7 | C9: 2 | D9: 1 | E9: R1, R2 y R4 dado que R3 y R5 se pueden quitar | F9: ¿Cómo cambia la ausencia de corriente en R3 y R5 afectaría la tensión en los nodos N2 y N3? | G9: 4 | H9: 3 | I9: 3 | J9: 5 | K9: 15 | L9: 0.838 | M9: 33 | N9: 71.64 | O9: AC1, AC6 | P9: AC1 | Q9: 1 | R9: 0.5 | S9: 0.667 | W9: Socratic quality 4/5 (Scaffolding for detection): Scaffolding for detection: identifies the error area and asks a question that confronts the theory. Conceptual precision 3/5 (Sufficient): Sufficient: identifies that there is an error and uses correct concepts, but the diagnosis is somewhat vague. Good overall performance; room for improvement in socratic depth.
A10: 21 | B10: 7 | C10: 3 | D10: 1 | E10: R1, R2 y R4 dado que R3 y R5 no influyen para nada en la diferencia de potencial que se pide | F10: ¿Cómo podría el estado del interruptor entre N2 y N3 influir en la corriente que pasa por R1, R2 y R4? | G10: 3 | H10: 3 | I10: 4 | J10: 5 | K10: 15 | L10: 0.845 | M10: 34 | N10: 71.01 | O10: AC1, AC6 | P10: AC1 | Q10: 1 | R10: 0.5 | S10: 0.667 | W10: Socratic quality 3/5 (Clarification): Generic question: asks for clarification without attacking the root error. Conceptual precision 3/5 (Sufficient): Sufficient: identifies that there is an error and uses correct concepts, but the diagnosis is somewhat vague. Good overall performance; room for improvement in socratic depth.
A11: 22 | B11: 8 | C11: 1 | D11: 1 | E11: R1, R2 y R4 dado que R3 y R5 sobran | F11: ¿Cómo afecta la presencia del interruptor abierto entre N2 y N3 al flujo de corriente en esa rama?, ¿Puede haber corriente circulando por R3? | G11: 4 | H11: 3 | I11: 3 | J11: 5 | K11: 15 | L11: 1.107 | M11: 45 | N11: 54.19 | O11: AC1, AC6 | P11: AC1 | Q11: 1 | R11: 0.5 | S11: 0.667 | W11: Socratic quality 4/5 (Scaffolding for detection): Scaffolding for detection: identifies the error area and asks a question that confronts the theory. Conceptual precision 3/5 (Sufficient): Sufficient: identifies that there is an error and uses correct concepts, but the diagnosis is somewhat vague. Good overall performance; room for improvement in socratic depth.
A12: 23 | B12: 8 | C12: 2 | D12: 1 | E12: R1, R2 y R4 dado que R3 sobra | F12: ¿Cómo cambiaría la eliminación de R3 afectar el circuito en general, considerando su conexión con N2 y N3? | G12: 3 | H12: 2 | I12: 3 | J12: 5 | K12: 13 | L12: 0.775 | M12: 30 | N12: 77.4 | O12: AC1 | Q12: 1 | R12: 0 | S12: 0 | W12: Socratic quality 3/5 (Clarification): Generic question: asks for clarification without attacking the root error. Conceptual precision 2/5 (Poor): Generic response: no technical vocabulary or error diagnosis. Good overall performance; room for improvement in socratic depth.
A13: 24 | B13: 8 | C13: 3 | D13: 1 | E13: R1, R2 y R4 dado que R5 sobra | F13: ¿Cómo afectaría la eliminación de R5 al flujo de corriente en el resto del circuito, especialmente considerando su conexión con N1 y N2? | G13: 3 | H13: 2 | I13: 3 | J13: 5 | K13: 13 | L13: 1.055 | M13: 37 | N13: 56.88 | O13: AC6 | P13: AC1 | Q13: 0 | R13: 0 | S13: 0 | W13: Socratic quality 3/5 (Clarification): Generic question: asks for clarification without attacking the root error. Conceptual precision 2/5 (Poor): Poor: responds generically without diagnosing the conceptual error. Good overall performance; room for improvement in socratic depth.
A14: 25 | B14: 9 | C14: 1 | D14: 1 | E14: R1, R2 y R4 dado que R3 está en abierto | F14: ¿Qué efecto tiene un interruptor abierto entre dos nudos en el flujo de corriente? | G14: 3 | H14: 3 | I14: 3 | J14: 5 | K14: 14 | L14: 0.971 | M14: 24 | N14: 61.79 | O14: AC1 | P14: AC1 | Q14: 1 | R14: 1 | S14: 1 | W14: Socratic quality 3/5 (Clarification): Generic question: asks for clarification without attacking the root error. Conceptual precision 3/5 (Sufficient): Sufficient: identifies that there is an error and uses correct concepts, but the diagnosis is somewhat vague. Good overall performance; room for improvement in socratic depth.
A15: 26 | B15: 9 | C15: 2 | D15: 1 | E15: R1, R2 y R4 dado que R5 cortocircuitada | F15: ¿Cómo afecta un cortocircuito en la resistencia total del circuito? | G15: 4 | H15: 3 | I15: 3 | J15: 5 | K15: 15 | L15: 0.59 | M15: 19 | N15: 101.7 | O15: AC6 | P15: AC6 | Q15: 1 | R15: 1 | S15: 1 | W15: Socratic quality 4/5 (Scaffolding for detection): Scaffolding for detection: identifies the error area and asks a question that confronts the theory. Conceptual precision 3/5 (Sufficient): Sufficient: identifies that there is an error and uses correct concepts, but the diagnosis is somewhat vague. Good overall performance; room for improvement in socratic depth.
A16: 27 | B16: 9 | C16: 3 | D16: 1 | E16: R1, R2 y R4 dado que por R3 no circula corriente | F16: ¿Cómo afecta la ausencia de corriente en R3 al flujo de electricidad entre los nudos conectados? | G16: 4 | H16: 2 | I16: 3 | J16: 5 | K16: 14 | L16: 0.636 | M16: 28 | N16: 94.31 | O16: AC1 | P16: AC1 | Q16: 1 | R16: 1 | S16: 1 | W16: Socratic quality 4/5 (Scaffolding for detection): Scaffolding for detection: identifies the error area and asks a question that confronts the theory. Conceptual precision 2/5 (Poor): Poor: responds generically without diagnosing the conceptual error. Good overall performance; room for improvement in socratic depth.
A17: 28 | B17: 10 | C17: 1 | D17: 1 | E17: R1, R2 y R4 dado que por R5 no circula corriente | F17: ¿Cómo afecta la presencia de un interruptor abierto a la circulación de corriente en esa rama del circuito? | G17: 4 | H17: 3 | I17: 3 | J17: 5 | K17: 15 | L17: 1.098 | M17: 31 | N17: 54.63 | O17: AC6 | P17: AC1 | Q17: 0 | R17: 0 | S17: 0 | W17: Socratic quality 4/5 (Scaffolding for detection): Scaffolding for detection: identifies the error area and asks a question that confronts the theory. Conceptual precision 3/5 (Sufficient): Sufficient: identifies that there is an error and uses correct concepts, but the diagnosis is somewhat vague. Good overall performance; room for improvement in socratic depth.
A18: 29 | B18: 10 | C18: 2 | D18: 1 | E18: R1, R2 y R4 dado que R3 se puede quitar | F18: ¿Cómo cambiaría la eliminación de R3 afectar a la circulación de corriente en el resto del circuito? | G18: 3 | H18: 2 | I18: 3 | J18: 5 | K18: 13 | L18: 0.779 | M18: 29 | N18: 77.03 | O18: AC1 | P18: AC1 | Q18: 1 | R18: 1 | S18: 1 | W18: Socratic quality 3/5 (Clarification): Generic question: asks for clarification without attacking the root error. Conceptual precision 2/5 (Poor): Poor: responds generically without diagnosing the conceptual error. Good overall performance; room for improvement in socratic depth.
A19: 30 | B19: 10 | C19: 3 | D19: 1 | E19: R1, R2 y R4 dado que R5 se puede quitar | F19: ¿Cómo会影响断开R5对通过R1、R2和R4的电流有什么不同？ | G19: 1 | H19: 2 | I19: 2 | J19: 5 | K19: 10 | L19: 0.779 | M19: 23 | N19: 77.04 | O19: AC6 | Q19: 1 | R19: 0 | S19: 0 | W19: Socratic quality 1/5 (Instructive): Does not end with a question; the tutor is instructive. Conceptual precision 2/5 (Poor): Generic response: no technical vocabulary or error diagnosis. Acceptable performance; needs to improve precision or socratic methodology.
A20: 31 | B20: 11 | C20: 1 | D20: 1 | E20: R1, R2 y R4 dado que R3 no influye para nada en la diferencia de potencial que se pide | F20: ¿Cómo afecta un interruptor abierto a la circuiente donde están conectados sus terminales? | G20: 4 | H20: 2 | I20: 3 | J20: 5 | K20: 14 | L20: 0.868 | M20: 23 | N20: 69.13 | O20: AC1 | P20: AC1, AC6 | Q20: 0.5 | R20: 1 | S20: 0.667 | W20: Socratic quality 4/5 (Scaffolding for detection): Scaffolding for detection: identifies the error area and asks a question that confronts the theory. Conceptual precision 2/5 (Poor): Poor: responds generically without diagnosing the conceptual error. Good overall performance; room for improvement in socratic depth.
A21: 32 | B21: 11 | C21: 2 | D21: 1 | E21: R1, R2 y R4 dado que R5 no influye para nada en la diferencia de potencial que se pide | F21: ¿Cómo puede el estado del interruptor conectado a R5 influir en la diferencia de potencial entre los puntos especificados? | G21: 3 | H21: 3 | I21: 3 | J21: 5 | K21: 14 | L21: 0.723 | M21: 28 | N21: 82.99 | O21: AC6 | P21: AC1 | Q21: 0 | R21: 0 | S21: 0 | W21: Socratic quality 3/5 (Clarification): Generic question: asks for clarification without attacking the root error. Conceptual precision 3/5 (Sufficient): Sufficient: identifies that there is an error and uses correct concepts, but the diagnosis is somewhat vague. Good overall performance; room for improvement in socratic depth.
A22: 33 | B22: 11 | C22: 3 | D22: 1 | E22: No lo sé | F22: ¿Cómo podría el interruptor conectado a R5 cambiar la corriente en el resto del circuito? | G22: 3 | H22: 3 | I22: 3 | J22: 5 | K22: 14 | L22: 0.679 | M22: 24 | N22: 88.34 | O22: AC9 | P22: AC1 | Q22: 0 | R22: 0 | S22: 0 | W22: Socratic quality 3/5 (Clarification): Generic question: asks for clarification without attacking the root error. Conceptual precision 3/5 (Sufficient): Sufficient: identifies that there is an error and uses correct concepts, but the diagnosis is somewhat vague. Good overall performance; room for improvement in socratic depth.
A23: 34 | B23: 12 | C23: 1 | D23: 1 | E23: Todas las resistencias | F23: ¿Consideras el efecto de la rama del interruptor abierto entre N2 y N3 en la circulación de corriente? | G23: 3 | H23: 3 | I23: 3 | J23: 5 | K23: 14 | L23: 0.941 | M23: 32 | N23: 63.74 | O23: AC9 | P23: AC1 | Q23: 0 | R23: 0 | S23: 0 | W23: Socratic quality 3/5 (Clarification): Generic question: asks for clarification without attacking the root error. Conceptual precision 3/5 (Sufficient): Sufficient: identifies that there is an error and uses correct concepts, but the diagnosis is somewhat vague. Good overall performance; room for improvement in socratic depth.
A24: 35 | B24: 12 | C24: 2 | D24: 1 | E24: R1 y R2 | F24: ¿Cómo afecta el estado del interruptor entre N2 y N3 a la circulación de corriente por R1 y R2? | G24: 4 | H24: 3 | I24: 3 | J24: 5 | K24: 15 | L24: 0.839 | M24: 32 | N24: 71.48 | O24: AC9 | P24: AC1 | Q24: 0 | R24: 0 | S24: 0 | W24: Socratic quality 4/5 (Scaffolding for detection): Scaffolding for detection: identifies the error area and asks a question that confronts the theory. Conceptual precision 3/5 (Sufficient): Sufficient: identifies that there is an error and uses correct concepts, but the diagnosis is somewhat vague. Good overall performance; room for improvement in socratic depth.
A25: 36 | B25: 12 | C25: 3 | D25: 1 | E25: R1, R2 y R4 | F25: ¿Cómo piensas que el interruptor entre N2 y N3 altera la circulación de corriente a través de R1, R2 y R4? | G25: 3 | H25: 5 | I25: 3 | J25: 5 | K25: 16 | L25: 0.895 | M25: 38 | N25: 67.06 | P25: AC1 | Q25: 0 | R25: 1 | S25: 0 | W25: Socratic quality 3/5 (Clarification): Generic question: asks for clarification without attacking the root error. Conceptual precision 5/5 (Excellent): Excellent: identifies the specific alternative conception and connects it with the circuit topology. Good overall performance; room for improvement in socratic depth.
A26: 37 | B26: 13 | C26: 1 | D26: 1 | E26: R1, R2, R4 y R5 | F26: ¿Cuál de las resistencias que mencionaste tiene sus dos terminales conectadas directamente al mismo nodo, lo que significa que no contribuye a la diferencia de potencial entre N2 y 0? | G26: 3 | H26: 3 | I26: 2 | J26: 5 | K26: 13 | L26: 1.161 | M26: 45 | N26: 51.68 | O26: AC6 | P26: AC6, AC9 | Q26: 0.5 | R26: 1 | S26: 0.667 | W26: Socratic quality 3/5 (Clarification): Generic question: asks for clarification without attacking the root error. Conceptual precision 3/5 (Sufficient): Sufficient: identifies that there is an error and uses correct concepts, but the diagnosis is somewhat vague. Good overall performance; room for improvement in socratic depth.
A27: 38 | B27: 13 | C27: 2 | D27: 1 | E27: R1, R2, R3 y R4 | F27: ¿Cuál de estas resistencias tiene ambos terminales conectados directamente a un solo nodo, lo que las hace irrelevantes para la diferencia de potencial entre N2 y 0? | G27: 3 | H27: 3 | I27: 2 | J27: 5 | K27: 13 | L27: 0.844 | M27: 40 | N27: 71.1 | O27: AC1 | P27: AC6, AC9 | Q27: 0 | R27: 0 | S27: 0 | W27: Socratic quality 3/5 (Clarification): Generic question: asks for clarification without attacking the root error. Conceptual precision 3/5 (Sufficient): Sufficient: identifies that there is an error and uses correct concepts, but the diagnosis is somewhat vague. Good overall performance; room for improvement in socratic depth.
A28: 39 | B28: 13 | C28: 3 | D28: 1 | E28: R1 y R2 y R4 hacen un divisor de corriente | F28: ¿Cómo afectan las resistencias con ambos terminales conectados a un solo nodo a la diferencia de potencial entre N2 y 0 en tu circuito? | G28: 3 | H28: 4 | I28: 3 | J28: 5 | K28: 15 | L28: 0.899 | M28: 35 | N28: 66.78 | P28: AC6, AC9 | Q28: 0 | R28: 1 | S28: 0 | W28: Socratic quality 3/5 (Clarification): Generic question: asks for clarification without attacking the root error. Conceptual precision 4/5 (Good): Good: clearly identifies the alternative conception with precise technical language. Good overall performance; room for improvement in socratic depth.
A29: 40 | B29: 14 | C29: 1 | D29: 1 | E29: R1 y R2 y R4 hacen un divisor de tensión, r3 no cuenta por estar en corto | F29: ¿Crees que la presencia del interruptor abierto entre N2 y N3 afecta el valor de la resistencia R3 en tu análisis? | G29: 3 | H29: 5 | I29: 3 | J29: 5 | K29: 16 | L29: 1.151 | M29: 33 | N29: 52.14 | O29: AC1 | P29: AC1 | Q29: 1 | R29: 1 | S29: 1 | W29: Socratic quality 3/5 (Clarification): Generic question: asks for clarification without attacking the root error. Conceptual precision 5/5 (Excellent): Excellent: identifies the specific alternative conception and connects it with the circuit topology. Good overall performance; room for improvement in socratic depth.
A30: 41 | B30: 14 | C30: 2 | D30: 1 | E30: No tengo en cuenta R3 porque el interruptor está cerrado | F30: ¿Consideras cómo un interruptor cerrado afecta la continuidad del circuito y, por lo tanto, la relevancia de una resistencia en él? | G30: 3 | H30: 3 | I30: 3 | J30: 5 | K30: 14 | L30: 0.836 | M30: 35 | N30: 71.81 | O30: AC1, AC9 | P30: AC1 | Q30: 1 | R30: 0.5 | S30: 0.667 | W30: Socratic quality 3/5 (Clarification): Generic question: asks for clarification without attacking the root error. Conceptual precision 3/5 (Sufficient): Sufficient: identifies that there is an error and uses correct concepts, but the diagnosis is somewhat vague. Good overall performance; room for improvement in socratic depth.
A31: 42 | B31: 14 | C31: 3 | D31: 1 | E31: No tengo en cuenta R5 porque está en circuito abierto | F31: ¿Crees que el estado del interruptor afecta la continuidad y, por lo tanto, la importancia de R5 en tu análisis? | G31: 3 | H31: 2 | I31: 5 | J31: 5 | K31: 15 | L31: 0.777 | M31: 32 | N31: 77.24 | O31: AC6, AC9 | P31: AC1 | Q31: 0 | R31: 0 | S31: 0 | W31: Socratic quality 3/5 (Clarification): Generic question: asks for clarification without attacking the root error. Conceptual precision 2/5 (Poor): Poor: responds generically without diagnosing the conceptual error. Good overall performance; room for improvement in socratic depth.
A32: 43 | B32: 15 | C32: 1 | D32: 3 | E32: R4 y R5 dado que las dos resistencia forman un divisor de tensión | F32: ¿Cómo se relaciona la conexión de R4 y R5 con el nodo N2 comparada con cómo estás viendo el rol de R3 en este circuito? | G32: 3 | H32: 2 | I32: 5 | J32: 5 | K32: 15 | L32: 1.033 | M32: 37 | N32: 58.11 | O32: AC9 | Q32: 1 | R32: 0 | S32: 0 | W32: Socratic quality 3/5 (Clarification): Generic question: asks for clarification without attacking the root error. Conceptual precision 2/5 (Poor): Poor: responds generically without diagnosing the conceptual error. Good overall performance; room for improvement in socratic depth.
A33: 44 | B33: 15 | C33: 2 | D33: 3 | E33: R4 y R5 dado que se pide la tensión en R4 | F33: ¿Cómo afecta la conexión de R4 y R5 a la tensión medida en R4 comparada con el papel que juega R3 en esta configuración? | G33: 4 | H33: 2 | I33: 5 | J33: 5 | K33: 16 | L33: 1.008 | M33: 36 | N33: 59.55 | O33: AC9 | Q33: 1 | R33: 0 | S33: 0 | W33: Socratic quality 4/5 (Scaffolding for detection): Scaffolding for detection: identifies the error area and asks a question that confronts the theory. Conceptual precision 2/5 (Poor): Poor: responds generically without diagnosing the conceptual error. Good overall performance; room for improvement in socratic depth.
A34: 45 | B34: 15 | C34: 3 | D34: 3 | E34: R4 y R5 por identificar un divisor de tensión | F34: ¿Cómo cambia la presencia de R4 y R5 en relación a R3 afectarías la tensión medida en R4? | G34: 4 | H34: 2 | I34: 5 | J34: 5 | K34: 16 | L34: 1.086 | M34: 30 | N34: 55.25 | O34: AC9 | Q34: 1 | R34: 0 | S34: 0 | W34: Socratic quality 4/5 (Scaffolding for detection): Scaffolding for detection: identifies the error area and asks a question that confronts the theory. Conceptual precision 2/5 (Poor): Poor: responds generically without diagnosing the conceptual error. Good overall performance; room for improvement in socratic depth.
A35: 46 | B35: 16 | C35: 1 | D35: 3 | E35: R4 y R5 hacen un divisor de tensión | F35: ¿Cómo se relaciona la conexión de R4 y R5 con el nodo N2 comparado con cómo están conectados a la fuente V1? | G35: 3 | H35: 2 | I35: 5 | J35: 5 | K35: 15 | L35: 0.913 | M35: 33 | N35: 65.75 | O35: AC9 | P35: AC13 | Q35: 0 | R35: 0 | S35: 0 | W35: Socratic quality 3/5 (Clarification): Generic question: asks for clarification without attacking the root error. Conceptual precision 2/5 (Poor): Poor: responds generically without diagnosing the conceptual error. Good overall performance; room for improvement in socratic depth.

Sheet Metadata
A1: Field | B1: Value
A2: Generation date | B2: 2026-05-21T12:14:42.659194
A3: Method | B3: RAG
A4: Models evaluated | B4: qwen2.5:latest
A5: Exercises covered | B5: 1, 3
A6: Total evaluations | B6: 34
A7: UPV Ollama URL | B7: https://ollama.gti-ia.upv.es:443
A8: PoliGPT URL | B8: https://api.poligpt.upv.es

Sheet Ranking
A1: Ranking | B1: Model | C1: samples | D1: avg_latency | E1: p95_latency | F1: throughput | G1: avg_tokens | H1: socratic_format | I1: conceptual_correctness | J1: adaptability | K1: reflection_generation | L1: score_total | M1: pct_socratic | N1: pct_score_15 | O1: faithfulness | P1: relevance | Q1: pct_cot
A2: 1 | B2: qwen2.5:latest | C2: =COUNTA('Results_qwen2.5_latest'!A2:A10000) | D2: =IFERROR(AVERAGE('Results_qwen2.5_latest'!L2:L10000),"") | E2: =IFERROR(PERCENTILE('Results_qwen2.5_latest'!L2:L10000,0.95),"") | F2: =IFERROR(IF(AVERAGE('Results_qwen2.5_latest'!L2:L10000)>0,60/AVERAGE('Results_qwen2.5_latest'!L2:L10000),0),"") | G2: =IFERROR(AVERAGE('Results_qwen2.5_latest'!M2:M10000),"") | H2: =IFERROR(AVERAGE('Results_qwen2.5_latest'!G2:G10000),"") | I2: =IFERROR(AVERAGE('Results_qwen2.5_latest'!H2:H10000),"") | J2: =IFERROR(AVERAGE('Results_qwen2.5_latest'!I2:I10000),"") | K2: =IFERROR(AVERAGE('Results_qwen2.5_latest'!J2:J10000),"") | L2: =IFERROR(AVERAGE('Results_qwen2.5_latest'!K2:K10000),"") | M2: =IFERROR(COUNTIF('Results_qwen2.5_latest'!G2:G10000,">=4")/COUNTA('Results_qwen2.5_latest'!G2:G10000)*100,"") | N2: =IFERROR(COUNTIF('Results_qwen2.5_latest'!K2:K10000,">=15")/COUNTA('Results_qwen2.5_latest'!K2:K10000)*100,"") | O2: =IFERROR(AVERAGE('Results_qwen2.5_latest'!T2:T10000),"") | P2: =IFERROR(AVERAGE('Results_qwen2.5_latest'!U2:U10000),"") | Q2: =IFERROR(COUNTIF('Results_qwen2.5_latest'!V2:V10000,"<>")/COUNTA('Results_qwen2.5_latest'!A2:A10000)*100,"")

Sheet Results_Article
A1: Model | B1: Arch. | C1: samples | D1: avg_latency (s) | E1: avg_tokens | F1: socraticity (0-5) | G1: conceptual correctness (0-5) | H1: consistency (0-5) | I1: hallucination rate (0-5) | J1: temperature
A2: qwen2.5:latest | B2: RAG-UPV | C2: =COUNTA('Results_qwen2.5_latest'!A2:A10000) | D2: =IFERROR(AVERAGE('Results_qwen2.5_latest'!L2:L10000),"") | E2: =IFERROR(AVERAGE('Results_qwen2.5_latest'!M2:M10000),"") | F2: =IFERROR(AVERAGE('Results_qwen2.5_latest'!G2:G10000),"") | G2: =IFERROR(AVERAGE('Results_qwen2.5_latest'!H2:H10000),"") | H2: =IFERROR(AVERAGE('Results_qwen2.5_latest'!I2:I10000),"") | I2: =IFERROR(AVERAGE('Results_qwen2.5_latest'!J2:J10000),"") | J2: 0.7

Sheet Efficiency
A1: Model | B1: avg_latency | C1: p95_latency | D1: throughput | E1: avg_tokens
A2: qwen2.5:latest | B2: =IFERROR(AVERAGE('Results_qwen2.5_latest'!L2:L10000),"") | C2: =IFERROR(PERCENTILE('Results_qwen2.5_latest'!L2:L10000,0.95),"") | D2: =IFERROR(IF(AVERAGE('Results_qwen2.5_latest'!L2:L10000)>0,60/AVERAGE('Results_qwen2.5_latest'!L2:L10000),0),"") | E2: =IFERROR(AVERAGE('Results_qwen2.5_latest'!M2:M10000),"")

Sheet CoT Analysis
A1: Model | B1: faithfulness | C1: relevance | D1: pct_cot
A2: qwen2.5:latest | B2: =IFERROR(AVERAGE('Results_qwen2.5_latest'!T2:T10000),"") | C2: =IFERROR(AVERAGE('Results_qwen2.5_latest'!U2:U10000),"") | D2: =IFERROR(COUNTIF('Results_qwen2.5_latest'!V2:V10000,"<>")/COUNTA('Results_qwen2.5_latest'!A2:A10000)*100,"")
