Workbook

Sheet Results_gemma3_27b
A1: ID | B1: Conversation | C1: Turn | D1: Exercise | E1: Student Answer | F1: Tutor Socratic Response | G1: Socratic Quality | H1: Conceptual Precision | I1: Consistency | J1: Hallucination Rate | K1: Total Score | L1: Latency (s) | M1: Tokens | N1: Throughput (resp/min) | O1: Expected ACs | P1: Detected ACs | Q1: AC Precision | R1: AC Recall | S1: AC F1 | T1: Faithfulness | U1: Relevance | V1: Think Content | W1: Constructive Feedback
A2: 199 | B2: 68 | C2: 1 | D2: 1 | E2: R1 y R2 dado que las dos resistencia forman un divisor de tensión | F2: Considerando que el interruptor entre N2 y N3 está abierto, ¿cómo afecta esto al flujo de corriente a través de todas las resistencias conectadas a esos nodos? | G2: 4 | H2: 4 | I2: 3 | J2: 5 | K2: 16 | L2: 1.571 | M2: 36 | N2: 38.2 | O2: AC9 | P2: AC1, AC9 | Q2: 0.5 | R2: 1 | S2: 0.667 | W2: Socratic quality 4/5 (Scaffolding for detection): Scaffolding for detection: identifies the error area and asks a question that confronts the theory. Conceptual precision 4/5 (Good): Good: clearly identifies the alternative conception with precise technical language. Good overall performance; room for improvement in socratic depth.
A3: 200 | B3: 68 | C3: 2 | D3: 1 | E3: R1 y R2 dado que se pide la tensión en R2 | F3: Si conoces la tensión total aplicada al divisor de tensión y la resistencia de R1, ¿qué información adicional necesitarías para calcular la caída de tensión específicamente en R2? | G3: 3 | H3: 3 | I3: 5 | J3: 5 | K3: 16 | L3: 1.137 | M3: 36 | N3: 52.76 | O3: AC9 | Q3: 1 | R3: 0 | S3: 0 | W3: Socratic quality 3/5 (Clarification): Generic question: asks for clarification without attacking the root error. Conceptual precision 3/5 (Sufficient): Sufficient: identifies that there is an error and uses correct concepts, but the diagnosis is somewhat vague. Good overall performance; room for improvement in socratic depth.
A4: 201 | B4: 68 | C4: 3 | D4: 1 | E4: R1 y R2 por identificar un divisor de tensión | F4: Dado que tienes un divisor de tensión compuesto por R1 y R2, ¿cómo se relaciona la resistencia de cada componente con la proporción de la tensión total que cae sobre ella? | G4: 3 | H4: 3 | I4: 5 | J4: 5 | K4: 16 | L4: 1.151 | M4: 37 | N4: 52.13 | O4: AC9 | Q4: 1 | R4: 0 | S4: 0 | W4: Socratic quality 3/5 (Clarification): Generic question: asks for clarification without attacking the root error. Conceptual precision 3/5 (Sufficient): Sufficient: identifies that there is an error and uses correct concepts, but the diagnosis is somewhat vague. Good overall performance; room for improvement in socratic depth.
A5: 202 | B5: 69 | C5: 1 | D5: 1 | E5: R1 y R2 hacen un divisor de tensión | F5: Considerando que el interruptor entre N2 y N3 está abierto, ¿cómo afecta esto al flujo de corriente a través de las diferentes ramas del circuito y qué implicaciones tiene para calcular la diferencia de potencial en N2 con respecto a tierra? | G5: 4 | H5: 3 | I5: 2 | J5: 5 | K5: 14 | L5: 1.544 | M5: 51 | N5: 38.85 | O5: AC9 | P5: AC1, AC9 | Q5: 0.5 | R5: 1 | S5: 0.667 | W5: Socratic quality 4/5 (Scaffolding for detection): Scaffolding for detection: identifies the error area and asks a question that confronts the theory. Conceptual precision 3/5 (Sufficient): Sufficient: identifies that there is an error and uses correct concepts, but the diagnosis is somewhat vague. Good overall performance; room for improvement in socratic depth.
A6: 203 | B6: 69 | C6: 2 | D6: 1 | E6: R1, R2, R3 y R4 porque R5 está cortocircuitada | F6: Si R5 está efectivamente cortocircuitada, ¿cómo impacta esta condición en la corriente que fluye a través de R4 y qué consecuencias tiene esto para determinar qué resistencias contribuyen significativamente a la caída de tensión total? | G6: 3 | H6: 3 | I6: 3 | J6: 5 | K6: 14 | L6: 1.304 | M6: 48 | N6: 46.01 | O6: AC1, AC6 | P6: AC1, AC9 | Q6: 0.5 | R6: 0.5 | S6: 0.5 | W6: Socratic quality 3/5 (Clarification): Generic question: asks for clarification without attacking the root error. Conceptual precision 3/5 (Sufficient): Sufficient: identifies that there is an error and uses correct concepts, but the diagnosis is somewhat vague. Good overall performance; room for improvement in socratic depth.
A7: 204 | B7: 69 | C7: 3 | D7: 1 | E7: R1, R2, R3 y R4 porque por R5 no circula corriente | F7: Si no circula corriente a través de R5 debido al cortocircuito, ¿cómo afecta esto a la configuración general del circuito y a la identificación de las resistencias que realmente determinan la resistencia equivalente total vista por la fuente de tensión? | G7: 4 | H7: 4 | I7: 3 | J7: 5 | K7: 16 | L7: 1.338 | M7: 48 | N7: 44.85 | O7: AC1, AC6 | P7: AC1, AC6, AC9 | Q7: 0.667 | R7: 1 | S7: 0.8 | W7: Socratic quality 4/5 (Scaffolding for detection): Scaffolding for detection: identifies the error area and asks a question that confronts the theory. Conceptual precision 4/5 (Good): Good: clearly identifies the alternative conception with precise technical language. Good overall performance; room for improvement in socratic depth.
A8: 205 | B8: 70 | C8: 1 | D8: 1 | E8: R1, R2, R3 y R4 porque R5 se quita | F8: Si examinas cuidadosamente el netlist, ¿qué relación observas entre los nodos conectados a los terminales de R5? | G8: 3 | H8: 3 | I8: 3 | J8: 5 | K8: 14 | L8: 1.155 | M8: 26 | N8: 51.96 | O8: AC1, AC6 | P8: AC6 | Q8: 1 | R8: 0.5 | S8: 0.667 | W8: Socratic quality 3/5 (Clarification): Generic question: asks for clarification without attacking the root error. Conceptual precision 3/5 (Sufficient): Sufficient: identifies that there is an error and uses correct concepts, but the diagnosis is somewhat vague. Good overall performance; room for improvement in socratic depth.
A9: 206 | B9: 70 | C9: 2 | D9: 1 | E9: R1, R3 y R4 porque R2 está en paralelo con la fuente y R5 corctocircuitada | F9: Si un componente está en cortocircuito, ¿cómo afecta esto a la corriente que fluye a través de él y a la tensión a través de sus terminales? | G9: 4 | H9: 4 | I9: 3 | J9: 5 | K9: 16 | L9: 1.141 | M9: 35 | N9: 52.59 | O9: AC1, AC6 | P9: AC1, AC6 | Q9: 1 | R9: 1 | S9: 1 | W9: Socratic quality 4/5 (Scaffolding for detection): Scaffolding for detection: identifies the error area and asks a question that confronts the theory. Conceptual precision 4/5 (Good): Good: clearly identifies the alternative conception with precise technical language. Good overall performance; room for improvement in socratic depth.
A10: 207 | B10: 70 | C10: 3 | D10: 1 | E10: R1, R4 y R5 porque R2 se elimina y R3 también | F10: Considerando que un cortocircuito implica una resistencia de cero ohmios, ¿cómo afectaría esto a la corriente total que circula por el circuito y a la distribución de la tensión en las demás resistencias? | G10: 3 | H10: 4 | I10: 3 | J10: 5 | K10: 15 | L10: 1.265 | M10: 42 | N10: 47.43 | O10: AC1, AC6 | P10: AC1, AC6, AC9 | Q10: 0.667 | R10: 1 | S10: 0.8 | W10: Socratic quality 3/5 (Clarification): Generic question: asks for clarification without attacking the root error. Conceptual precision 4/5 (Good): Good: clearly identifies the alternative conception with precise technical language. Good overall performance; room for improvement in socratic depth.
A11: 208 | B11: 71 | C11: 1 | D11: 1 | E11: R1 y R4 dado que R2 está en paralelo con la fuente, R3 en circuito abierto y R5 cortocircuitada | F11: Considerando que R2 está en paralelo con la fuente, ¿cómo afecta esta configuración a la corriente que fluye a través de R2 en comparación con la corriente total proveniente de la fuente? | G11: 4 | H11: 3 | I11: 3 | J11: 5 | K11: 15 | L11: 1.412 | M11: 41 | N11: 42.51 | O11: AC1, AC6 | P11: AC1 | Q11: 1 | R11: 0.5 | S11: 0.667 | W11: Socratic quality 4/5 (Scaffolding for detection): Scaffolding for detection: identifies the error area and asks a question that confronts the theory. Conceptual precision 3/5 (Sufficient): Sufficient: identifies that there is an error and uses correct concepts, but the diagnosis is somewhat vague. Good overall performance; room for improvement in socratic depth.
A12: 209 | B12: 71 | C12: 2 | D12: 1 | E12: R1, R2 y R3 dado que R2 y R3 están en paralelo y forman un divisor de tensión con R1 | F12: Si R2 y R3 están en paralelo, ¿cómo se compara el voltaje a través de R2 con el voltaje a través de R3, y cómo esto impacta la corriente que fluye por cada resistencia? | G12: 3 | H12: 3 | I12: 4 | J12: 5 | K12: 15 | L12: 1.278 | M12: 45 | N12: 46.97 | O12: AC1, AC9 | P12: AC1 | Q12: 1 | R12: 0.5 | S12: 0.667 | W12: Socratic quality 3/5 (Clarification): Generic question: asks for clarification without attacking the root error. Conceptual precision 3/5 (Sufficient): Sufficient: identifies that there is an error and uses correct concepts, but the diagnosis is somewhat vague. Good overall performance; room for improvement in socratic depth.
A13: 210 | B13: 71 | C13: 3 | D13: 1 | E13: R1, R2, R4 y R5 dado que R3 está en circuito abierto | F13: Dado que R3 está en circuito abierto, ¿cómo crees que esto afecta el flujo de corriente en el resto del circuito, específicamente en las ramas que contienen a R1, R2, R4 y R5? | G13: 3 | H13: 3 | I13: 5 | J13: 5 | K13: 16 | L13: 1.31 | M13: 46 | N13: 45.8 | O13: AC1, AC6 | P13: AC1 | Q13: 1 | R13: 0.5 | S13: 0.667 | W13: Socratic quality 3/5 (Clarification): Generic question: asks for clarification without attacking the root error. Conceptual precision 3/5 (Sufficient): Sufficient: identifies that there is an error and uses correct concepts, but the diagnosis is somewhat vague. Good overall performance; room for improvement in socratic depth.
A14: 211 | B14: 72 | C14: 1 | D14: 1 | E14: R1, R2, R4 y R5 dado que R3 sobra | F14: Considerando el netlist, ¿qué característica comparten los nodos conectados a los terminales de R5, y cómo podría afectar esto al flujo de corriente a través de esa resistencia? | G14: 3 | H14: 3 | I14: 3 | J14: 5 | K14: 14 | L14: 1.324 | M14: 37 | N14: 45.31 | O14: AC1, AC6 | P14: AC1, AC6 | Q14: 1 | R14: 1 | S14: 1 | W14: Socratic quality 3/5 (Clarification): Generic question: asks for clarification without attacking the root error. Conceptual precision 3/5 (Sufficient): Sufficient: identifies that there is an error and uses correct concepts, but the diagnosis is somewhat vague. Good overall performance; room for improvement in socratic depth.
A15: 212 | B15: 72 | C15: 2 | D15: 1 | E15: R1, R2, R4 y R5 dado que R3 no hace nada | F15: Si R3 no contribuye al circuito, ¿cómo describirías su rol en términos de la corriente eléctrica y la diferencia de potencial entre sus terminales? | G15: 3 | H15: 3 | I15: 3 | J15: 5 | K15: 14 | L15: 1.084 | M15: 32 | N15: 55.35 | O15: AC1, AC6 | P15: AC1, AC6, AC9 | Q15: 0.667 | R15: 1 | S15: 0.8 | W15: Socratic quality 3/5 (Clarification): Generic question: asks for clarification without attacking the root error. Conceptual precision 3/5 (Sufficient): Sufficient: identifies that there is an error and uses correct concepts, but the diagnosis is somewhat vague. Good overall performance; room for improvement in socratic depth.
A16: 213 | B16: 72 | C16: 3 | D16: 1 | E16: R1, R2 y R4 dado que son las resistencias que forman parte del circuito. | F16: Si R5 está efectivamente desconectada del resto del circuito, ¿cómo afectaría esto a la corriente que fluye a través de R4, considerando las leyes de conservación de la corriente en los nodos? | G16: 3 | H16: 3 | I16: 3 | J16: 5 | K16: 14 | L16: 1.266 | M16: 43 | N16: 47.38 | P16: AC1 | Q16: 0 | R16: 1 | S16: 0 | W16: Socratic quality 3/5 (Clarification): Generic question: asks for clarification without attacking the root error. Conceptual precision 3/5 (Sufficient): Sufficient: identifies that there is an error and uses correct concepts, but the diagnosis is somewhat vague. Good overall performance; room for improvement in socratic depth.
A17: 214 | B17: 73 | C17: 1 | D17: 1 | E17: R1, R2 y R4 dado que R2 y R4 están en paralelo y forma un divisor de tensión con R1. | F17: Considerando el interruptor abierto entre N2 y N3, ¿cómo afecta esto al flujo de corriente a través de alguna de las resistencias que mencionaste? | G17: 4 | H17: 4 | I17: 3 | J17: 5 | K17: 16 | L17: 1.311 | M17: 33 | N17: 45.76 | P17: AC1, AC9 | Q17: 0 | R17: 1 | S17: 0 | W17: Socratic quality 4/5 (Scaffolding for detection): Scaffolding for detection: identifies the error area and asks a question that confronts the theory. Conceptual precision 4/5 (Good): Good: clearly identifies the alternative conception with precise technical language. Good overall performance; room for improvement in socratic depth.
A18: 215 | B18: 73 | C18: 2 | D18: 1 | E18: R1, R2 y R4 dado que R3 está en abierto y R5 cortocircuitada | F18: Si R5 está cortocircuitada, ¿cómo crees que esto impacta la diferencia de potencial a través de ella y, por lo tanto, en el resto del circuito? | G18: 3 | H18: 2 | I18: 3 | J18: 5 | K18: 13 | L18: 1.202 | M18: 38 | N18: 49.91 | O18: AC1, AC6 | Q18: 1 | R18: 0 | S18: 0 | W18: Socratic quality 3/5 (Clarification): Generic question: asks for clarification without attacking the root error. Conceptual precision 2/5 (Poor): Poor: responds generically without diagnosing the conceptual error. Good overall performance; room for improvement in socratic depth.
A19: 216 | B19: 73 | C19: 3 | D19: 1 | E19: R1, R2 y R4 dado que solo por estas resistencias circula una corriente diferente de cero | F19: Considerando que R2 y R4 están en paralelo, ¿cómo se compara la corriente que fluye a través de cada una de estas resistencias con la corriente total que proviene de R1? | G19: 3 | H19: 4 | I19: 5 | J19: 5 | K19: 17 | L19: 1.213 | M19: 40 | N19: 49.45 | P19: AC1, AC9 | Q19: 0 | R19: 1 | S19: 0 | W19: Socratic quality 3/5 (Clarification): Generic question: asks for clarification without attacking the root error. Conceptual precision 4/5 (Good): Good: clearly identifies the alternative conception with precise technical language. High-performing tutor: expert socratic guidance with precise diagnosis.
A20: 217 | B20: 74 | C20: 1 | D20: 1 | E20: R1, R2 y R4 dado que por R3 y por R5 no circula corriente | F20: Si observas detenidamente el netlist, ¿qué relación de conexión existe entre los terminales de la resistencia R5 y cómo podría afectar esto al flujo de corriente en ese componente? | G20: 3 | H20: 3 | I20: 3 | J20: 5 | K20: 14 | L20: 1.348 | M20: 38 | N20: 44.5 | O20: AC1, AC6 | P20: AC1, AC6 | Q20: 1 | R20: 1 | S20: 1 | W20: Socratic quality 3/5 (Clarification): Generic question: asks for clarification without attacking the root error. Conceptual precision 3/5 (Sufficient): Sufficient: identifies that there is an error and uses correct concepts, but the diagnosis is somewhat vague. Good overall performance; room for improvement in socratic depth.
A21: 218 | B21: 74 | C21: 2 | D21: 1 | E21: R1, R2 y R4 dado que R3 y R5 se pueden quitar | F21: Si R3 y R5 no tienen corriente circulando, ¿cómo describirías la diferencia de potencial (voltaje) a través de cada uno de estos componentes en relación con los demás elementos del circuito? | G21: 3 | H21: 3 | I21: 3 | J21: 5 | K21: 14 | L21: 1.255 | M21: 42 | N21: 47.8 | O21: AC1, AC6 | P21: AC1 | Q21: 1 | R21: 0.5 | S21: 0.667 | W21: Socratic quality 3/5 (Clarification): Generic question: asks for clarification without attacking the root error. Conceptual precision 3/5 (Sufficient): Sufficient: identifies that there is an error and uses correct concepts, but the diagnosis is somewhat vague. Good overall performance; room for improvement in socratic depth.
A22: 219 | B22: 74 | C22: 3 | D22: 1 | E22: R1, R2 y R4 dado que R3 y R5 no influyen para nada en la diferencia de potencial que se pide | F22: Si R3 y R5 no influyen en la diferencia de potencial, ¿podrías explicar cómo la corriente que fluye a través de R1, R2 y R4 se vería afectada si, hipotéticamente, R3 y R5 estuvieran presentes y con valores distintos de infinito? | G22: 3 | H22: 3 | I22: 5 | J22: 5 | K22: 16 | L22: 1.584 | M22: 63 | N22: 37.88 | O22: AC1, AC6 | P22: AC1 | Q22: 1 | R22: 0.5 | S22: 0.667 | W22: Socratic quality 3/5 (Clarification): Clarification: asks the student to explain their reasoning. Conceptual precision 3/5 (Sufficient): Sufficient: identifies that there is an error and uses correct concepts, but the diagnosis is somewhat vague. Good overall performance; room for improvement in socratic depth.
A23: 220 | B23: 75 | C23: 1 | D23: 1 | E23: R1, R2 y R4 dado que R3 y R5 sobran | F23: Considerando el netlist, ¿qué característica eléctrica comparten los terminales de la resistencia R5 que podría afectar su contribución al cálculo de la diferencia de potencial entre N2 y 0? | G23: 3 | H23: 3 | I23: 3 | J23: 5 | K23: 14 | L23: 1.335 | M23: 40 | N23: 44.94 | O23: AC1, AC6 | P23: AC6, AC9 | Q23: 0.5 | R23: 0.5 | S23: 0.5 | W23: Socratic quality 3/5 (Clarification): Generic question: asks for clarification without attacking the root error. Conceptual precision 3/5 (Sufficient): Sufficient: identifies that there is an error and uses correct concepts, but the diagnosis is somewhat vague. Good overall performance; room for improvement in socratic depth.
A24: 221 | B24: 75 | C24: 2 | D24: 1 | E24: R1, R2 y R4 dado que R3 sobra | F24: Si consideramos la configuración en serie y en paralelo, ¿cómo afectaría la eliminación de R3 al camino que sigue la corriente desde la fuente de voltaje hacia el nodo donde se conectan R1, R2 y R4? | G24: 3 | H24: 3 | I24: 4 | J24: 5 | K24: 15 | L24: 1.309 | M24: 47 | N24: 45.82 | O24: AC1 | P24: AC1, AC9 | Q24: 0.5 | R24: 1 | S24: 0.667 | W24: Socratic quality 3/5 (Clarification): Generic question: asks for clarification without attacking the root error. Conceptual precision 3/5 (Sufficient): Sufficient: identifies that there is an error and uses correct concepts, but the diagnosis is somewhat vague. Good overall performance; room for improvement in socratic depth.
A25: 222 | B25: 75 | C25: 3 | D25: 1 | E25: R1, R2 y R4 dado que R5 sobra | F25: Dado que R5 está en cortocircuito, ¿cómo impacta esto en la corriente que fluye a través de la rama que contiene a R3, y cómo podría esto simplificar el análisis del circuito? | G25: 3 | H25: 3 | I25: 3 | J25: 5 | K25: 14 | L25: 1.475 | M25: 44 | N25: 40.67 | O25: AC6 | P25: AC1, AC6 | Q25: 0.5 | R25: 1 | S25: 0.667 | W25: Socratic quality 3/5 (Clarification): Generic question: asks for clarification without attacking the root error. Conceptual precision 3/5 (Sufficient): Sufficient: identifies that there is an error and uses correct concepts, but the diagnosis is somewhat vague. Good overall performance; room for improvement in socratic depth.
A26: 223 | B26: 76 | C26: 1 | D26: 1 | E26: R1, R2 y R4 dado que R3 está en abierto | F26: Considerando que el interruptor entre N2 y N3 está abierto, ¿qué implicaciones tiene esto para el flujo de corriente a través de cualquier componente conectado directamente a esos nodos? | G26: 3 | H26: 4 | I26: 3 | J26: 5 | K26: 15 | L26: 1.31 | M26: 38 | N26: 45.8 | O26: AC1 | P26: AC1 | Q26: 1 | R26: 1 | S26: 1 | W26: Socratic quality 3/5 (Clarification): Generic question: asks for clarification without attacking the root error. Conceptual precision 4/5 (Good): Good: clearly identifies the alternative conception with precise technical language. Good overall performance; room for improvement in socratic depth.
A27: 224 | B27: 76 | C27: 2 | D27: 1 | E27: R1, R2 y R4 dado que R5 cortocircuitada | F27: Si R5 está en cortocircuito, ¿cómo afecta esto a la diferencia de potencial a través de ella y, por consiguiente, a la corriente que fluye a través de la rama que la contiene? | G27: 4 | H27: 4 | I27: 3 | J27: 5 | K27: 16 | L27: 1.275 | M27: 44 | N27: 47.07 | O27: AC6 | P27: AC1, AC6 | Q27: 0.5 | R27: 1 | S27: 0.667 | W27: Socratic quality 4/5 (Scaffolding for detection): Scaffolding for detection: identifies the error area and asks a question that confronts the theory. Conceptual precision 4/5 (Good): Good: clearly identifies the alternative conception with precise technical language. Good overall performance; room for improvement in socratic depth.
A28: 225 | B28: 76 | C28: 3 | D28: 1 | E28: R1, R2 y R4 dado que por R3 no circula corriente | F28: Si no circula corriente a través de R3, ¿cómo describirías la relación entre los nodos conectados a sus terminales y qué implicaciones tiene esto para el camino que sigue la corriente en el circuito? | G28: 3 | H28: 4 | I28: 3 | J28: 5 | K28: 15 | L28: 1.257 | M28: 42 | N28: 47.72 | O28: AC1 | P28: AC1, AC6, AC9 | Q28: 0.333 | R28: 1 | S28: 0.5 | W28: Socratic quality 3/5 (Clarification): Generic question: asks for clarification without attacking the root error. Conceptual precision 4/5 (Good): Good: clearly identifies the alternative conception with precise technical language. Good overall performance; room for improvement in socratic depth.
A29: 226 | B29: 77 | C29: 1 | D29: 1 | E29: R1, R2 y R4 dado que por R5 no circula corriente | F29: Si observas detenidamente el netlist, ¿qué relación de conexión existe entre los dos terminales de R5 que podría afectar el flujo de corriente a través de ella? | G29: 3 | H29: 3 | I29: 3 | J29: 5 | K29: 14 | L29: 1.304 | M29: 36 | N29: 46.02 | O29: AC6 | P29: AC1, AC6 | Q29: 0.5 | R29: 1 | S29: 0.667 | W29: Socratic quality 3/5 (Clarification): Generic question: asks for clarification without attacking the root error. Conceptual precision 3/5 (Sufficient): Sufficient: identifies that there is an error and uses correct concepts, but the diagnosis is somewhat vague. Good overall performance; room for improvement in socratic depth.
A30: 227 | B30: 77 | C30: 2 | D30: 1 | E30: R1, R2 y R4 dado que R3 se puede quitar | F30: Si R3 se pudiera remover sin afectar la corriente en otros componentes, ¿cómo describirías la configuración del circuito con respecto a R3: en serie, en paralelo, o quizás una combinación de ambas? | G30: 3 | H30: 3 | I30: 3 | J30: 5 | K30: 14 | L30: 1.257 | M30: 42 | N30: 47.73 | O30: AC1 | P30: AC1 | Q30: 1 | R30: 1 | S30: 1 | W30: Socratic quality 3/5 (Clarification): Generic question: asks for clarification without attacking the root error. Conceptual precision 3/5 (Sufficient): Sufficient: identifies that there is an error and uses correct concepts, but the diagnosis is somewhat vague. Good overall performance; room for improvement in socratic depth.
A31: 228 | B31: 77 | C31: 3 | D31: 1 | E31: R1, R2 y R4 dado que R5 se puede quitar | F31: Si R5 puede ser removido sin alterar el funcionamiento del circuito, ¿qué implicación tiene esto sobre el camino que la corriente podría tomar en relación con R5? | G31: 3 | H31: 3 | I31: 3 | J31: 5 | K31: 14 | L31: 1.138 | M31: 35 | N31: 52.71 | O31: AC6 | P31: AC1, AC9 | Q31: 0 | R31: 0 | S31: 0 | W31: Socratic quality 3/5 (Clarification): Generic question: asks for clarification without attacking the root error. Conceptual precision 3/5 (Sufficient): Sufficient: identifies that there is an error and uses correct concepts, but the diagnosis is somewhat vague. Good overall performance; room for improvement in socratic depth.
... A36: 233 | B36: 79 | C36: 2 | D36: 1 | E36: R1 y R2 | F36: Considerando que la corriente siempre busca el camino de menor resistencia, ¿cómo describirías el rol de R3 en relación con el camino que podría tomar la corriente desde la fuente de voltaje? | G36: 3 | H36: 3 | I36: 2 | J36: 5 | K36: 13 | L36: 1.233 | M36: 39 | N36: 48.65 | O36: AC9 | P36: AC1, AC9 | Q36: 0.5 | R36: 1 | S36: 0.667 | W36: Socratic quality 3/5 (Clarification): Generic question: asks for clarification without attacking the root error. Conceptual precision 3/5 (Sufficient): Sufficient: identifies that there is an error and uses correct concepts, but the diagnosis is somewhat vague. Good overall performance; room for improvement in socratic depth.
A37: 234 | B37: 79 | C37: 3 | D37: 1 | E37: R1, R2 y R4 | F37: Si analizamos la configuración de R4, ¿cómo afecta su conexión en serie o en paralelo a la corriente total que fluye desde la fuente de voltaje? | G37: 4 | H37: 4 | I37: 3 | J37: 5 | K37: 16 | L37: 1.121 | M37: 33 | N37: 53.53 | P37: AC1 | Q37: 0 | R37: 1 | S37: 0 | W37: Socratic quality 4/5 (Scaffolding for detection): Scaffolding for detection: identifies the error area and asks a question that confronts the theory. Conceptual precision 4/5 (Good): Good: clearly identifies the alternative conception with precise technical language. Good overall performance; room for improvement in socratic depth.
A38: 235 | B38: 80 | C38: 1 | D38: 1 | E38: R1, R2, R4 y R5 | F38: Si examinas cuidadosamente el netlist, ¿qué característica comparten los dos terminales de la resistencia R5 que podría afectar su contribución al flujo de corriente en el circuito? | G38: 3 | H38: 3 | I38: 3 | J38: 5 | K38: 14 | L38: 1.308 | M38: 36 | N38: 45.88 | O38: AC6 | P38: AC1, AC6, AC9 | Q38: 0.333 | R38: 1 | S38: 0.5 | W38: Socratic quality 3/5 (Clarification): Generic question: asks for clarification without attacking the root error. Conceptual precision 3/5 (Sufficient): Sufficient: identifies that there is an error and uses correct concepts, but the diagnosis is somewhat vague. Good overall performance; room for improvement in socratic depth.
A39: 236 | B39: 80 | C39: 2 | D39: 1 | E39: R1, R2, R3 y R4 | F39: Considerando que has identificado cuatro resistencias, ¿cómo podría la presencia de una quinta resistencia (R5) alterar el cálculo de la resistencia equivalente total del circuito? | G39: 3 | H39: 2 | I39: 2 | J39: 5 | K39: 12 | L39: 1.106 | M39: 33 | N39: 54.23 | O39: AC1 | P39: AC9 | Q39: 0 | R39: 0 | S39: 0 | W39: Socratic quality 3/5 (Clarification): Generic question: asks for clarification without attacking the root error. Conceptual precision 2/5 (Poor): Poor: responds generically without diagnosing the conceptual error. Acceptable performance; needs to improve precision or socratic methodology.
A40: 237 | B40: 80 | C40: 3 | D40: 1 | E40: R1 y R2 y R4 hacen un divisor de corriente | F40: Si R1, R2 y R4 forman un divisor de corriente, ¿cómo afectaría la presencia de R3 y R5 a los nodos donde se conectan estos componentes, y cómo influiría esto en la corriente total del circuito? | G40: 3 | H40: 3 | I40: 4 | J40: 5 | K40: 15 | L40: 1.43 | M40: 51 | N40: 41.97 | P40: AC1 | Q40: 0 | R40: 1 | S40: 0 | W40: Socratic quality 3/5 (Clarification): Generic question: asks for clarification without attacking the root error. Conceptual precision 3/5 (Sufficient): Sufficient: identifies that there is an error and uses correct concepts, but the diagnosis is somewhat vague. Good overall performance; room for improvement in socratic depth.
A41: 238 | B41: 81 | C41: 1 | D41: 1 | E41: R1 y R2 y R4 hacen un divisor de tensión, r3 no cuenta por estar en corto | F41: Si consideramos el estado del interruptor entre N2 y N3, ¿qué implicaciones tiene esto para el flujo de corriente a través de la rama que contiene a R3? | G41: 3 | H41: 5 | I41: 3 | J41: 5 | K41: 16 | L41: 1.382 | M41: 37 | N41: 43.42 | O41: AC1 | P41: AC1 | Q41: 1 | R41: 1 | S41: 1 | W41: Socratic quality 3/5 (Clarification): Generic question: asks for clarification without attacking the root error. Conceptual precision 5/5 (Excellent): Excellent: identifies the specific alternative conception and connects it with the circuit topology. Good overall performance; room for improvement in socratic depth.
A42: 239 | B42: 81 | C42: 2 | D42: 1 | E42: No tengo en cuenta R3 porque el interruptor está cerrado | F42: Si el interruptor está cerrado, ¿cómo afecta esto a la diferencia de potencial a través de R3 y, por lo tanto, a la corriente que podría fluir a través de él? | G42: 4 | H42: 4 | I42: 5 | J42: 5 | K42: 18 | L42: 1.266 | M42: 40 | N42: 47.41 | O42: AC1, AC9 | P42: AC1 | Q42: 1 | R42: 0.5 | S42: 0.667 | W42: Socratic quality 4/5 (Scaffolding for detection): Scaffolding for detection: identifies the error area and asks a question that confronts the theory. Conceptual precision 4/5 (Good): Good: clearly identifies the alternative conception with precise technical language. High-performing tutor: expert socratic guidance with precise diagnosis.
A43: 240 | B43: 81 | C43: 3 | D43: 1 | E43: No tengo en cuenta R5 porque está en circuito abierto | F43: Si R5 está en circuito abierto, ¿cómo afecta esto a la corriente total que fluye desde la fuente de voltaje y a la distribución de voltaje en el resto del circuito? | G43: 4 | H43: 3 | I43: 5 | J43: 5 | K43: 17 | L43: 1.202 | M43: 37 | N43: 49.9 | O43: AC6, AC9 | P43: AC1, AC9 | Q43: 0.5 | R43: 0.5 | S43: 0.5 | W43: Socratic quality 4/5 (Scaffolding for detection): Scaffolding for detection: identifies the error area and asks a question that confronts the theory. Conceptual precision 3/5 (Sufficient): Sufficient: identifies that there is an error and uses correct concepts, but the diagnosis is somewhat vague. High-performing tutor: expert socratic guidance with precise diagnosis.
A44: 241 | B44: 82 | C44: 1 | D44: 3 | E44: R4 y R5 dado que las dos resistencia forman un divisor de tensión | F44: Según el netlist, ¿qué tienen en común los dos terminales de la resistencia R2 y cómo afecta esto a la corriente que podría circular a través de ella? | G44: 3 | H44: 3 | I44: 3 | J44: 5 | K44: 14 | L44: 1.37 | M44: 35 | N44: 43.79 | O44: AC9 | P44: AC6 | Q44: 0 | R44: 0 | S44: 0 | W44: Socratic quality 3/5 (Clarification): Generic question: asks for clarification without attacking the root error. Conceptual precision 3/5 (Sufficient): Sufficient: identifies that there is an error and uses correct concepts, but the diagnosis is somewhat vague. Good overall performance; room for improvement in socratic depth.
A45: 242 | B45: 82 | C45: 2 | D45: 3 | E45: R4 y R5 dado que se pide la tensión en R4 | F45: Si R4 y R5 forman un divisor de tensión, ¿cómo se relaciona el voltaje en R4 con el voltaje total aplicado al divisor y las resistencias involucradas? | G45: 3 | H45: 3 | I45: 5 | J45: 5 | K45: 16 | L45: 1.15 | M45: 35 | N45: 52.17 | O45: AC9 | Q45: 1 | R45: 0 | S45: 0 | W45: Socratic quality 3/5 (Clarification): Generic question: asks for clarification without attacking the root error. Conceptual precision 3/5 (Sufficient): Sufficient: identifies that there is an error and uses correct concepts, but the diagnosis is somewhat vague. Good overall performance; room for improvement in socratic depth.
A46: 243 | B46: 82 | C46: 3 | D46: 3 | E46: R4 y R5 por identificar un divisor de tensión | F46: Considerando que tienes un divisor de tensión formado por R4 y R5, ¿cómo puedes expresar matemáticamente la relación entre el voltaje en R4 (V4) y el voltaje total aplicado (Vtotal)? | G46: 3 | H46: 3 | I46: 5 | J46: 5 | K46: 16 | L46: 1.296 | M46: 44 | N46: 46.3 | O46: AC9 | P46: AC13 | Q46: 0 | R46: 0 | S46: 0 | W46: Socratic quality 3/5 (Clarification): Generic question: asks for clarification without attacking the root error. Conceptual precision 3/5 (Sufficient): Sufficient: identifies that there is an error and uses correct concepts, but the diagnosis is somewhat vague. Good overall performance; room for improvement in socratic depth.
A47: 244 | B47: 83 | C47: 1 | D47: 3 | E47: R4 y R5 hacen un divisor de tensión | F47: Si R2 está conectada directamente entre el nodo N2 y tierra (0V), ¿qué implicaciones tiene esto para la corriente que fluye a través de ella y, por lo tanto, para su contribución a la diferencia de potencial en N2? | G47: 3 | H47: 3 | I47: 2 | J47: 5 | K47: 13 | L47: 1.668 | M47: 54 | N47: 35.97 | O47: AC9 | P47: AC13 | Q47: 0 | R47: 0 | S47: 0 | W47: Socratic quality 3/5 (Clarification): Generic question: asks for clarification without attacking the root error. Conceptual precision 3/5 (Sufficient): Sufficient: identifies that there is an error and uses correct concepts, but the diagnosis is somewhat vague. Good overall performance; room for improvement in socratic depth.
A48: 245 | B48: 83 | C48: 2 | D48: 3 | E48: R3, R4 y R5 porque son las resistencias que están conectadas a N2 | F48: Considerando que un divisor de tensión se basa en la proporción de resistencias para determinar la caída de tensión, ¿cómo afectaría la presencia de R2 conectada a tierra al cálculo de esa proporción y al nodo N2? | G48: 3 | H48: 5 | I48: 3 | J48: 5 | K48: 16 | L48: 1.3 | M48: 46 | N48: 46.16 | Q48: 1 | R48: 1 | S48: 1 | W48: Socratic quality 3/5 (Clarification): Generic question: asks for clarification without attacking the root error. Conceptual precision 5/5 (Excellent): Excellent: identifies the specific alternative conception and connects it with the circuit topology. Good overall performance; room for improvement in socratic depth.
A49: 246 | B49: 83 | C49: 3 | D49: 3 | E49: R3, R4 y R5 porque están en paralelo | F49: Si las resistencias estuvieran realmente en paralelo, ¿cómo describirías la diferencia de potencial a través de cada una de ellas en relación con el nodo N2? | G49: 3 | H49: 4 | I49: 3 | J49: 5 | K49: 15 | L49: 1.107 | M49: 33 | N49: 54.19 | P49: AC13 | Q49: 0 | R49: 1 | S49: 0 | W49: Socratic quality 3/5 (Clarification): Generic question: asks for clarification without attacking the root error. Conceptual precision 4/5 (Good): Good: clearly identifies the alternative conception with precise technical language. Good overall performance; room for improvement in socratic depth.
A50: 247 | B50: 84 | C50: 1 | D50: 3 | E50: R3, R4 y R5 porque R3 está en serie con el paralelo de R4 y R5 | F50: Según el netlist, ¿qué tienen en común los dos terminales de la resistencia R2 y cómo afecta esto a la corriente que puede fluir a través de ella? | G50: 3 | H50: 5 | I50: 3 | J50: 5 | K50: 16 | L50: 1.307 | M50: 36 | N50: 45.9 | P50: AC6 | Q50: 0 | R50: 1 | S50: 0 | W50: Socratic quality 3/5 (Clarification): Generic question: asks for clarification without attacking the root error. Conceptual precision 5/5 (Excellent): Excellent: identifies the specific alternative conception and connects it with the circuit topology. Good overall performance; room for improvement in socratic depth.
A51: 248 | B51: 84 | C51: 2 | D51: 3 | E51: R3, R4 y R5 porque R1 está en paralelo con la fuente y R2 cortocircuitada | F51: Si R2 está cortocircuitada, ¿cómo afecta esto a la diferencia de potencial a través de ella y a la corriente que fluye por el resto del circuito? | G51: 4 | H51: 3 | I51: 3 | J51: 5 | K51: 15 | L51: 1.184 | M51: 36 | N51: 50.67 | O51: AC6, AC13 | P51: AC13 | Q51: 1 | R51: 0.5 | S51: 0.667 | W51: Socratic quality 4/5 (Scaffolding for detection): Scaffolding for detection: identifies the error area and asks a question that confronts the theory. Conceptual precision 3/5 (Sufficient): Sufficient: identifies that there is an error and uses correct concepts, but the diagnosis is somewhat vague. Good overall performance; room for improvement in socratic depth.
A52: 249 | B52: 84 | C52: 3 | D52: 3 | E52: R3, R4 y R5 porque R2 se elimina y R1 también | F52: Si R1 está en paralelo con la fuente y R2 está cortocircuitada, ¿cómo describirías la trayectoria de la corriente desde el terminal positivo de la fuente a través de R1 y luego hacia el resto del circuito? | G52: 3 | H52: 3 | I52: 3 | J52: 5 | K52: 14 | L52: 1.311 | M52: 48 | N52: 45.75 | O52: AC6, AC13 | P52: AC13 | Q52: 1 | R52: 0.5 | S52: 0.667 | W52: Socratic quality 3/5 (Clarification): Generic question: asks for clarification without attacking the root error. Conceptual precision 3/5 (Sufficient): Sufficient: identifies that there is an error and uses correct concepts, but the diagnosis is somewhat vague. Good overall performance; room for improvement in socratic depth.
A53: 250 | B53: 85 | C53: 1 | D53: 3 | E53: R3, R4 y R5 porque R2 está en cortocircuito y R1 en paralelo con la fuente | F53: Considerando que R2 está en cortocircuito, ¿qué implicación tiene esto para la corriente que fluye a través de cualquier componente conectado en paralelo con ella? | G53: 3 | H53: 4 | I53: 3 | J53: 5 | K53: 15 | L53: 1.293 | M53: 35 | N53: 46.42 | O53: AC6, AC13 | P53: AC6 | Q53: 1 | R53: 0.5 | S53: 0.667 | W53: Socratic quality 3/5 (Clarification): Generic question: asks for clarification without attacking the root error. Conceptual precision 4/5 (Good): Good: clearly identifies the alternative conception with precise technical language. Good overall performance; room for improvement in socratic depth.
A54: 251 | B54: 85 | C54: 2 | D54: 3 | E54: R1 y R3 dado que R2 está cortocircuitada | F54: Si R2 está en cortocircuito, ¿cómo afecta esto a la diferencia de potencial a través de R1, y cómo debería esto influir en el cálculo de la corriente total en el circuito? | G54: 4 | H54: 4 | I54: 4 | J54: 5 | K54: 17 | L54: 1.249 | M54: 42 | N54: 48.02 | O54: AC6, AC13, AC9 | P54: AC6, AC13 | Q54: 1 | R54: 0.667 | S54: 0.8 | W54: Socratic quality 4/5 (Scaffolding for detection): Scaffolding for detection: identifies the error area and asks a question that confronts the theory. Conceptual precision 4/5 (Good): Good: clearly identifies the alternative conception with precise technical language. High-performing tutor: expert socratic guidance with precise diagnosis.
A55: 252 | B55: 85 | C55: 3 | D55: 3 | E55: R1, R2 y R3 porque son las resistencias que están conectadas entre N2 y 0 | F55: Dado que un cortocircuito implica una resistencia de cero ohmios, ¿cómo afecta esto al flujo de corriente en ese camino en comparación con otras rutas en el circuito? | G55: 4 | H55: 4 | I55: 3 | J55: 5 | K55: 16 | L55: 1.129 | M55: 35 | N55: 53.17 | O55: AC6, AC13, AC9 | P55: AC6 | Q55: 1 | R55: 0.333 | S55: 0.5 | W55: Socratic quality 4/5 (Scaffolding for detection): Scaffolding for detection: identifies the error area and asks a question that confronts the theory. Conceptual precision 4/5 (Good): Good: clearly identifies the alternative conception with precise technical language. Good overall performance; room for improvement in socratic depth.
A56: 253 | B56: 86 | C56: 1 | D56: 3 | E56: R4 porque es la resistencias que está conectadas entre N2 y 0 | F56: Según el netlist, ¿qué tienen en común los dos terminales de la resistencia R2 y cómo afecta esto a la corriente que podría circular a través de ella? | G56: 3 | H56: 3 | I56: 3 | J56: 5 | K56: 14 | L56: 1.254 | M56: 35 | N56: 47.86 | O56: AC9 | P56: AC6 | Q56: 0 | R56: 0 | S56: 0 | W56: Socratic quality 3/5 (Clarification): Generic question: asks for clarification without attacking the root error. Conceptual precision 3/5 (Sufficient): Sufficient: identifies that there is an error and uses correct concepts, but the diagnosis is somewhat vague. Good overall performance; room for improvement in socratic depth.
A57: 254 | B57: 86 | C57: 2 | D57: 3 | E57: R1, R3, R4 y R5 dado que R2 sobra | F57: Si consideras el nodo donde se conectan R1, R3, R4 y R5, ¿cómo describirías la configuración de estas resistencias en relación con el voltaje aplicado y qué implicaciones tiene esto para la corriente que fluye a través de cada una? | G57: 3 | H57: 4 | I57: 4 | J57: 5 | K57: 16 | L57: 1.45 | M57: 55 | N57: 41.39 | O57: AC6, AC13 | Q57: 1 | R57: 0 | S57: 0 | W57: Socratic quality 3/5 (Clarification): Generic question: asks for clarification without attacking the root error. Conceptual precision 4/5 (Good): Good: clearly identifies the alternative conception with precise technical language. Good overall performance; room for improvement in socratic depth.
A58: 255 | B58: 86 | C58: 3 | D58: 3 | E58: R1, R3, R4 y R5 dado que R2 no hace nada | F58: Si R2 no contribuye al flujo de corriente en el circuito, ¿qué características de un circuito en paralelo podrían explicar por qué una rama específica no tiene impacto en la corriente total o en las tensiones en otros componentes? | G58: 3 | H58: 3 | I58: 3 | J58: 5 | K58: 14 | L58: 1.32 | M58: 46 | N58: 45.46 | O58: AC6, AC13 | Q58: 1 | R58: 0 | S58: 0 | W58: Socratic quality 3/5 (Clarification): Generic question: asks for clarification without attacking the root error. Conceptual precision 3/5 (Sufficient): Sufficient: identifies that there is an error and uses correct concepts, but the diagnosis is somewhat vague. Good overall performance; room for improvement in socratic depth.
A59: 256 | B59: 87 | C59: 1 | D59: 3 | E59: R1, R3, R4 y R5 dado que R2 está cortocircuitada | F59: Según el netlist, ¿qué tienen en común los dos terminales de la resistencia R2 y cómo afecta esto al flujo de corriente a través de ella? | G59: 3 | H59: 4 | I59: 3 | J59: 5 | K59: 15 | L59: 1.205 | M59: 33 | N59: 49.8 | O59: AC6, AC13 | P59: AC6 | Q59: 1 | R59: 0.5 | S59: 0.667 | W59: Socratic quality 3/5 (Clarification): Generic question: asks for clarification without attacking the root error. Conceptual precision 4/5 (Good): Good: clearly identifies the alternative conception with precise technical language. Good overall performance; room for improvement in socratic depth.
A60: 257 | B60: 87 | C60: 2 | D60: 3 | E60: R1, R2, R3, R4 y R5 dado que son las resistencias que forman parte del circuito. | F60: Si R2 está cortocircuitada, ¿cómo describirías la resistencia total que presenta a la corriente en comparación con su valor nominal, y qué implicaciones tiene esto para la corriente que la atraviesa? | G60: 3 | H60: 3 | I60: 3 | J60: 5 | K60: 14 | L60: 1.248 | M60: 43 | N60: 48.07 | O60: AC6, AC13 | Q60: 1 | R60: 0 | S60: 0 | W60: Socratic quality 3/5 (Clarification): Generic question: asks for clarification without attacking the root error. Conceptual precision 3/5 (Sufficient): Sufficient: identifies that there is an error and uses correct concepts, but the diagnosis is somewhat vague. Good overall performance; room for improvement in socratic depth.
A61: 258 | B61: 87 | C61: 3 | D61: 3 | E61: R1, R2, R3 y R4 dado que R1, R2 y R3 están en paralelo con R4 | F61: Considerando que R1, R2 y R3 están en paralelo, ¿cómo se calcula la resistencia equivalente de una configuración en paralelo y cómo se compara con el valor de R4 en este circuito? | G61: 3 | H61: 3 | I61: 5 | J61: 5 | K61: 16 | L61: 1.337 | M61: 42 | N61: 44.88 | O61: AC6, AC13, AC9 | Q61: 1 | R61: 0 | S61: 0 | W61: Socratic quality 3/5 (Clarification): Generic question: asks for clarification without attacking the root error. Conceptual precision 3/5 (Sufficient): Sufficient: identifies that there is an error and uses correct concepts, but the diagnosis is somewhat vague. Good overall performance; room for improvement in socratic depth.
A62: 259 | B62: 88 | C62: 1 | D62: 3 | E62: R1, R3 y R4 dado que R2 está en cortocircuito | F62: Según el netlist, ¿qué tienen en común los dos terminales de la resistencia R2 y cómo afecta esto a la corriente que podría circular a través de ella? | G62: 3 | H62: 3 | I62: 3 | J62: 5 | K62: 14 | L62: 1.342 | M62: 35 | N62: 44.71 | O62: AC6, AC13, AC9 | P62: AC6 | Q62: 1 | R62: 0.333 | S62: 0.5 | W62: Socratic quality 3/5 (Clarification): Generic question: asks for clarification without attacking the root error. Conceptual precision 3/5 (Sufficient): Sufficient: identifies that there is an error and uses correct concepts, but the diagnosis is somewhat vague. Good overall performance; room for improvement in socratic depth.
A63: 260 | B63: 88 | C63: 2 | D63: 3 | E63: R3, R4 y R5 dado que R1 y R2 se pueden quitar | F63: Si R1 y R2 se pueden remover del circuito sin afectar el voltaje en R3, R4 y R5, ¿cómo describirías la configuración de estos componentes restantes en términos de conexiones en serie o en paralelo? | G63: 3 | H63: 4 | I63: 5 | J63: 5 | K63: 17 | L63: 1.309 | M63: 46 | N63: 45.85 | O63: AC6, AC13 | Q63: 1 | R63: 0 | S63: 0 | W63: Socratic quality 3/5 (Clarification): Generic question: asks for clarification without attacking the root error. Conceptual precision 4/5 (Good): Good: clearly identifies the alternative conception with precise technical language. High-performing tutor: expert socratic guidance with precise diagnosis.
A64: 261 | B64: 88 | C64: 3 | D64: 3 | E64: R3, R4 y R5 dado que R1 y R2 no afectan a la tensión pedida | F64: Si R1 y R2 no influyen en la tensión medida en R3, R4 y R5, ¿cómo se relaciona la corriente que fluye a través de cada una de estas últimas resistencias y qué implicaciones tiene esto para su comportamiento en el circuito? | G64: 3 | H64: 4 | I64: 5 | J64: 5 | K64: 17 | L64: 1.472 | M64: 55 | N64: 40.76 | O64: AC6, AC13 | P64: AC9 | Q64: 0 | R64: 0 | S64: 0 | W64: Socratic quality 3/5 (Clarification): Generic question: asks for clarification without attacking the root error. Conceptual precision 4/5 (Good): Good: clearly identifies the alternative conception with precise technical language. High-performing tutor: expert socratic guidance with precise diagnosis.
A65: 262 | B65: 89 | C65: 1 | D65: 3 | E65: R3, R4 y R5 dado que R2 está en cortocircuito y la tensión en R1 es la de la fuente | F65: Si R2 está en cortocircuito, ¿qué implicación tiene esto para la corriente que fluye a través de cualquier componente conectado en paralelo con ella? | G65: 3 | H65: 4 | I65: 3 | J65: 5 | K65: 15 | L65: 1.265 | M65: 33 | N65: 47.44 | O65: AC6, AC13 | P65: AC6 | Q65: 1 | R65: 0.5 | S65: 0.667 | W65: Socratic quality 3/5 (Clarification): Generic question: asks for clarification without attacking the root error. Conceptual precision 4/5 (Good): Good: clearly identifies the alternative conception with precise technical language. Good overall performance; room for improvement in socratic depth.
A66: 263 | B66: 89 | C66: 2 | D66: 3 | E66: R2 está en cortocircuito y la tensión en R1 es la de la fuente | F66: Considerando que un cortocircuito implica una resistencia de cero ohmios, ¿cómo afecta esto a la distribución de la corriente total en el circuito y, específicamente, a la corriente que circula por R1? | G66: 4 | H66: 4 | I66: 4 | J66: 5 | K66: 17 | L66: 1.362 | M66: 43 | N66: 44.04 | O66: AC6, AC13, AC9 | P66: AC6 | Q66: 1 | R66: 0.333 | S66: 0.5 | W66: Socratic quality 4/5 (Scaffolding for detection): Scaffolding for detection: identifies the error area and asks a question that confronts the theory. Conceptual precision 4/5 (Good): Good: clearly identifies the alternative conception with precise technical language. High-performing tutor: expert socratic guidance with precise diagnosis.
A67: 264 | B67: 89 | C67: 3 | D67: 3 | E67: R1 está en paralelo con la fuente y R2 está en cortocircuito | F67: Si R1 está en paralelo con la fuente y R2 está en cortocircuito, ¿cómo describirías la función de R3, R4 y R5 en este circuito, considerando que la corriente siempre busca el camino de menor resistencia? | G67: 3 | H67: 4 | I67: 5 | J67: 5 | K67: 17 | L67: 1.366 | M67: 50 | N67: 43.93 | O67: AC6, AC13, AC9 | P67: AC6, AC13 | Q67: 1 | R67: 0.667 | S67: 0.8 | W67: Socratic quality 3/5 (Clarification): Generic question: asks for clarification without attacking the root error. Conceptual precision 4/5 (Good): Good: clearly identifies the alternative conception with precise technical language. High-performing tutor: expert socratic guidance with precise diagnosis.
A68: 265 | B68: 90 | C68: 1 | D68: 3 | E68: R5 porque está al final del circuito | F68: Según el netlist, ¿qué tienen en común los dos terminales de la resistencia R2 y cómo afecta esto al flujo de corriente a través de ella? | G68: 3 | H68: 3 | I68: 3 | J68: 5 | K68: 14 | L68: 1.224 | M68: 33 | N68: 49.02 | O68: AC9 | P68: AC6 | Q68: 0 | R68: 0 | S68: 0 | W68: Socratic quality 3/5 (Clarification): Generic question: asks for clarification without attacking the root error. Conceptual precision 3/5 (Sufficient): Sufficient: identifies that there is an error and uses correct concepts, but the diagnosis is somewhat vague. Good overall performance; room for improvement in socratic depth.
A69: 266 | B69: 90 | C69: 2 | D69: 3 | E69: Depende de todas porque todas influyen en la tensión | F69: Si consideras un nodo específico en el circuito, ¿cómo se relaciona la tensión en ese nodo con las corrientes que entran y salen de él, según la Ley de Kirchhoff de las Corrientes (KCL)? | G69: 3 | H69: 3 | I69: 4 | J69: 5 | K69: 15 | L69: 1.358 | M69: 45 | N69: 44.17 | O69: AC9 | Q69: 1 | R69: 0 | S69: 0 | W69: Socratic quality 3/5 (Clarification): Generic question: asks for clarification without attacking the root error. Conceptual precision 3/5 (Sufficient): Sufficient: identifies that there is an error and uses correct concepts, but the diagnosis is somewhat vague. Good overall performance; room for improvement in socratic depth.
A70: 267 | B70: 90 | C70: 3 | D70: 3 | E70: R3 y R4 porque están más lejos de la fuente | F70: Si consideras la resistencia como una restricción al flujo de corriente, ¿cómo afectaría la distancia de una resistencia a la fuente de voltaje la cantidad de corriente que la atraviesa, asumiendo que el voltaje aplicado es constante? | G70: 3 | H70: 3 | I70: 3 | J70: 5 | K70: 14 | L70: 1.403 | M70: 48 | N70: 42.77 | O70: AC9 | P70: AC13 | Q70: 0 | R70: 0 | S70: 0 | W70: Socratic quality 3/5 (Clarification): Generic question: asks for clarification without attacking the root error. Conceptual precision 3/5 (Sufficient): Sufficient: identifies that there is an error and uses correct concepts, but the diagnosis is somewhat vague. Good overall performance; room for improvement in socratic depth.
A71: 268 | B71: 91 | C71: 1 | D71: 3 | E71: R3 y R5 porque están conectadas en serie | F71: Según el netlist, ¿qué tienen en común los terminales de la resistencia R2 y cómo afecta esta conexión a la corriente que podría circular a través de ella? | G71: 3 | H71: 3 | I71: 3 | J71: 5 | K71: 14 | L71: 1.3 | M71: 35 | N71: 46.17 | O71: AC9 | P71: AC6 | Q71: 0 | R71: 0 | S71: 0 | W71: Socratic quality 3/5 (Clarification): Generic question: asks for clarification without attacking the root error. Conceptual precision 3/5 (Sufficient): Sufficient: identifies that there is an error and uses correct concepts, but the diagnosis is somewhat vague. Good overall performance; room for improvement in socratic depth.
A72: 269 | B72: 91 | C72: 2 | D72: 3 | E72: R3 porque está en el medio del circuito | F72: Si R3 estuviera en el medio del circuito, ¿cómo afectaría eso la trayectoria de la corriente desde el nodo positivo de la fuente hasta el nodo negativo? | G72: 3 | H72: 3 | I72: 5 | J72: 5 | K72: 16 | L72: 1.108 | M72: 34 | N72: 54.18 | O72: AC9 | P72: AC13 | Q72: 0 | R72: 0 | S72: 0 | W72: Socratic quality 3/5 (Clarification): Generic question: asks for clarification without attacking the root error. Conceptual precision 3/5 (Sufficient): Sufficient: identifies that there is an error and uses correct concepts, but the diagnosis is somewhat vague. Good overall performance; room for improvement in socratic depth.
A73: 270 | B73: 91 | C73: 3 | D73: 3 | E73: R3 porque está entre la fuente y el nodo N2 | F73: Considerando que la corriente eléctrica busca el camino de menor resistencia, ¿cómo describirías el rol de R5 en relación con el flujo de corriente desde la fuente hacia el nodo N2? | G73: 3 | H73: 3 | I73: 3 | J73: 5 | K73: 14 | L73: 1.203 | M73: 39 | N73: 49.87 | O73: AC9 | P73: AC13 | Q73: 0 | R73: 0 | S73: 0 | W73: Socratic quality 3/5 (Clarification): Generic question: asks for clarification without attacking the root error. Conceptual precision 3/5 (Sufficient): Sufficient: identifies that there is an error and uses correct concepts, but the diagnosis is somewhat vague. Good overall performance; room for improvement in socratic depth.
A74: 271 | B74: 92 | C74: 1 | D74: 3 | E74: R4 y R5 porque están conectadas al mismo nodo. | F74: Según el netlist, ¿qué tienen en común los dos terminales de la resistencia R2 y cómo afecta esto a la corriente que puede circular a través de ella? | G74: 3 | H74: 3 | I74: 3 | J74: 5 | K74: 14 | L74: 1.306 | M74: 35 | N74: 45.94 | O74: AC9 | P74: AC6 | Q74: 0 | R74: 0 | S74: 0 | W74: Socratic quality 3/5 (Clarification): Generic question: asks for clarification without attacking the root error. Conceptual precision 3/5 (Sufficient): Sufficient: identifies that there is an error and uses correct concepts, but the diagnosis is somewhat vague. Good overall performance; room for improvement in socratic depth.
A75: 272 | B75: 92 | C75: 2 | D75: 3 | E75: R1 y R2 porque están cerca de la fuente | F75: La proximidad física a la fuente de voltaje ¿implica necesariamente que las resistencias estén en serie o en paralelo, y cómo definirías estas configuraciones en términos de caminos para la corriente? | G75: 3 | H75: 3 | I75: 3 | J75: 5 | K75: 14 | L75: 1.208 | M75: 39 | N75: 49.67 | O75: AC6, AC13, AC9 | P75: AC13 | Q75: 1 | R75: 0.333 | S75: 0.5 | W75: Socratic quality 3/5 (Clarification): Generic question: asks for clarification without attacking the root error. Conceptual precision 3/5 (Sufficient): Sufficient: identifies that there is an error and uses correct concepts, but the diagnosis is somewhat vague. Good overall performance; room for improvement in socratic depth.
A76: 273 | B76: 92 | C76: 3 | D76: 3 | E76: R5 porque está entre N2 y 0 | F76: Considerando la definición de un nodo, ¿qué representa el '0' en el circuito y cómo afecta la conexión de R5 a este punto en relación con otras resistencias? | G76: 3 | H76: 3 | I76: 4 | J76: 5 | K76: 15 | L76: 1.172 | M76: 36 | N76: 51.19 | O76: AC9 | P76: AC9 | Q76: 1 | R76: 1 | S76: 1 | W76: Socratic quality 3/5 (Clarification): Generic question: asks for clarification without attacking the root error. Conceptual precision 3/5 (Sufficient): Sufficient: identifies that there is an error and uses correct concepts, but the diagnosis is somewhat vague. Good overall performance; room for improvement in socratic depth.
A77: 274 | B77: 93 | C77: 1 | D77: 3 | E77: R4 porque está en paralelo con R5 | F77: Si R2 tiene sus dos terminales conectados al mismo nodo (0V), ¿cómo afecta esto al flujo de corriente a través de ella y a su contribución a la diferencia de potencial en N2? | G77: 4 | H77: 3 | I77: 2 | J77: 5 | K77: 14 | L77: 1.418 | M77: 43 | N77: 42.32 | O77: AC9 | P77: AC6, AC13 | Q77: 0 | R77: 0 | S77: 0 | W77: Socratic quality 4/5 (Scaffolding for detection): Scaffolding for detection: identifies the error area and asks a question that confronts the theory. Conceptual precision 3/5 (Sufficient): Sufficient: identifies that there is an error and uses correct concepts, but the diagnosis is somewhat vague. Good overall performance; room for improvement in socratic depth.
A78: 275 | B78: 93 | C78: 2 | D78: 3 | E78: R3 y R4 porque forman un divisor de tensión | F78: Si el divisor de tensión que mencionas es correcto, ¿cómo se relaciona la corriente que fluye a través de R3 con la corriente que fluye a través de R4, considerando sus respectivas resistencias? | G78: 1 | H78: 1 | I78: 4 | J78: 5 | K78: 11 | L78: 1.262 | M78: 43 | N78: 47.54 | O78: AC9 | Q78: 1 | R78: 0 | S78: 0 | W78: Socratic quality 1/5 (Instructive): Gives the answer directly before asking. Conceptual precision 1/5 (Unacceptable): Validates incorrect answer or makes serious physics error. Acceptable performance; needs to improve precision or socratic methodology.
A79: 276 | B79: 93 | C79: 3 | D79: 3 | E79: R1 y R2 porque forman un divisor de tensión | F79: Considerando que un divisor de tensión requiere que las resistencias estén en serie, ¿cómo están conectadas R1 y R2 en el circuito dado, y cómo afecta esta conexión a la diferencia de potencial entre sus terminales? | G79: 3 | H79: 3 | I79: 4 | J79: 5 | K79: 15 | L79: 1.331 | M79: 46 | N79: 45.08 | O79: AC6, AC13, AC9 | P79: AC6, AC13, AC9 | Q79: 1 | R79: 1 | S79: 1 | W79: Socratic quality 3/5 (Clarification): Generic question: asks for clarification without attacking the root error. Conceptual precision 3/5 (Sufficient): Sufficient: identifies that there is an error and uses correct concepts, but the diagnosis is somewhat vague. Good overall performance; room for improvement in socratic depth.
A80: 277 | B80: 94 | C80: 1 | D80: 3 | E80: R1 porque por R2 no circula corriente | F80: Si R2 no permite el flujo de corriente, ¿qué implicaciones tiene esto para la diferencia de potencial en sus terminales y cómo afecta a las demás resistencias conectadas en paralelo con ella? | G80: 3 | H80: 3 | I80: 3 | J80: 5 | K80: 14 | L80: 1.355 | M80: 40 | N80: 44.29 | O80: AC6, AC13, AC9 | P80: AC6, AC13, AC9 | Q80: 1 | R80: 1 | S80: 1 | W80: Socratic quality 3/5 (Clarification): Generic question: asks for clarification without attacking the root error. Conceptual precision 3/5 (Sufficient): Sufficient: identifies that there is an error and uses correct concepts, but the diagnosis is somewhat vague. Good overall performance; room for improvement in socratic depth.
A81: 278 | B81: 94 | C81: 2 | D81: 3 | E81: R3 y R5 porque R4 está en paralelo con la fuente | F81: Si R4 estuviera realmente en paralelo con la fuente, ¿cómo describirías la trayectoria de la corriente y qué efecto tendría esto en el voltaje a través de R3 y R5? | G81: 3 | H81: 4 | I81: 5 | J81: 5 | K81: 17 | L81: 1.172 | M81: 39 | N81: 51.21 | P81: AC13 | Q81: 0 | R81: 1 | S81: 0 | W81: Socratic quality 3/5 (Clarification): Generic question: asks for clarification without attacking the root error. Conceptual precision 4/5 (Good): Good: clearly identifies the alternative conception with precise technical language. High-performing tutor: expert socratic guidance with precise diagnosis.
A82: 279 | B82: 95 | C82: 1 | D82: 4 | E82: R1, R2 y R3 porque son las resistencias que forman parte del circuito | F82: Si el interruptor entre N1 y N2 está abierto, ¿cómo afectaría esto al flujo de corriente a través de R3 y, por lo tanto, a su contribución a la corriente total que sale de V1? | G82: 3 | H82: 5 | I82: 3 | J82: 5 | K82: 16 | L82: 1.553 | M82: 48 | N82: 38.63 | O82: AC1 | P82: AC1, AC13 | Q82: 0.5 | R82: 1 | S82: 0.667 | W82: Socratic quality 3/5 (Clarification): Generic question: asks for clarification without attacking the root error. Conceptual precision 5/5 (Excellent): Excellent: identifies the specific alternative conception and connects it with the circuit topology. Good overall performance; room for improvement in socratic depth.
A83: 280 | B83: 95 | C83: 2 | D83: 4 | E83: R1, R2 y R3 porque están conectadas a la fuente de tensión | F83: Si R1 y R2 estuvieran en paralelo, ¿cómo se compararía su resistencia equivalente con la de R3 en serie con esa combinación paralela, considerando que la corriente busca el camino de menor resistencia? | G83: 3 | H83: 3 | I83: 5 | J83: 5 | K83: 16 | L83: 1.276 | M83: 44 | N83: 47.01 | O83: AC1 | P83: AC13, AC14 | Q83: 0 | R83: 0 | S83: 0 | W83: Socratic quality 3/5 (Clarification): Generic question: asks for clarification without attacking the root error. Conceptual precision 3/5 (Sufficient): Sufficient: identifies that there is an error and uses correct concepts, but the diagnosis is somewhat vague. Good overall performance; room for improvement in socratic depth.
A84: 281 | B84: 95 | C84: 3 | D84: 4 | E84: R1, R2 y R3 porque están conectadas en paralelo | F84: Si las resistencias estuvieran realmente en paralelo, ¿cómo esperaría que la corriente total que sale de la fuente de voltaje se distribuya entre cada una de ellas, y cómo afectaría esto a la caída de voltaje a través de cada resistencia? | G84: 3 | H84: 3 | I84: 2 | J84: 5 | K84: 13 | L84: 1.399 | M84: 50 | N84: 42.88 | O84: AC1 | P84: AC13, AC14 | Q84: 0 | R84: 0 | S84: 0 | W84: Socratic quality 3/5 (Clarification): Generic question: asks for clarification without attacking the root error. Conceptual precision 3/5 (Sufficient): Sufficient: identifies that there is an error and uses correct concepts, but the diagnosis is somewhat vague. Good overall performance; room for improvement in socratic depth.
A85: 282 | B85: 96 | C85: 1 | D85: 4 | E85: R1, R2 y R3 porque están conectadas en serie | F85: Si el interruptor entre N1 y N2 está abierto, ¿cómo podría la corriente fluir a través de R3 para contribuir a la corriente que sale de V1? | G85: 3 | H85: 5 | I85: 3 | J85: 5 | K85: 16 | L85: 1.281 | M85: 37 | N85: 46.83 | O85: AC1 | P85: AC1, AC13 | Q85: 0.5 | R85: 1 | S85: 0.667 | W85: Socratic quality 3/5 (Clarification): Generic question: asks for clarification without attacking the root error. Conceptual precision 5/5 (Excellent): Excellent: identifies the specific alternative conception and connects it with the circuit topology. Good overall performance; room for improvement in socratic depth.
A86: 283 | B86: 96 | C86: 2 | D86: 4 | E86: R1 y R2 porque son las resistencias por las que pasa corriente | F86: Si R1 y R2 son las únicas resistencias por las que fluye la corriente, ¿cómo explicarías la diferencia de potencial a través de R3, considerando que está conectada al mismo nodo que R2? | G86: 3 | H86: 4 | I86: 5 | J86: 5 | K86: 17 | L86: 1.305 | M86: 45 | N86: 45.99 | P86: AC13 | Q86: 0 | R86: 1 | S86: 0 | W86: Socratic quality 3/5 (Clarification): Generic question: asks for clarification without attacking the root error. Conceptual precision 4/5 (Good): Good: clearly identifies the alternative conception with precise technical language. High-performing tutor: expert socratic guidance with precise diagnosis.
A87: 284 | B87: 96 | C87: 3 | D87: 4 | E87: R1 y R2 porque están conectadas en paralelo con la fuente | F87: Si R1 y R2 estuvieran realmente en paralelo con la fuente, ¿cómo describirías la trayectoria de la corriente a través de R3 en relación con el camino de menor resistencia? | G87: 3 | H87: 4 | I87: 5 | J87: 5 | K87: 17 | L87: 1.171 | M87: 39 | N87: 51.24 | P87: AC13, AC14 | Q87: 0 | R87: 1 | S87: 0 | W87: Socratic quality 3/5 (Clarification): Generic question: asks for clarification without attacking the root error. Conceptual precision 4/5 (Good): Good: clearly identifies the alternative conception with precise technical language. High-performing tutor: expert socratic guidance with precise diagnosis.
A88: 285 | B88: 97 | C88: 1 | D88: 4 | E88: R1 y R2 porque podemos eliminar R3 ya que está en circuito abierto | F88: Si el interruptor entre N1 y N2 está abierto, ¿cómo afecta esto al flujo de corriente que podría pasar a través de R3, y cómo influye en el camino que debe seguir la corriente desde la fuente V1? | G88: 4 | H88: 5 | I88: 3 | J88: 5 | K88: 17 | L88: 1.488 | M88: 49 | N88: 40.33 | O88: AC1 | P88: AC1, AC13 | Q88: 0.5 | R88: 1 | S88: 0.667 | W88: Socratic quality 4/5 (Scaffolding for detection): Scaffolding for detection: identifies the error area and asks a question that confronts the theory. Conceptual precision 5/5 (Excellent): Excellent: identifies the specific alternative conception and connects it with the circuit topology. High-performing tutor: expert socratic guidance with precise diagnosis.
A89: 286 | B89: 97 | C89: 2 | D89: 4 | E89: R1 y R2 | F89: Considerando que la corriente siempre busca el camino de menor resistencia, ¿cómo describirías la configuración de R1 y R2 en relación con el resto del circuito, y qué implicaciones tiene esto para la corriente total que fluye desde la fuente de voltaje? | G89: 3 | H89: 4 | I89: 2 | J89: 5 | K89: 14 | L89: 1.394 | M89: 53 | N89: 43.03 | P89: AC13 | Q89: 0 | R89: 1 | S89: 0 | W89: Socratic quality 3/5 (Clarification): Generic question: asks for clarification without attacking the root error. Conceptual precision 4/5 (Good): Good: clearly identifies the alternative conception with precise technical language. Good overall performance; room for improvement in socratic depth.
A90: 287 | B90: 97 | C90: 3 | D90: 4 | E90: R1 y R2 porque R3 se elimina | F90: Si R3 está efectivamente "eliminado" del circuito debido a la condición de circuito abierto, ¿cómo afectaría esto a la resistencia total equivalente vista por la fuente de voltaje V1, y cómo se calcula la resistencia equivalente en un circuito en serie? | G90: 3 | H90: 4 | I90: 3 | J90: 5 | K90: 15 | L90: 1.391 | M90: 52 | N90: 43.12 | O90: AC1 | P90: AC1, AC14 | Q90: 0.5 | R90: 1 | S90: 0.667 | W90: Socratic quality 3/5 (Clarification): Generic question: asks for clarification without attacking the root error. Conceptual precision 4/5 (Good): Good: clearly identifies the alternative conception with precise technical language. Good overall performance; room for improvement in socratic depth.
A91: 288 | B91: 98 | C91: 1 | D91: 4 | E91: R1 porque está conectada en paralelo con la fuente | F91: Si el interruptor entre N1 y N2 está abierto, ¿cómo afecta esto al flujo de corriente a través de R3 y, por lo tanto, a la corriente total que sale de V1? | G91: 4 | H91: 3 | I91: 3 | J91: 5 | K91: 15 | L91: 1.418 | M91: 43 | N91: 42.32 | O91: AC14 | P91: AC1, AC13 | Q91: 0 | R91: 0 | S91: 0 | W91: Socratic quality 4/5 (Scaffolding for detection): Scaffolding for detection: identifies the error area and asks a question that confronts the theory. Conceptual precision 3/5 (Sufficient): Sufficient: identifies that there is an error and uses correct concepts, but the diagnosis is somewhat vague. Good overall performance; room for improvement in socratic depth.
A92: 289 | B92: 98 | C92: 2 | D92: 4 | E92: R2 porque R1 se puede quitar al estar en paralelo con la fuente y R3 se puede quitar al estar en circuito abierto | F92: Si R1 estuviera efectivamente "desconectada" debido a su conexión en paralelo con la fuente, ¿cómo explicarías la caída de tensión observada a través de R3 en el análisis del circuito? | G92: 3 | H92: 3 | I92: 4 | J92: 5 | K92: 15 | L92: 1.282 | M92: 43 | N92: 46.8 | O92: AC1 | P92: AC14 | Q92: 0 | R92: 0 | S92: 0 | W92: Socratic quality 3/5 (Clarification): Generic question: asks for clarification without attacking the root error. Conceptual precision 3/5 (Sufficient): Sufficient: identifies that there is an error and uses correct concepts, but the diagnosis is somewhat vague. Good overall performance; room for improvement in socratic depth.
A93: 290 | B93: 98 | C93: 3 | D93: 4 | E93: R2 y R3 porque R1 se puede quitar al estar en paralelo con la fuente | F93: Considerando que un cortocircuito implica una resistencia cercana a cero, ¿cómo afectaría la presencia de un cortocircuito a la corriente que fluye a través de una rama en paralelo con él? | G93: 3 | H93: 4 | I93: 3 | J93: 5 | K93: 15 | L93: 1.415 | M93: 42 | N93: 42.41 | O93: AC1 | P93: AC13, AC14 | Q93: 0 | R93: 0 | S93: 0 | W93: Socratic quality 3/5 (Clarification): Generic question: asks for clarification without attacking the root error. Conceptual precision 4/5 (Good): Good: clearly identifies the alternative conception with precise technical language. Good overall performance; room for improvement in socratic depth.
A94: 291 | B94: 99 | C94: 1 | D94: 4 | E94: R3 porque R1 y R2 se pueden quitar al estar en paraleo con la fuente | F94: Si el interruptor entre N1 y N2 está abierto, ¿cómo afecta esto al flujo de corriente que podría pasar a través de R3? | G94: 4 | H94: 5 | I94: 3 | J94: 5 | K94: 17 | L94: 1.208 | M94: 31 | N94: 49.67 | O94: AC1 | P94: AC1, AC13 | Q94: 0.5 | R94: 1 | S94: 0.667 | W94: Socratic quality 4/5 (Scaffolding for detection): Scaffolding for detection: identifies the error area and asks a question that confronts the theory. Conceptual precision 5/5 (Excellent): Excellent: identifies the specific alternative conception and connects it with the circuit topology. High-performing tutor: expert socratic guidance with precise diagnosis.
A95: 292 | B95: 99 | C95: 2 | D95: 4 | E95: R1 y R2 porque están conectadas en serie con la fuente | F95: Si R1 y R2 estuvieran en serie con la fuente, ¿cómo describirías la trayectoria única que la corriente eléctrica tomaría a través del circuito? | G95: 3 | H95: 3 | I95: 5 | J95: 5 | K95: 16 | L95: 1.078 | M95: 33 | N95: 55.65 | P95: AC13, AC14 | Q95: 0 | R95: 1 | S95: 0 | W95: Socratic quality 3/5 (Clarification): Generic question: asks for clarification without attacking the root error. Conceptual precision 3/5 (Sufficient): Sufficient: identifies that there is an error and uses correct concepts, but the diagnosis is somewhat vague. Good overall performance; room for improvement in socratic depth.
A96: 293 | B96: 99 | C96: 3 | D96: 4 | E96: No | F96: Considerando que la corriente busca el camino de menor resistencia, ¿cómo describirías el comportamiento de la corriente en un nodo donde convergen múltiples resistencias en paralelo? | G96: 3 | H96: 4 | I96: 2 | J96: 5 | K96: 14 | L96: 1.396 | M96: 33 | N96: 42.98 | O96: AC14 | P96: AC13, AC14 | Q96: 0.5 | R96: 1 | S96: 0.667 | W96: Socratic quality 3/5 (Clarification): Generic question: asks for clarification without attacking the root error. Conceptual precision 4/5 (Good): Good: clearly identifies the alternative conception with precise technical language. Good overall performance; room for improvement in socratic depth.
A97: 294 | B97: 100 | C97: 1 | D97: 4 | E97: Sí | F97: Si el interruptor entre N1 y N2 está abierto, ¿cómo afecta esto al flujo de corriente que podría pasar a través de la resistencia R3? | G97: 4 | H97: 3 | I97: 2 | J97: 5 | K97: 14 | L97: 1.372 | M97: 33 | N97: 43.72 | O97: AC14 | P97: AC1, AC13 | Q97: 0 | R97: 0 | S97: 0 | W97: Socratic quality 4/5 (Scaffolding for detection): Scaffolding for detection: identifies the error area and asks a question that confronts the theory. Conceptual precision 3/5 (Sufficient): Sufficient: identifies that there is an error and uses correct concepts, but the diagnosis is somewhat vague. Good overall performance; room for improvement in socratic depth.
A98: 295 | B98: 100 | C98: 2 | D98: 4 | E98: R3 está en circuito abierto | F98: Si R3 está en circuito abierto, ¿qué implicaciones tiene esto para la diferencia de potencial a través de ella y, por tanto, para la corriente que la atraviesa? | G98: 3 | H98: 4 | I98: 3 | J98: 5 | K98: 15 | L98: 1.16 | M98: 37 | N98: 51.75 | O98: AC1, AC14 | P98: AC1, AC13 | Q98: 0.5 | R98: 0.5 | S98: 0.5 | W98: Socratic quality 3/5 (Clarification): Generic question: asks for clarification without attacking the root error. Conceptual precision 4/5 (Good): Good: clearly identifies the alternative conception with precise technical language. Good overall performance; room for improvement in socratic depth.
A99: 296 | B99: 100 | C99: 3 | D99: 4 | E99: Por R3 no pasa corriente | F99: Si no fluye corriente a través de R3, ¿cómo describirías el estado de carga en el nodo conectado a un extremo de R3, considerando que no hay flujo de electrones a través de él? | G99: 3 | H99: 3 | I99: 3 | J99: 5 | K99: 14 | L99: 1.279 | M99: 44 | N99: 46.9 | O99: AC1, AC14 | P99: AC13 | Q99: 0 | R99: 0 | S99: 0 | W99: Socratic quality 3/5 (Clarification): Generic question: asks for clarification without attacking the root error. Conceptual precision 3/5 (Sufficient): Sufficient: identifies that there is an error and uses correct concepts, but the diagnosis is somewhat vague. Good overall performance; room for improvement in socratic depth.
A100: 297 | B100: 101 | C100: 1 | D100: 4 | E100: R1 porque está más cerca de la fuente | F100: Si el interruptor entre N1 y N2 está abierto, ¿cómo afecta esto al flujo de corriente que podría pasar a través de R3? | G100: 4 | H100: 3 | I100: 3 | J100: 5 | K100: 15 | L100: 1.23 | M100: 31 | N100: 48.8 | O100: AC14 | P100: AC1, AC13 | Q100: 0 | R100: 0 | S100: 0 | W100: Socratic quality 4/5 (Scaffolding for detection): Scaffolding for detection: identifies the error area and asks a question that confronts the theory. Conceptual precision 3/5 (Sufficient): Sufficient: identifies that there is an error and uses correct concepts, but the diagnosis is somewhat vague. Good overall performance; room for improvement in socratic depth.
A101: 298 | B101: 101 | C101: 2 | D101: 4 | E101: R1 y R2 porque están conectadas a la fuente | F101: Si R1 y R2 estuvieran conectadas directamente a la fuente, ¿cómo describirías la diferencia de potencial entre los nodos que conectan R1, R2 y R3? | G101: 3 | H101: 3 | I101: 5 | J101: 5 | K101: 16 | L101: 1.498 | M101: 39 | N101: 40.06 | P101: AC13 | Q101: 0 | R101: 1 | S101: 0 | W101: Socratic quality 3/5 (Clarification): Generic question: asks for clarification without attacking the root error. Conceptual precision 3/5 (Sufficient): Sufficient: identifies that there is an error and uses correct concepts, but the diagnosis is somewhat vague. Good overall performance; room for improvement in socratic depth.
A102: 299 | B102: 101 | C102: 3 | D102: 4 | E102: R1 y R3 porque están conectadas a la fuente | F102: Considerando que la corriente eléctrica busca el camino de menor resistencia, ¿cómo influye la resistencia de cada componente en la cantidad de corriente que fluye a través de él en un circuito en paralelo? | G102: 4 | H102: 4 | I102: 3 | J102: 5 | K102: 16 | L102: 1.324 | M102: 41 | N102: 45.32 | O102: AC1, AC14 | P102: AC13, AC14 | Q102: 0.5 | R102: 0.5 | S102: 0.5 | W102: Socratic quality 4/5 (Scaffolding for detection): Scaffolding for detection: identifies the error area and asks a question that confronts the theory. Conceptual precision 4/5 (Good): Good: clearly identifies the alternative conception with precise technical language. Good overall performance; room for improvement in socratic depth.
A103: 300 | B103: 102 | C103: 1 | D103: 4 | E103: R2 porque está conectada directamente a la fuente | F103: Si R2 fuera la única resistencia que determinara la corriente, ¿cómo explicarías que exista un camino alternativo para que la corriente fluya desde la fuente V1, considerando el estado del interruptor entre N1 y N2? | G103: 3 | H103: 3 | I103: 4 | J103: 5 | K103: 15 | L103: 1.625 | M103: 49 | N103: 36.93 | O103: AC14 | P103: AC1, AC13 | Q103: 0 | R103: 0 | S103: 0 | W103: Socratic quality 3/5 (Clarification): Generic question: asks for clarification without attacking the root error. Conceptual precision 3/5 (Sufficient): Sufficient: identifies that there is an error and uses correct concepts, but the diagnosis is somewhat vague. Good overall performance; room for improvement in socratic depth.
A104: 301 | B104: 102 | C104: 2 | D104: 4 | E104: R2 porque está más cerca del nodo común | F104: Si la proximidad física a un nodo influyera directamente en la corriente, ¿cómo explicarías que la resistencia de R1 y R3 no jueguen un papel en la distribución de corriente en el circuito completo? | G104: 5 | H104: 3 | I104: 2 | J104: 5 | K104: 15 | L104: 1.401 | M104: 46 | N104: 42.84 | O104: AC14 | P104: AC13 | Q104: 0 | R104: 0 | S104: 0 | W104: Socratic quality 5/5 (Induction to contradiction): Induction to contradiction: uses counterexample or reduction to absurdity. Conceptual precision 3/5 (Sufficient): Sufficient: identifies that there is an error and uses correct concepts, but the diagnosis is somewhat vague. Good overall performance; room for improvement in socratic depth.
...

Sheet Results_gemma3_4b
A1: ID | B1: Conversation | C1: Turn | D1: Exercise | E1: Student Answer | F1: Tutor Socratic Response | G1: Socratic Quality | H1: Conceptual Precision | I1: Consistency | J1: Hallucination Rate | K1: Total Score | L1: Latency (s) | M1: Tokens | N1: Throughput (resp/min) | O1: Expected ACs | P1: Detected ACs | Q1: AC Precision | R1: AC Recall | S1: AC F1 | T1: Faithfulness | U1: Relevance | V1: Think Content | W1: Constructive Feedback
A2: 1 | B2: 1 | C2: 1 | D2: 1 | E2: R1 y R2 dado que las dos resistencia forman un divisor de tensión | F2: Considerando que el interruptor está abierto entre N2 y N3, ¿cómo afecta la presencia de R5 al flujo de corriente y, por lo tanto, a la diferencia de potencial entre N2 y 0? | G2: 4 | H2: 3 | I2: 3 | J2: 5 | K2: 15 | L2: 29.642 | M2: 46 | N2: 2.02 | O2: AC9 | P2: AC1 | Q2: 0 | R2: 0 | S2: 0 | W2: Socratic quality 4/5 (Scaffolding for detection): Scaffolding for detection: identifies the error area and asks a question that confronts the theory. Conceptual precision 3/5 (Sufficient): Sufficient: identifies that there is an error and uses correct concepts, but the diagnosis is somewhat vague. Good overall performance; room for improvement in socratic depth.
A3: 2 | B3: 1 | C3: 2 | D3: 1 | E3: R1 y R2 dado que se pide la tensión en R2 | F3: Si la corriente fluye a través de R1 y R2, ¿qué factores podrían influir en la proporción de corriente que pasa a través de cada resistencia, considerando su resistencia individual? | G3: 3 | H3: 3 | I3: 5 | J3: 5 | K3: 16 | L3: 0.832 | M3: 39 | N3: 72.08 | O3: AC9 | P3: AC1 | Q3: 0 | R3: 0 | S3: 0 | W3: Socratic quality 3/5 (Clarification): Generic question: asks for clarification without attacking the root error. Conceptual precision 3/5 (Sufficient): Sufficient: identifies that there is an error and uses correct concepts, but the diagnosis is somewhat vague. Good overall performance; room for improvement in socratic depth.
A4: 3 | B4: 1 | C4: 3 | D4: 1 | E4: R1 y R2 por identificar un divisor de tensión | F4: Si estás configurando un divisor de tensión con R1 y R2, ¿qué relación específica defines entre los voltajes en los nodos N1 y N2? | G4: 3 | H4: 3 | I4: 5 | J4: 5 | K4: 16 | L4: 0.755 | M4: 34 | N4: 79.43 | O4: AC9 | Q4: 1 | R4: 0 | S4: 0 | W4: Socratic quality 3/5 (Clarification): Generic question: asks for clarification without attacking the root error. Conceptual precision 3/5 (Sufficient): Sufficient: identifies that there is an error and uses correct concepts, but the diagnosis is somewhat vague. Good overall performance; room for improvement in socratic depth.
A5: 4 | B5: 2 | C5: 1 | D5: 1 | E5: R1 y R2 hacen un divisor de tensión | F5: Considerando que el interruptor está abierto, ¿cómo afecta la interrupción del flujo de corriente a través de R3 y R5 al determinar el potencial en el nodo N2 en relación con la tierra? | G5: 4 | H5: 3 | I5: 2 | J5: 5 | K5: 14 | L5: 0.828 | M5: 43 | N5: 72.42 | O5: AC9 | P5: AC1, AC9 | Q5: 0.5 | R5: 1 | S5: 0.667 | W5: Socratic quality 4/5 (Scaffolding for detection): Scaffolding for detection: identifies the error area and asks a question that confronts the theory. Conceptual precision 3/5 (Sufficient): Sufficient: identifies that there is an error and uses correct concepts, but the diagnosis is somewhat vague. Good overall performance; room for improvement in socratic depth.
A6: 5 | B6: 2 | C6: 2 | D6: 1 | E6: R1, R2, R3 y R4 porque R5 está cortocircuitada | F6: Si el interruptor estuviera cerrado, ¿cómo cambiaría la distribución de la corriente a través de R1, R2 y R3, y qué implicaciones tendría eso para el potencial en el nodo N2? | G6: 3 | H6: 4 | I6: 4 | J6: 5 | K6: 16 | L6: 1.042 | M6: 45 | N6: 57.57 | O6: AC1, AC6 | P6: AC1 | Q6: 1 | R6: 0.5 | S6: 0.667 | W6: Socratic quality 3/5 (Clarification): Generic question: asks for clarification without attacking the root error. Conceptual precision 4/5 (Good): Good: clearly identifies the alternative conception with precise technical language. Good overall performance; room for improvement in socratic depth.
A7: 6 | B7: 2 | C7: 3 | D7: 1 | E7: R1, R2, R3 y R4 porque por R5 no circula corriente | F7: Considerando que R5 está efectivamente en cortocircuito, ¿cómo crees que la resistencia total del circuito afectaría el valor de la tensión medida en el nodo N2 con respecto a la tierra? | G7: 3 | H7: 4 | I7: 3 | J7: 5 | K7: 15 | L7: 0.759 | M7: 42 | N7: 79.09 | O7: AC1, AC6 | P7: AC6, AC9 | Q7: 0.5 | R7: 0.5 | S7: 0.5 | W7: Socratic quality 3/5 (Clarification): Generic question: asks for clarification without attacking the root error. Conceptual precision 4/5 (Good): Good: clearly identifies the alternative conception with precise technical language. Good overall performance; room for improvement in socratic depth.
A8: 7 | B8: 3 | C8: 1 | D8: 1 | E8: R1, R2, R3 y R4 porque R5 se quita | F8: Considerando que el interruptor entre N2 y N3 está abierto, ¿qué efecto tiene la ausencia de una ruta continua para la corriente en la rama que incluye R3 sobre el potencial en N2? | G8: 3 | H8: 3 | I8: 3 | J8: 5 | K8: 14 | L8: 0.824 | M8: 43 | N8: 72.83 | O8: AC1, AC6 | P8: AC1 | Q8: 1 | R8: 0.5 | S8: 0.667 | W8: Socratic quality 3/5 (Clarification): Generic question: asks for clarification without attacking the root error. Conceptual precision 3/5 (Sufficient): Sufficient: identifies that there is an error and uses correct concepts, but the diagnosis is somewhat vague. Good overall performance; room for improvement in socratic depth.
A9: 8 | B9: 3 | C9: 2 | D9: 1 | E9: R1, R3 y R4 porque R2 está en paralelo con la fuente y R5 corctocircuitada | F9: Si R5 efectivamente crea un cortocircuito, ¿cómo afectaría esto a la distribución de la corriente y, por lo tanto, a las tensiones medidas en los diferentes nodos del circuito? | G9: 3 | H9: 4 | I9: 3 | J9: 5 | K9: 15 | L9: 0.755 | M9: 40 | N9: 79.49 | O9: AC1, AC6 | P9: AC1, AC6 | Q9: 1 | R9: 1 | S9: 1 | W9: Socratic quality 3/5 (Clarification): Generic question: asks for clarification without attacking the root error. Conceptual precision 4/5 (Good): Good: clearly identifies the alternative conception with precise technical language. Good overall performance; room for improvement in socratic depth.
A10: 9 | B10: 3 | C10: 3 | D10: 1 | E10: R1, R4 y R5 porque R2 se elimina y R3 también | F10: Si R5 crea un cortocircuito, ¿qué implicaría esto para la relación entre la corriente que fluye a través de R1 y R4 y la tensión total que observa el circuito? | G10: 3 | H10: 4 | I10: 4 | J10: 5 | K10: 16 | L10: 0.751 | M10: 41 | N10: 79.92 | O10: AC1, AC6 | P10: AC1, AC6, AC9 | Q10: 0.667 | R10: 1 | S10: 0.8 | W10: Socratic quality 3/5 (Clarification): Generic question: asks for clarification without attacking the root error. Conceptual precision 4/5 (Good): Good: clearly identifies the alternative conception with precise technical language. Good overall performance; room for improvement in socratic depth.
A11: 10 | B11: 4 | C11: 1 | D11: 1 | E11: R1 y R4 dado que R2 está en paralelo con la fuente, R3 en circuito abierto y R5 cortocircuitada | F11: Considerando que R5 está efectivamente cortocircuitada, ¿podría la presencia de R3, aunque aparentemente en circuito abierto, influir en la determinación del potencial en el nodo N2 en relación con tierra? | G11: 3 | H11: 3 | I11: 3 | J11: 5 | K11: 14 | L11: 0.846 | M11: 45 | N11: 70.95 | O11: AC1, AC6 | P11: AC1, AC9 | Q11: 0.5 | R11: 0.5 | S11: 0.5 | W11: Socratic quality 3/5 (Clarification): Generic question: asks for clarification without attacking the root error. Conceptual precision 3/5 (Sufficient): Sufficient: identifies that there is an error and uses correct concepts, but the diagnosis is somewhat vague. Good overall performance; room for improvement in socratic depth.
A12: 11 | B12: 4 | C12: 2 | D12: 1 | E12: R1, R2 y R3 dado que R2 y R3 están en paralelo y forman un divisor de tensión con R1 | F12: Si R3 estuviera realmente en circuito abierto, ¿cómo afectaría su ausencia a la distribución de la corriente entre R1 y R2, considerando que ambos están conectados a la fuente? | G12: 3 | H12: 3 | I12: 5 | J12: 5 | K12: 16 | L12: 0.745 | M12: 39 | N12: 80.52 | O12: AC1, AC9 | P12: AC1, AC9 | Q12: 1 | R12: 1 | S12: 1 | W12: Socratic quality 3/5 (Clarification): Generic question: asks for clarification without attacking the root error. Conceptual precision 3/5 (Sufficient): Sufficient: identifies that there is an error and uses correct concepts, but the diagnosis is somewhat vague. Good overall performance; room for improvement in socratic depth.
A13: 12 | B13: 4 | C13: 3 | D13: 1 | E13: R1, R2, R4 y R5 dado que R3 está en circuito abierto | F13: Dado que R3 está en circuito abierto, ¿cómo crees que la ausencia de esta resistencia afectará la corriente que fluye a través de R4, considerando su conexión en serie con R1 y R2? | G13: 3 | H13: 4 | I13: 5 | J13: 5 | K13: 17 | L13: 0.873 | M13: 45 | N13: 68.69 | O13: AC1, AC6 | P13: AC1 | Q13: 1 | R13: 0.5 | S13: 0.667 | W13: Socratic quality 3/5 (Clarification): Generic question: asks for clarification without attacking the root error. Conceptual precision 4/5 (Good): Good: clearly identifies the alternative conception with precise technical language. High-performing tutor: expert socratic guidance with precise diagnosis.
A14: 13 | B14: 5 | C14: 1 | D14: 1 | E14: R1, R2, R4 y R5 dado que R3 sobra | F14: Considerando que el interruptor entre N2 y N3 está abierto, ¿podrías explicar qué efecto tiene la ausencia de conexión en R5 sobre el flujo de corriente hacia tierra desde el nodo N2, y por qué eso podría influir en el potencial en N2? | G14: 3 | H14: 4 | I14: 3 | J14: 5 | K14: 15 | L14: 0.888 | M14: 58 | N14: 67.56 | O14: AC1, AC6 | P14: AC1, AC9 | Q14: 0.5 | R14: 0.5 | S14: 0.5 | W14: Socratic quality 3/5 (Clarification): Clarification: asks the student to explain their reasoning. Conceptual precision 4/5 (Good): Good: clearly identifies the alternative conception with precise technical language. Good overall performance; room for improvement in socratic depth.
A15: 14 | B15: 5 | C15: 2 | D15: 1 | E15: R1, R2, R4 y R5 dado que R3 no hace nada | F15: Si ignoramos temporalmente la presencia de R3 y nos enfocamos únicamente en la relación entre voltaje y resistencia en los nodos, ¿podrías describir cómo cambiaría la corriente que fluye a través de R1 si el interruptor se cerrara, y por qué? | G15: 3 | H15: 4 | I15: 3 | J15: 5 | K15: 15 | L15: 0.881 | M15: 57 | N15: 68.12 | O15: AC1, AC6 | P15: AC1 | Q15: 1 | R15: 0.5 | S15: 0.667 | W15: Socratic quality 3/5 (Clarification): Generic question: asks for clarification without attacking the root error. Conceptual precision 4/5 (Good): Good: clearly identifies the alternative conception with precise technical language. Good overall performance; room for improvement in socratic depth.
A16: 15 | B16: 5 | C16: 3 | D16: 1 | E16: R1, R2 y R4 dado que son las resistencias que forman parte del circuito. | F16: Si eliminamos R5 y R3, ¿cómo crees que la resistencia total del circuito afectaría la magnitud de la corriente que fluye a través de R2, y por qué es importante esa relación para el comportamiento del circuito? | G16: 3 | H16: 3 | I16: 3 | J16: 5 | K16: 14 | L16: 0.786 | M16: 49 | N16: 76.35 | P16: AC1 | Q16: 0 | R16: 1 | S16: 0 | W16: Socratic quality 3/5 (Clarification): Generic question: asks for clarification without attacking the root error. Conceptual precision 3/5 (Sufficient): Sufficient: identifies that there is an error and uses correct concepts, but the diagnosis is somewhat vague. Good overall performance; room for improvement in socratic depth.
A17: 16 | B17: 6 | C17: 1 | D17: 1 | E17: R1, R2 y R4 dado que R2 y R4 están en paralelo y forma un divisor de tensión con R1. | F17: Considerando que el interruptor está abierto, ¿cómo afecta la interrupción del flujo de corriente a través de la rama que incluye a R3, y qué implicaciones tiene esto para la contribución de esa resistencia al voltaje entre los nodos N2 y 0? | G17: 4 | H17: 4 | I17: 3 | J17: 5 | K17: 16 | L17: 0.89 | M17: 55 | N17: 67.44 | P17: AC1 | Q17: 0 | R17: 1 | S17: 0 | W17: Socratic quality 4/5 (Scaffolding for detection): Scaffolding for detection: identifies the error area and asks a question that confronts the theory. Conceptual precision 4/5 (Good): Good: clearly identifies the alternative conception with precise technical language. Good overall performance; room for improvement in socratic depth.
A18: 17 | B18: 6 | C18: 2 | D18: 1 | E18: R1, R2 y R4 dado que R3 está en abierto y R5 cortocircuitada | F18: Si la resistencia R5 está cortocircuitada, ¿cómo cambiaría la corriente total que fluye a través del circuito y, en consecuencia, ¿cómo afectaría esto al voltaje medido entre los nodos N1 y 0? | G18: 3 | H18: 3 | I18: 3 | J18: 5 | K18: 14 | L18: 0.774 | M18: 49 | N18: 77.49 | O18: AC1, AC6 | P18: AC1, AC9 | Q18: 0.5 | R18: 0.5 | S18: 0.5 | W18: Socratic quality 3/5 (Clarification): Generic question: asks for clarification without attacking the root error. Conceptual precision 3/5 (Sufficient): Sufficient: identifies that there is an error and uses correct concepts, but the diagnosis is somewhat vague. Good overall performance; room for improvement in socratic depth.
A19: 18 | B19: 6 | C19: 3 | D19: 1 | E19: R1, R2 y R4 dado que solo por estas resistencias circula una corriente diferente de cero | F19: Considerando que R2 y R4 están en paralelo, ¿podrías explicar qué efecto tendría la presencia de un cortocircuito en R5 sobre la distribución de la corriente a través de este divisor de tensión? | G19: 3 | H19: 4 | I19: 4 | J19: 5 | K19: 16 | L19: 0.808 | M19: 45 | N19: 74.25 | P19: AC1, AC6 | Q19: 0 | R19: 1 | S19: 0 | W19: Socratic quality 3/5 (Clarification): Clarification: asks the student to explain their reasoning. Conceptual precision 4/5 (Good): Good: clearly identifies the alternative conception with precise technical language. Good overall performance; room for improvement in socratic depth.
A20: 19 | B20: 7 | C20: 1 | D20: 1 | E20: R1, R2 y R4 dado que por R3 y por R5 no circula corriente | F20: Considerando que el interruptor está abierto, ¿cómo afecta la ausencia de conexión entre N2 y N3 a la capacidad de las resistencias R3 y R5 para influir en el potencial en ese nodo, específicamente en relación con la diferencia de potencial entre N2 y 0? | G20: 4 | H20: 4 | I20: 3 | J20: 5 | K20: 16 | L20: 0.904 | M20: 59 | N20: 66.39 | O20: AC1, AC6 | P20: AC1, AC9 | Q20: 0.5 | R20: 0.5 | S20: 0.5 | W20: Socratic quality 4/5 (Scaffolding for detection): Scaffolding for detection: identifies the error area and asks a question that confronts the theory. Conceptual precision 4/5 (Good): Good: clearly identifies the alternative conception with precise technical language. Good overall performance; room for improvement in socratic depth.
A21: 20 | B21: 7 | C21: 2 | D21: 1 | E21: R1, R2 y R4 dado que R3 y R5 se pueden quitar | F21: Si eliminamos R3 y R5, ¿cambiaría la relación entre el voltaje en el nodo N3 y el voltaje en el nodo N2, y por qué crees que eso podría ser así? | G21: 3 | H21: 3 | I21: 3 | J21: 5 | K21: 14 | L21: 0.816 | M21: 44 | N21: 73.51 | O21: AC1, AC6 | Q21: 1 | R21: 0 | S21: 0 | W21: Socratic quality 3/5 (Clarification): Generic question: asks for clarification without attacking the root error. Conceptual precision 3/5 (Sufficient): Sufficient: identifies that there is an error and uses correct concepts, but the diagnosis is somewhat vague. Good overall performance; room for improvement in socratic depth.
A22: 21 | B22: 7 | C22: 3 | D22: 1 | E22: R1, R2 y R4 dado que R3 y R5 no influyen para nada en la diferencia de potencial que se pide | F22: Considerando que R3 y R5 no tienen un camino para la corriente, ¿qué efecto crees que tendría su ausencia en la determinación de la diferencia de potencial entre los nodos N2 y N3? | G22: 3 | H22: 3 | I22: 3 | J22: 5 | K22: 14 | L22: 0.776 | M22: 43 | N22: 77.35 | O22: AC1, AC6 | P22: AC1, AC9 | Q22: 0.5 | R22: 0.5 | S22: 0.5 | W22: Socratic quality 3/5 (Clarification): Generic question: asks for clarification without attacking the root error. Conceptual precision 3/5 (Sufficient): Sufficient: identifies that there is an error and uses correct concepts, but the diagnosis is somewhat vague. Good overall performance; room for improvement in socratic depth.
A23: 22 | B23: 8 | C23: 1 | D23: 1 | E23: R1, R2 y R4 dado que R3 y R5 sobran | F23: Considerando que el interruptor está abierto, ¿podrías explicar cómo la ausencia de un camino continuo afecta la capacidad de las resistencias R3 y R5 para influir en el potencial entre los nodos N2 y 0? | G23: 3 | H23: 4 | I23: 3 | J23: 5 | K23: 15 | L23: 0.797 | M23: 48 | N23: 75.27 | O23: AC1, AC6 | P23: AC1, AC9 | Q23: 0.5 | R23: 0.5 | S23: 0.5 | W23: Socratic quality 3/5 (Clarification): Clarification: asks the student to explain their reasoning. Conceptual precision 4/5 (Good): Good: clearly identifies the alternative conception with precise technical language. Good overall performance; room for improvement in socratic depth.
A24: 23 | B24: 8 | C24: 2 | D24: 1 | E24: R1, R2 y R4 dado que R3 sobra | F24: Si el circuito está configurado de esta manera, ¿cómo crees que la resistencia de R1 afectaría la corriente que fluye a través de R2, considerando que R4 está en paralelo? | G24: 3 | H24: 3 | I24: 4 | J24: 5 | K24: 15 | L24: 0.841 | M24: 42 | N24: 71.34 | O24: AC1 | P24: AC1 | Q24: 1 | R24: 1 | S24: 1 | W24: Socratic quality 3/5 (Clarification): Generic question: asks for clarification without attacking the root error. Conceptual precision 3/5 (Sufficient): Sufficient: identifies that there is an error and uses correct concepts, but the diagnosis is somewhat vague. Good overall performance; room for improvement in socratic depth.
A25: 24 | B25: 8 | C25: 3 | D25: 1 | E25: R1, R2 y R4 dado que R5 sobra | F25: Pensando en el flujo de corriente a través de R2, ¿cómo crees que la presencia de R4, en paralelo, alteraría la distribución de voltaje en comparación con un circuito que solo contuviera R2 y R5? | G25: 3 | H25: 3 | I25: 4 | J25: 5 | K25: 15 | L25: 0.825 | M25: 50 | N25: 72.73 | O25: AC6 | P25: AC1 | Q25: 0 | R25: 0 | S25: 0 | W25: Socratic quality 3/5 (Clarification): Generic question: asks for clarification without attacking the root error. Conceptual precision 3/5 (Sufficient): Sufficient: identifies that there is an error and uses correct concepts, but the diagnosis is somewhat vague. Good overall performance; room for improvement in socratic depth.
A26: 25 | B26: 9 | C26: 1 | D26: 1 | E26: R1, R2 y R4 dado que R3 está en abierto | F26: Considerando que R3 está efectivamente en circuito abierto, ¿podría haber otras resistencias en el camino entre el nodo N2 y el nodo de referencia (0) que aún influyen en la diferencia de potencial, y si es así, ¿cómo se conectan a N2? | G26: 3 | H26: 5 | I26: 3 | J26: 5 | K26: 16 | L26: 0.891 | M26: 58 | N26: 67.33 | O26: AC1 | P26: AC1, AC9 | Q26: 0.5 | R26: 1 | S26: 0.667 | W26: Socratic quality 3/5 (Clarification): Generic question: asks for clarification without attacking the root error. Conceptual precision 5/5 (Excellent): Excellent: identifies the specific alternative conception and connects it with the circuit topology. Good overall performance; room for improvement in socratic depth.
A27: 26 | B27: 9 | C27: 2 | D27: 1 | E27: R1, R2 y R4 dado que R5 cortocircuitada | F27: Si R5 está cortocircuitada, ¿cómo afectaría la corriente que fluye a través de R1 y R2, y qué implicaciones tendría esto para la resistencia equivalente entre esos dos componentes? | G27: 3 | H27: 3 | I27: 4 | J27: 5 | K27: 15 | L27: 0.788 | M27: 43 | N27: 76.11 | O27: AC6 | P27: AC1 | Q27: 0 | R27: 0 | S27: 0 | W27: Socratic quality 3/5 (Clarification): Generic question: asks for clarification without attacking the root error. Conceptual precision 3/5 (Sufficient): Sufficient: identifies that there is an error and uses correct concepts, but the diagnosis is somewhat vague. Good overall performance; room for improvement in socratic depth.
A28: 27 | B28: 9 | C28: 3 | D28: 1 | E28: R1, R2 y R4 dado que por R3 no circula corriente | F28: Si R3 está en circuito abierto, ¿cómo afecta la ausencia de flujo de corriente a través de él a la tensión que podrías medir en cualquier nodo del circuito, y qué papel juega la tensión en el cálculo de la corriente? | G28: 4 | H28: 4 | I28: 3 | J28: 5 | K28: 16 | L28: 0.819 | M28: 48 | N28: 73.28 | O28: AC1 | P28: AC1 | Q28: 1 | R28: 1 | S28: 1 | W28: Socratic quality 4/5 (Scaffolding for detection): Scaffolding for detection: identifies the error area and asks a question that confronts the theory. Conceptual precision 4/5 (Good): Good: clearly identifies the alternative conception with precise technical language. Good overall performance; room for improvement in socratic depth.
A29: 28 | B29: 10 | C29: 1 | D29: 1 | E29: R1, R2 y R4 dado que por R5 no circula corriente | F29: Considerando que R5 está efectivamente cortocircuitada, ¿qué implicaciones tiene esto para la trayectoria que puede tomar la corriente desde V1 hacia el nodo N2, y cómo podría esto afectar la caída de voltaje en las resistencias R1, R2 y R4? | G29: 3 | H29: 3 | I29: 4 | J29: 5 | K29: 15 | L29: 0.874 | M29: 57 | N29: 68.66 | O29: AC6 | P29: AC1, AC9 | Q29: 0 | R29: 0 | S29: 0 | W29: Socratic quality 3/5 (Clarification): Generic question: asks for clarification without attacking the root error. Conceptual precision 3/5 (Sufficient): Sufficient: identifies that there is an error and uses correct concepts, but the diagnosis is somewhat vague. Good overall performance; room for improvement in socratic depth.
A30: 29 | B30: 10 | C30: 2 | D30: 1 | E30: R1, R2 y R4 dado que R3 se puede quitar | F30: Si eliminas R3, ¿cómo cambiaría la relación entre la corriente que fluye a través de R2 y la caída de voltaje en R1, y ¿qué efecto tendría esto en la ley de Ohm? | G30: 3 | H30: 3 | I30: 4 | J30: 5 | K30: 15 | L30: 0.879 | M30: 45 | N30: 68.3 | O30: AC1 | P30: AC1 | Q30: 1 | R30: 1 | S30: 1 | W30: Socratic quality 3/5 (Clarification): Generic question: asks for clarification without attacking the root error. Conceptual precision 3/5 (Sufficient): Sufficient: identifies that there is an error and uses correct concepts, but the diagnosis is somewhat vague. Good overall performance; room for improvement in socratic depth.
A31: 30 | B31: 10 | C31: 3 | D31: 1 | E31: R1, R2 y R4 dado que R5 se puede quitar | F31: Si se elimina R5, ¿cómo afectaría esto a la posibilidad de que la corriente fluya a través de la red y, en consecuencia, ¿cómo se vería la relación entre el voltaje y la resistencia en este circuito modificado? | G31: 3 | H31: 3 | I31: 3 | J31: 5 | K31: 14 | L31: 0.816 | M31: 50 | N31: 73.55 | O31: AC6 | P31: AC1, AC9 | Q31: 0 | R31: 0 | S31: 0 | W31: Socratic quality 3/5 (Clarification): Generic question: asks for clarification without attacking the root error. Conceptual precision 3/5 (Sufficient): Sufficient: identifies that there is an error and uses correct concepts, but the diagnosis is somewhat vague. Good overall performance; room for improvement in socratic depth.
A32: 31 | B32: 11 | C32: 1 | D32: 1 | E32: R1, R2 y R4 dado que R3 no influye para nada en la diferencia de potencial que se pide | F32: Considerando que R3 está físicamente abierto, ¿podría haber una ruta alternativa para la corriente desde el nodo N2 hasta el nodo de referencia (0) que involucre componentes distintos a R1, R2 y R4, o es tu razonamiento completo? | G32: 3 | H32: 3 | I32: 5 | J32: 5 | K32: 16 | L32: 0.904 | M32: 57 | N32: 66.35 | O32: AC1 | P32: AC1, AC9 | Q32: 0.5 | R32: 1 | S32: 0.667 | W32: Socratic quality 3/5 (Clarification): Generic question: asks for clarification without attacking the root error. Conceptual precision 3/5 (Sufficient): Sufficient: identifies that there is an error and uses correct concepts, but the diagnosis is somewhat vague. Good overall performance; room for improvement in socratic depth.
A33: 32 | B33: 11 | C33: 2 | D33: 1 | E33: R1, R2 y R4 dado que R5 no influye para nada en la diferencia de potencial que se pide | F33: Si R5 está desconectado, ¿cambia la forma en que la corriente fluye entre los nodos N1 y N2, y por qué crees que esto podría afectar la diferencia de potencial medida? | G33: 3 | H33: 3 | I33: 3 | J33: 5 | K33: 14 | L33: 0.798 | M33: 44 | N33: 75.23 | O33: AC6 | P33: AC1 | Q33: 0 | R33: 0 | S33: 0 | W33: Socratic quality 3/5 (Clarification): Generic question: asks for clarification without attacking the root error. Conceptual precision 3/5 (Sufficient): Sufficient: identifies that there is an error and uses correct concepts, but the diagnosis is somewhat vague. Good overall performance; room for improvement in socratic depth.
... A36: 35 | B36: 12 | C36: 2 | D36: 1 | E36: R1 y R2 | F36: Si el interruptor entre N2 y N3 impide el flujo de corriente a través de R1 y R2, ¿qué característica fundamental de los circuitos eléctricos define cómo la corriente fluye a través de los componentes conectados en serie? | G36: 3 | H36: 3 | I36: 2 | J36: 5 | K36: 13 | L36: 0.816 | M36: 48 | N36: 73.49 | O36: AC9 | P36: AC1, AC9 | Q36: 0.5 | R36: 1 | S36: 0.667 | W36: Socratic quality 3/5 (Clarification): Generic question: asks for clarification without attacking the root error. Conceptual precision 3/5 (Sufficient): Sufficient: identifies that there is an error and uses correct concepts, but the diagnosis is somewhat vague. Good overall performance; room for improvement in socratic depth.
A37: 36 | B37: 12 | C37: 3 | D37: 1 | E37: R1, R2 y R4 | F37: Si el interruptor entre N2 y N3 ahora está cerrado, ¿qué componente, al estar en el mismo camino que la fuente de tensión, determinará la magnitud de la corriente que fluye hacia N2? | G37: 3 | H37: 4 | I37: 2 | J37: 5 | K37: 14 | L37: 0.774 | M37: 45 | N37: 77.53 | P37: AC1, AC6, AC9 | Q37: 0 | R37: 1 | S37: 0 | W37: Socratic quality 3/5 (Clarification): Generic question: asks for clarification without attacking the root error. Conceptual precision 4/5 (Good): Good: clearly identifies the alternative conception with precise technical language. Good overall performance; room for improvement in socratic depth.
A38: 37 | B38: 13 | C38: 1 | D38: 1 | E38: R1, R2, R4 y R5 | F38: Considerando que el interruptor entre N2 y N3 está abierto, ¿cómo afecta la ausencia de una conexión directa entre esos dos nodos al potencial resultante en N2 en relación con la Tierra? | G38: 4 | H38: 3 | I38: 2 | J38: 5 | K38: 14 | L38: 0.78 | M38: 41 | N38: 76.95 | O38: AC6 | P38: AC1, AC9 | Q38: 0 | R38: 0 | S38: 0 | W38: Socratic quality 4/5 (Scaffolding for detection): Scaffolding for detection: identifies the error area and asks a question that confronts the theory. Conceptual precision 3/5 (Sufficient): Sufficient: identifies that there is an error and uses correct concepts, but the diagnosis is somewhat vague. Good overall performance; room for improvement in socratic depth.
A39: 38 | B39: 13 | C39: 2 | D39: 1 | E39: R1, R2, R3 y R4 | F39: Si el interruptor entre N2 y N3 permanece abierto, ¿podría explicar cómo la resistencia de R3 en particular influye en el flujo de corriente a través del circuito, considerando que está conectado a N1? | G39: 3 | H39: 5 | I39: 3 | J39: 5 | K39: 16 | L39: 0.792 | M39: 46 | N39: 75.73 | O39: AC1 | P39: AC1, AC9 | Q39: 0.5 | R39: 1 | S39: 0.667 | W39: Socratic quality 3/5 (Clarification): Generic question: asks for clarification without attacking the root error. Conceptual precision 5/5 (Excellent): Excellent: identifies the specific alternative conception and connects it with the circuit topology. Good overall performance; room for improvement in socratic depth.
A40: 39 | B40: 13 | C40: 3 | D40: 1 | E40: R1 y R2 y R4 hacen un divisor de corriente | F40: Si R1 y R2 están en serie, ¿cómo afecta la combinación de sus resistencias al flujo total de corriente a través del circuito, considerando que ambos están conectados a un nodo común? | G40: 4 | H40: 4 | I40: 4 | J40: 5 | K40: 17 | L40: 0.8 | M40: 39 | N40: 75.01 | P40: AC1, AC6, AC9 | Q40: 0 | R40: 1 | S40: 0 | W40: Socratic quality 4/5 (Scaffolding for detection): Scaffolding for detection: identifies the error area and asks a question that confronts the theory. Conceptual precision 4/5 (Good): Good: clearly identifies the alternative conception with precise technical language. High-performing tutor: expert socratic guidance with precise diagnosis.
A41: 40 | B41: 14 | C41: 1 | D41: 1 | E41: R1 y R2 y R4 hacen un divisor de tensión, r3 no cuenta por estar en corto | F41: Considerando que R5 está cortocircuitada, ¿cómo afecta esta condición a la corriente que podría circular a través de R3 y, en consecuencia, a su contribución al potencial entre N2 y 0? | G41: 4 | H41: 2 | I41: 3 | J41: 5 | K41: 14 | L41: 0.811 | M41: 46 | N41: 74.01 | O41: AC1 | P41: AC1 | Q41: 1 | R41: 1 | S41: 1 | W41: Socratic quality 4/5 (Scaffolding for detection): Scaffolding for detection: identifies the error area and asks a question that confronts the theory. Conceptual precision 2/5 (Poor): Poor: responds generically without diagnosing the conceptual error. Good overall performance; room for improvement in socratic depth.
A42: 41 | B42: 14 | C42: 2 | D42: 1 | E42: No tengo en cuenta R3 porque el interruptor está cerrado | F42: Si el interruptor está cerrado, ¿cómo crees que la presencia de R3 modifica la relación entre el voltaje aplicado y el voltaje que podrías medir en un nodo específico del circuito? | G42: 3 | H42: 4 | I42: 5 | J42: 5 | K42: 17 | L42: 0.748 | M42: 39 | N42: 80.25 | O42: AC1, AC9 | P42: AC1, AC9 | Q42: 1 | R42: 1 | S42: 1 | W42: Socratic quality 3/5 (Clarification): Generic question: asks for clarification without attacking the root error. Conceptual precision 4/5 (Good): Good: clearly identifies the alternative conception with precise technical language. High-performing tutor: expert socratic guidance with precise diagnosis.
A43: 42 | B43: 14 | C43: 3 | D43: 1 | E43: No tengo en cuenta R5 porque está en circuito abierto | F43: Dado que el interruptor está cerrado, ¿cómo la inclusión de R3 altera la distribución de la corriente y, por lo tanto, la tensión que podrías observar en un nodo específico? | G43: 3 | H43: 3 | I43: 3 | J43: 5 | K43: 14 | L43: 0.743 | M43: 39 | N43: 80.71 | O43: AC6, AC9 | P43: AC1 | Q43: 0 | R43: 0 | S43: 0 | W43: Socratic quality 3/5 (Clarification): Generic question: asks for clarification without attacking the root error. Conceptual precision 3/5 (Sufficient): Sufficient: identifies that there is an error and uses correct concepts, but the diagnosis is somewhat vague. Good overall performance; room for improvement in socratic depth.
A44: 43 | B44: 15 | C44: 1 | D44: 3 | E44: R4 y R5 dado que las dos resistencia forman un divisor de tensión | F44: Considerando la configuración del circuito, ¿qué sucede con el flujo de corriente a través de R4 y R5 cuando están conectados entre el nodo N2 y tierra, y cómo podría esto afectar la diferencia de potencial medida entre esos dos puntos? | G44: 4 | H44: 3 | I44: 5 | J44: 5 | K44: 17 | L44: 0.837 | M44: 50 | N44: 71.66 | O44: AC9 | P44: AC13 | Q44: 0 | R44: 0 | S44: 0 | W44: Socratic quality 4/5 (Scaffolding for detection): Scaffolding for detection: identifies the error area and asks a question that confronts the theory. Conceptual precision 3/5 (Sufficient): Sufficient: identifies that there is an error and uses correct concepts, but the diagnosis is somewhat vague. High-performing tutor: expert socratic guidance with precise diagnosis.
A45: 44 | B45: 15 | C45: 2 | D45: 3 | E45: R4 y R5 dado que se pide la tensión en R4 | F45: Si la tensión en R4 es la que te interesa, ¿cómo crees que la división de voltaje entre R4 y R5 influirá en la corriente que fluye a través de cada resistencia, y ¿qué relación podrías establecer entre estos dos conceptos? | G45: 3 | H45: 3 | I45: 4 | J45: 5 | K45: 15 | L45: 0.854 | M45: 54 | N45: 70.23 | O45: AC9 | P45: AC13 | Q45: 0 | R45: 0 | S45: 0 | W45: Socratic quality 3/5 (Clarification): Generic question: asks for clarification without attacking the root error. Conceptual precision 3/5 (Sufficient): Sufficient: identifies that there is an error and uses correct concepts, but the diagnosis is somewhat vague. Good overall performance; room for improvement in socratic depth.
A46: 45 | B46: 15 | C46: 3 | D46: 3 | E46: R4 y R5 por identificar un divisor de tensión | F46: Considerando la configuración del divisor de tensión, ¿cómo crees que la resistencia de cada componente, R4 y R5, afecta la distribución de la corriente total a través del circuito, y ¿qué impacto esto podría tener en el voltaje medido en R4? | G46: 3 | H46: 3 | I46: 3 | J46: 5 | K46: 14 | L46: 0.812 | M46: 55 | N46: 73.86 | O46: AC9 | Q46: 1 | R46: 0 | S46: 0 | W46: Socratic quality 3/5 (Clarification): Generic question: asks for clarification without attacking the root error. Conceptual precision 3/5 (Sufficient): Sufficient: identifies that there is an error and uses correct concepts, but the diagnosis is somewhat vague. Good overall performance; room for improvement in socratic depth.
A47: 46 | B47: 16 | C47: 1 | D47: 3 | E47: R4 y R5 hacen un divisor de tensión | F47: Considerando que R2 está cortocircuitada, ¿qué efecto tiene esta conexión en el flujo de corriente y, por lo tanto, en la caída de tensión a través de las resistencias que determinan la diferencia de potencial entre N2 y 0? | G47: 3 | H47: 3 | I47: 2 | J47: 5 | K47: 13 | L47: 0.898 | M47: 53 | N47: 66.84 | O47: AC9 | P47: AC13 | Q47: 0 | R47: 0 | S47: 0 | W47: Socratic quality 3/5 (Clarification): Generic question: asks for clarification without attacking the root error. Conceptual precision 3/5 (Sufficient): Sufficient: identifies that there is an error and uses correct concepts, but the diagnosis is somewhat vague. Good overall performance; room for improvement in socratic depth.
A48: 47 | B48: 16 | C48: 2 | D48: 3 | E48: R3, R4 y R5 porque son las resistencias que están conectadas a N2 | F48: Si la caída de tensión a través de R4 y R5 está creando la diferencia de potencial que necesitamos, ¿cómo influye la presencia de R3 en esa configuración específica, considerando el objetivo del divisor de tensión? | G48: 4 | H48: 3 | I48: 5 | J48: 5 | K48: 17 | L48: 0.797 | M48: 45 | N48: 75.26 | P48: AC13 | Q48: 0 | R48: 1 | S48: 0 | W48: Socratic quality 4/5 (Scaffolding for detection): Scaffolding for detection: identifies the error area and asks a question that confronts the theory. Conceptual precision 3/5 (Sufficient): Sufficient: identifies that there is an error and uses correct concepts, but the diagnosis is somewhat vague. High-performing tutor: expert socratic guidance with precise diagnosis.
A49: 48 | B49: 16 | C49: 3 | D49: 3 | E49: R3, R4 y R5 porque están en paralelo | F49: Si los componentes están en paralelo, ¿cómo afecta esto a la forma en que la corriente se distribuye entre ellos y, en consecuencia, a la tensión medida en el nodo N2? | G49: 4 | H49: 4 | I49: 3 | J49: 5 | K49: 16 | L49: 0.76 | M49: 39 | N49: 78.99 | P49: AC13 | Q49: 0 | R49: 1 | S49: 0 | W49: Socratic quality 4/5 (Scaffolding for detection): Scaffolding for detection: identifies the error area and asks a question that confronts the theory. Conceptual precision 4/5 (Good): Good: clearly identifies the alternative conception with precise technical language. Good overall performance; room for improvement in socratic depth.
A50: 49 | B50: 17 | C50: 1 | D50: 3 | E50: R3, R4 y R5 porque R3 está en serie con el paralelo de R4 y R5 | F50: Considerando que R2 está cortocircuitada, ¿podría el hecho de que R1 esté en paralelo con la fuente afectar la manera en que el voltaje se distribuye a través de las resistencias R3, R4 y R5? | G50: 3 | H50: 4 | I50: 5 | J50: 5 | K50: 17 | L50: 0.858 | M50: 51 | N50: 69.91 | P50: AC13 | Q50: 0 | R50: 1 | S50: 0 | W50: Socratic quality 3/5 (Clarification): Generic question: asks for clarification without attacking the root error. Conceptual precision 4/5 (Good): Good: clearly identifies the alternative conception with precise technical language. High-performing tutor: expert socratic guidance with precise diagnosis.
A51: 50 | B51: 17 | C51: 2 | D51: 3 | E51: R3, R4 y R5 porque R1 está en paralelo con la fuente y R2 cortocircuitada | F51: Si R1 está en paralelo con la fuente, ¿cómo crees que la corriente fluirá a través de R3, R4 y R5, considerando que R2 está cortocircuitada? | G51: 3 | H51: 3 | I51: 5 | J51: 5 | K51: 16 | L51: 0.744 | M51: 42 | N51: 80.66 | O51: AC6, AC13 | P51: AC13 | Q51: 1 | R51: 0.5 | S51: 0.667 | W51: Socratic quality 3/5 (Clarification): Generic question: asks for clarification without attacking the root error. Conceptual precision 3/5 (Sufficient): Sufficient: identifies that there is an error and uses correct concepts, but the diagnosis is somewhat vague. Good overall performance; room for improvement in socratic depth.
A52: 51 | B52: 17 | C52: 3 | D52: 3 | E52: R3, R4 y R5 porque R2 se elimina y R1 también | F52: Si R1 está en paralelo con la fuente, ¿cómo crees que la resistencia total del circuito afectará la magnitud de la corriente que fluye a través de R3, R4 y R5? | G52: 3 | H52: 4 | I52: 5 | J52: 5 | K52: 17 | L52: 0.741 | M52: 43 | N52: 80.94 | O52: AC6, AC13 | P52: AC13 | Q52: 1 | R52: 0.5 | S52: 0.667 | W52: Socratic quality 3/5 (Clarification): Generic question: asks for clarification without attacking the root error. Conceptual precision 4/5 (Good): Good: clearly identifies the alternative conception with precise technical language. High-performing tutor: expert socratic guidance with precise diagnosis.
A53: 52 | B53: 18 | C53: 1 | D53: 3 | E53: R3, R4 y R5 porque R2 está en cortocircuito y R1 en paralelo con la fuente | F53: Considerando que R2 efectivamente forma un cortocircuito, ¿podrías explicar por qué, a pesar de estar en un circuito, aún crees que su presencia es fundamental para determinar la diferencia de potencial entre N2 y 0? | G53: 3 | H53: 3 | I53: 3 | J53: 5 | K53: 14 | L53: 0.884 | M53: 50 | N53: 67.91 | O53: AC6, AC13 | P53: AC6, AC13 | Q53: 1 | R53: 1 | S53: 1 | W53: Socratic quality 3/5 (Clarification): Clarification: asks the student to explain their reasoning. Conceptual precision 3/5 (Sufficient): Sufficient: identifies that there is an error and uses correct concepts, but the diagnosis is somewhat vague. Good overall performance; room for improvement in socratic depth.
A54: 53 | B54: 18 | C54: 2 | D54: 3 | E54: R1 y R3 dado que R2 está cortocircuitada | F54: Si R1 y R3 están en serie con la fuente, ¿podrías describir cómo la resistencia de cada componente afectaría la corriente que fluye a través del circuito, considerando que R2 sigue siendo un cortocircuito? | G54: 3 | H54: 4 | I54: 4 | J54: 5 | K54: 16 | L54: 0.796 | M54: 48 | N54: 75.39 | O54: AC6, AC13, AC9 | P54: AC6, AC13 | Q54: 1 | R54: 0.667 | S54: 0.8 | W54: Socratic quality 3/5 (Clarification): Generic question: asks for clarification without attacking the root error. Conceptual precision 4/5 (Good): Good: clearly identifies the alternative conception with precise technical language. Good overall performance; room for improvement in socratic depth.
A55: 54 | B55: 18 | C55: 3 | D55: 3 | E55: R1, R2 y R3 porque son las resistencias que están conectadas entre N2 y 0 | F55: Si consideramos que R1, R2 y R3 forman una conexión entre el nodo N2 y el punto 0, ¿podrías explicar qué efecto tendría la naturaleza del cortocircuito de R2 en la distribución de la corriente a través de este conjunto de resistencias? | G55: 3 | H55: 4 | I55: 5 | J55: 5 | K55: 17 | L55: 0.906 | M55: 57 | N55: 66.21 | O55: AC6, AC13, AC9 | P55: AC6, AC13, AC9 | Q55: 1 | R55: 1 | S55: 1 | W55: Socratic quality 3/5 (Clarification): Clarification: asks the student to explain their reasoning. Conceptual precision 4/5 (Good): Good: clearly identifies the alternative conception with precise technical language. High-performing tutor: expert socratic guidance with precise diagnosis.
A56: 55 | B56: 19 | C56: 1 | D56: 3 | E56: R4 porque es la resistencias que está conectadas entre N2 y 0 | F56: Considerando la conexión de R4, ¿podrías explicar por qué su posición directa entre N2 y 0 podría ser la única responsable de determinar la diferencia de potencial, descartando cualquier otro elemento del circuito? | G56: 3 | H56: 2 | I56: 5 | J56: 5 | K56: 15 | L56: 0.832 | M56: 45 | N56: 72.07 | O56: AC9 | P56: AC13 | Q56: 0 | R56: 0 | S56: 0 | W56: Socratic quality 3/5 (Clarification): Clarification: asks the student to explain their reasoning. Conceptual precision 2/5 (Poor): Poor: responds generically without diagnosing the conceptual error. Good overall performance; room for improvement in socratic depth.
A57: 56 | B57: 19 | C57: 2 | D57: 3 | E57: R1, R3, R4 y R5 dado que R2 sobra | F57: Si elimináramos todas las resistencias excepto R1, R3 y R4, ¿cambiaría fundamentalmente la relación entre la corriente y el voltaje en el circuito, y por qué? | G57: 3 | H57: 4 | I57: 4 | J57: 5 | K57: 16 | L57: 0.744 | M57: 40 | N57: 80.6 | O57: AC6, AC13 | P57: AC13, AC9 | Q57: 0.5 | R57: 0.5 | S57: 0.5 | W57: Socratic quality 3/5 (Clarification): Generic question: asks for clarification without attacking the root error. Conceptual precision 4/5 (Good): Good: clearly identifies the alternative conception with precise technical language. Good overall performance; room for improvement in socratic depth.
A58: 57 | B58: 19 | C58: 3 | D58: 3 | E58: R1, R3, R4 y R5 dado que R2 no hace nada | F58: Considerando que R2 no contribuye al flujo de corriente en este arreglo, ¿podrías articular cómo la combinación de R1, R3, R4 y R5 sigue manteniendo una relación específica entre la corriente y el voltaje en el circuito? | G58: 3 | H58: 3 | I58: 5 | J58: 5 | K58: 16 | L58: 0.845 | M58: 52 | N58: 70.98 | O58: AC6, AC13 | P58: AC13 | Q58: 1 | R58: 0.5 | S58: 0.667 | W58: Socratic quality 3/5 (Clarification): Generic question: asks for clarification without attacking the root error. Conceptual precision 3/5 (Sufficient): Sufficient: identifies that there is an error and uses correct concepts, but the diagnosis is somewhat vague. Good overall performance; room for improvement in socratic depth.
A59: 58 | B59: 20 | C59: 1 | D59: 3 | E59: R1, R3, R4 y R5 dado que R2 está cortocircuitada | F59: Considerando que R2 está efectivamente cortocircuitada, ¿podrías explicar qué implicaría esa condición para el flujo de corriente a través de las resistencias R1, R3, R4 y R5 en relación con el nodo N2? | G59: 3 | H59: 4 | I59: 5 | J59: 5 | K59: 17 | L59: 0.881 | M59: 52 | N59: 68.11 | O59: AC6, AC13 | Q59: 1 | R59: 0 | S59: 0 | W59: Socratic quality 3/5 (Clarification): Clarification: asks the student to explain their reasoning. Conceptual precision 4/5 (Good): Good: clearly identifies the alternative conception with precise technical language. High-performing tutor: expert socratic guidance with precise diagnosis.
A60: 59 | B60: 20 | C60: 2 | D60: 3 | E60: R1, R2, R3, R4 y R5 dado que son las resistencias que forman parte del circuito. | F60: Si R2 está cortocircuitada, ¿cómo crees que afectaría la cantidad de corriente que fluye a través de R1, R3, R4 y R5 en comparación con un circuito completo? | G60: 3 | H60: 2 | I60: 5 | J60: 5 | K60: 15 | L60: 0.832 | M60: 45 | N60: 72.1 | O60: AC6, AC13 | Q60: 1 | R60: 0 | S60: 0 | W60: Socratic quality 3/5 (Clarification): Generic question: asks for clarification without attacking the root error. Conceptual precision 2/5 (Poor): Poor: responds generically without diagnosing the conceptual error. Good overall performance; room for improvement in socratic depth.
A61: 60 | B61: 20 | C61: 3 | D61: 3 | E61: R1, R2, R3 y R4 dado que R1, R2 y R3 están en paralelo con R4 | F61: Dado que R2 está cortocircuitada, ¿qué efecto esperas que tenga la eliminación de R2 en la forma en que las resistencias R1, R3 y R4 se conectan entre el nodo N1 y N2? | G61: 3 | H61: 3 | I61: 5 | J61: 5 | K61: 16 | L61: 0.853 | M61: 50 | N61: 70.31 | O61: AC6, AC13, AC9 | P61: AC13 | Q61: 1 | R61: 0.333 | S61: 0.5 | W61: Socratic quality 3/5 (Clarification): Generic question: asks for clarification without attacking the root error. Conceptual precision 3/5 (Sufficient): Sufficient: identifies that there is an error and uses correct concepts, but the diagnosis is somewhat vague. Good overall performance; room for improvement in socratic depth.
A62: 61 | B62: 21 | C62: 1 | D62: 3 | E62: R1, R3 y R4 dado que R2 está en cortocircuito | F62: Considerando que R2 está efectivamente en cortocircuito, ¿qué implicaría esto sobre el comportamiento de la corriente que fluye a través de R1 y R3 en relación con la diferencia de potencial entre N2 y 0? | G62: 3 | H62: 4 | I62: 4 | J62: 5 | K62: 16 | L62: 0.852 | M62: 49 | N62: 70.45 | O62: AC6, AC13, AC9 | P62: AC6, AC13 | Q62: 1 | R62: 0.667 | S62: 0.8 | W62: Socratic quality 3/5 (Clarification): Generic question: asks for clarification without attacking the root error. Conceptual precision 4/5 (Good): Good: clearly identifies the alternative conception with precise technical language. Good overall performance; room for improvement in socratic depth.
A63: 62 | B63: 21 | C63: 2 | D63: 3 | E63: R3, R4 y R5 dado que R1 y R2 se pueden quitar | F63: Si se eliminan R1 y R2, ¿cómo cambiaría la relación entre la tensión aplicada y la corriente resultante que fluye a través de R3 y R4? | G63: 3 | H63: 3 | I63: 5 | J63: 5 | K63: 16 | L63: 0.734 | M63: 37 | N63: 81.69 | O63: AC6, AC13 | P63: AC13 | Q63: 1 | R63: 0.5 | S63: 0.667 | W63: Socratic quality 3/5 (Clarification): Generic question: asks for clarification without attacking the root error. Conceptual precision 3/5 (Sufficient): Sufficient: identifies that there is an error and uses correct concepts, but the diagnosis is somewhat vague. Good overall performance; room for improvement in socratic depth.
A64: 63 | B64: 21 | C64: 3 | D64: 3 | E64: R3, R4 y R5 dado que R1 y R2 no afectan a la tensión pedida | F64: Si R1 y R2 no influyen directamente en la tensión a través de R3, R4 y R5, ¿qué aspecto del circuito eléctrico, relacionado con la distribución de la corriente, podría ser el que realmente determina el valor de esa tensión? | G64: 3 | H64: 3 | I64: 5 | J64: 5 | K64: 16 | L64: 0.843 | M64: 53 | N64: 71.2 | O64: AC6, AC13 | Q64: 1 | R64: 0 | S64: 0 | W64: Socratic quality 3/5 (Clarification): Generic question: asks for clarification without attacking the root error. Conceptual precision 3/5 (Sufficient): Sufficient: identifies that there is an error and uses correct concepts, but the diagnosis is somewhat vague. Good overall performance; room for improvement in socratic depth.
A65: 64 | B65: 22 | C65: 1 | D65: 3 | E65: R3, R4 y R5 dado que R2 está en cortocircuito y la tensión en R1 es la de la fuente | F65: Considerando que R2 está efectivamente cortocircuitada, ¿qué implicaría esa conexión en términos de la corriente que podría fluir a través de R1 y, por lo tanto, su influencia en la diferencia de potencial entre N2 y 0? | G65: 3 | H65: 3 | I65: 3 | J65: 5 | K65: 14 | L65: 0.911 | M65: 53 | N65: 65.88 | O65: AC6, AC13 | P65: AC13 | Q65: 1 | R65: 0.5 | S65: 0.667 | W65: Socratic quality 3/5 (Clarification): Generic question: asks for clarification without attacking the root error. Conceptual precision 3/5 (Sufficient): Sufficient: identifies that there is an error and uses correct concepts, but the diagnosis is somewhat vague. Good overall performance; room for improvement in socratic depth.
A66: 65 | B66: 22 | C66: 2 | D66: 3 | E66: R2 está en cortocircuito y la tensión en R1 es la de la fuente | F66: Si la tensión en R1 es directamente la tensión de la fuente, ¿cómo crees que esto afectaría el flujo de corriente a través de los otros componentes del circuito, como R3, R4 y R5? | G66: 3 | H66: 3 | I66: 4 | J66: 5 | K66: 15 | L66: 0.805 | M66: 46 | N66: 74.5 | O66: AC6, AC13, AC9 | P66: AC13 | Q66: 1 | R66: 0.333 | S66: 0.5 | W66: Socratic quality 3/5 (Clarification): Generic question: asks for clarification without attacking the root error. Conceptual precision 3/5 (Sufficient): Sufficient: identifies that there is an error and uses correct concepts, but the diagnosis is somewhat vague. Good overall performance; room for improvement in socratic depth.
A67: 66 | B67: 22 | C67: 3 | D67: 3 | E67: R1 está en paralelo con la fuente y R2 está en cortocircuito | F67: Si R2 está cortocircuitado, ¿qué efecto esperas que tenga en la trayectoria del flujo de corriente a través de los componentes conectados a R1? | G67: 3 | H67: 2 | I67: 5 | J67: 5 | K67: 15 | L67: 0.785 | M67: 34 | N67: 76.4 | O67: AC6, AC13, AC9 | Q67: 1 | R67: 0 | S67: 0 | W67: Socratic quality 3/5 (Clarification): Generic question: asks for clarification without attacking the root error. Conceptual precision 2/5 (Poor): Poor: responds generically without diagnosing the conceptual error. Good overall performance; room for improvement in socratic depth.
A68: 67 | B68: 23 | C68: 1 | D68: 3 | E68: R5 porque está al final del circuito | F68: Considerando que R5 está conectado directamente a N2, ¿podría haber otras resistencias en el camino entre N2 y 0 que influyan en la caída de voltaje en ese componente? | G68: 3 | H68: 3 | I68: 4 | J68: 5 | K68: 15 | L68: 0.78 | M68: 40 | N68: 76.96 | O68: AC9 | P68: AC13 | Q68: 0 | R68: 0 | S68: 0 | W68: Socratic quality 3/5 (Clarification): Generic question: asks for clarification without attacking the root error. Conceptual precision 3/5 (Sufficient): Sufficient: identifies that there is an error and uses correct concepts, but the diagnosis is somewhat vague. Good overall performance; room for improvement in socratic depth.
A69: 68 | B69: 23 | C69: 2 | D69: 3 | E69: Depende de todas porque todas influyen en la tensión | F69: Si enfocamos nuestra atención en la resistencia total del circuito, ¿podría la posición de R5 realmente ser el factor determinante para la corriente que fluye a través de él? | G69: 3 | H69: 3 | I69: 4 | J69: 5 | K69: 15 | L69: 0.722 | M69: 37 | N69: 83.13 | O69: AC9 | Q69: 1 | R69: 0 | S69: 0 | W69: Socratic quality 3/5 (Clarification): Generic question: asks for clarification without attacking the root error. Conceptual precision 3/5 (Sufficient): Sufficient: identifies that there is an error and uses correct concepts, but the diagnosis is somewhat vague. Good overall performance; room for improvement in socratic depth.
A70: 69 | B70: 23 | C70: 3 | D70: 3 | E70: R3 y R4 porque están más lejos de la fuente | F70: Si analizamos el flujo de corriente a través de cada resistor, ¿podría la distancia física desde la fuente afectar la resistencia equivalente que experimenta cada componente? | G70: 3 | H70: 3 | I70: 3 | J70: 5 | K70: 14 | L70: 0.73 | M70: 33 | N70: 82.19 | O70: AC9 | P70: AC13 | Q70: 0 | R70: 0 | S70: 0 | W70: Socratic quality 3/5 (Clarification): Generic question: asks for clarification without attacking the root error. Conceptual precision 3/5 (Sufficient): Sufficient: identifies that there is an error and uses correct concepts, but the diagnosis is somewhat vague. Good overall performance; room for improvement in socratic depth.
A71: 70 | B71: 24 | C71: 1 | D71: 3 | E71: R3 y R5 porque están conectadas en serie | F71: Considerando que R2 está cortocircuitada, ¿qué efecto tiene esa conexión en la trayectoria de la corriente que fluye hacia el nodo N2, y podría eso afectar la contribución de otras resistencias a la diferencia de potencial entre N2 y 0? | G71: 3 | H71: 3 | I71: 2 | J71: 5 | K71: 13 | L71: 0.88 | M71: 55 | N71: 68.16 | O71: AC9 | P71: AC13 | Q71: 0 | R71: 0 | S71: 0 | W71: Socratic quality 3/5 (Clarification): Generic question: asks for clarification without attacking the root error. Conceptual precision 3/5 (Sufficient): Sufficient: identifies that there is an error and uses correct concepts, but the diagnosis is somewhat vague. Good overall performance; room for improvement in socratic depth.
A72: 71 | B72: 24 | C72: 2 | D72: 3 | E72: R3 porque está en el medio del circuito | F72: Si elimináramos R3 de la conexión, ¿cambiaría la magnitud de la corriente que fluye a través de R5 y, en consecuencia, ¿cómo afectaría esto la relación entre la tensión y la corriente en el resto del circuito, considerando la ley de Ohm? | G72: 3 | H72: 3 | I72: 3 | J72: 5 | K72: 14 | L72: 0.885 | M72: 58 | N72: 67.78 | O72: AC9 | P72: AC13 | Q72: 0 | R72: 0 | S72: 0 | W72: Socratic quality 3/5 (Clarification): Generic question: asks for clarification without attacking the root error. Conceptual precision 3/5 (Sufficient): Sufficient: identifies that there is an error and uses correct concepts, but the diagnosis is somewhat vague. Good overall performance; room for improvement in socratic depth.
A73: 72 | B73: 24 | C73: 3 | D73: 3 | E73: R3 porque está entre la fuente y el nodo N2 | F73: Si R3 es esencialmente un componente que limita el flujo de corriente, ¿cómo crees que su posición específica influye en la distribución de voltaje a lo largo del circuito, considerando la relación entre voltaje, resistencia y corriente según la ley de Ohm? | G73: 3 | H73: 3 | I73: 4 | J73: 5 | K73: 15 | L73: 0.816 | M73: 52 | N73: 73.49 | O73: AC9 | P73: AC13 | Q73: 0 | R73: 0 | S73: 0 | W73: Socratic quality 3/5 (Clarification): Generic question: asks for clarification without attacking the root error. Conceptual precision 3/5 (Sufficient): Sufficient: identifies that there is an error and uses correct concepts, but the diagnosis is somewhat vague. Good overall performance; room for improvement in socratic depth.
A74: 73 | B74: 25 | C74: 1 | D74: 3 | E74: R4 y R5 porque están conectadas al mismo nodo. | F74: Considerando que R4 y R5 están conectados al mismo nodo, ¿podría explicar cómo la corriente que fluye a través de ellos afectaría directamente la diferencia de potencial entre N2 y 0? | G74: 3 | H74: 3 | I74: 5 | J74: 5 | K74: 16 | L74: 0.807 | M74: 43 | N74: 74.39 | O74: AC9 | P74: AC13 | Q74: 0 | R74: 0 | S74: 0 | W74: Socratic quality 3/5 (Clarification): Generic question: asks for clarification without attacking the root error. Conceptual precision 3/5 (Sufficient): Sufficient: identifies that there is an error and uses correct concepts, but the diagnosis is somewhat vague. Good overall performance; room for improvement in socratic depth.
A75: 74 | B75: 25 | C75: 2 | D75: 3 | E75: R1 y R2 porque están cerca de la fuente | F75: Si R1 y R2 están físicamente cerca de la fuente, ¿cómo crees que su proximidad podría influir en la distribución de la corriente a través del circuito, considerando la ley de Ohm? | G75: 3 | H75: 2 | I75: 4 | J75: 5 | K75: 14 | L75: 0.807 | M75: 43 | N75: 74.35 | O75: AC6, AC13, AC9 | P75: AC13 | Q75: 1 | R75: 0.333 | S75: 0.5 | W75: Socratic quality 3/5 (Clarification): Generic question: asks for clarification without attacking the root error. Conceptual precision 2/5 (Poor): Poor: responds generically without diagnosing the conceptual error. Good overall performance; room for improvement in socratic depth.
A76: 75 | B76: 25 | C76: 3 | D76: 3 | E76: R5 porque está entre N2 y 0 | F76: Si R5 está conectada entre N2 y 0, ¿podría describir cómo esta conexión específica afecta la caída de voltaje a lo largo de esa sección del circuito, considerando la resistencia de R5? | G76: 3 | H76: 3 | I76: 3 | J76: 5 | K76: 14 | L76: 0.767 | M76: 43 | N76: 78.18 | O76: AC9 | P76: AC13 | Q76: 0 | R76: 0 | S76: 0 | W76: Socratic quality 3/5 (Clarification): Generic question: asks for clarification without attacking the root error. Conceptual precision 3/5 (Sufficient): Sufficient: identifies that there is an error and uses correct concepts, but the diagnosis is somewhat vague. Good overall performance; room for improvement in socratic depth.
A77: 76 | B77: 26 | C77: 1 | D77: 3 | E77: R4 porque está en paralelo con R5 | F77: Considerando que R2 está cortocircuitada, ¿qué efecto tiene esta conexión en el flujo de corriente a través de R4 y R5, y cómo podría esto influir en la diferencia de potencial entre N2 y 0? | G77: 3 | H77: 3 | I77: 3 | J77: 5 | K77: 14 | L77: 0.858 | M77: 50 | N77: 69.89 | O77: AC9 | P77: AC13 | Q77: 0 | R77: 0 | S77: 0 | W77: Socratic quality 3/5 (Clarification): Generic question: asks for clarification without attacking the root error. Conceptual precision 3/5 (Sufficient): Sufficient: identifies that there is an error and uses correct concepts, but the diagnosis is somewhat vague. Good overall performance; room for improvement in socratic depth.
A78: 77 | B78: 26 | C78: 2 | D78: 3 | E78: R3 y R4 porque forman un divisor de tensión | F78: Si R3 y R4 forman un divisor de tensión, ¿cómo afectaría la relación entre la corriente que fluye por R3 y la corriente que fluye por R4 a la tensión medida en el nodo entre ellos? | G78: 3 | H78: 3 | I78: 4 | J78: 5 | K78: 15 | L78: 0.832 | M78: 47 | N78: 72.08 | O78: AC9 | P78: AC13 | Q78: 0 | R78: 0 | S78: 0 | W78: Socratic quality 3/5 (Clarification): Generic question: asks for clarification without attacking the root error. Conceptual precision 3/5 (Sufficient): Sufficient: identifies that there is an error and uses correct concepts, but the diagnosis is somewhat vague. Good overall performance; room for improvement in socratic depth.
A79: 78 | B79: 26 | C79: 3 | D79: 3 | E79: R1 y R2 porque forman un divisor de tensión | F79: Considerando la configuración actual, ¿cómo influye la resistencia de R1 y R2 en la distribución de la tensión a través de los otros componentes del circuito, y por qué es importante esta distribución? | G79: 4 | H79: 3 | I79: 4 | J79: 5 | K79: 16 | L79: 0.79 | M79: 42 | N79: 75.94 | O79: AC6, AC13, AC9 | Q79: 1 | R79: 0 | S79: 0 | W79: Socratic quality 4/5 (Scaffolding for detection): Scaffolding for detection: identifies the error area and asks a question that confronts the theory. Conceptual precision 3/5 (Sufficient): Sufficient: identifies that there is an error and uses correct concepts, but the diagnosis is somewhat vague. Good overall performance; room for improvement in socratic depth.
A80: 79 | B80: 27 | C80: 1 | D80: 3 | E80: R1 porque por R2 no circula corriente | F80: Si R2 está cortocircuitada, ¿qué efecto tiene esa conexión en el flujo de corriente a través de R1 y, por lo tanto, en la diferencia de potencial entre N2 y 0? | G80: 3 | H80: 3 | I80: 4 | J80: 5 | K80: 15 | L80: 0.84 | M80: 44 | N80: 71.46 | O80: AC6, AC13, AC9 | P80: AC13 | Q80: 1 | R80: 0.333 | S80: 0.5 | W80: Socratic quality 3/5 (Clarification): Generic question: asks for clarification without attacking the root error. Conceptual precision 3/5 (Sufficient): Sufficient: identifies that there is an error and uses correct concepts, but the diagnosis is somewhat vague. Good overall performance; room for improvement in socratic depth.
A81: 80 | B81: 27 | C81: 2 | D81: 3 | E81: R3 y R5 porque R4 está en paralelo con la fuente | F81: Considerando la configuración actual, ¿cómo afecta la presencia de componentes en paralelo a la distribución de voltaje a lo largo de R3 y R5? | G81: 4 | H81: 3 | I81: 4 | J81: 5 | K81: 16 | L81: 0.715 | M81: 31 | N81: 83.92 | Q81: 1 | R81: 1 | S81: 1 | W81: Socratic quality 4/5 (Scaffolding for detection): Scaffolding for detection: identifies the error area and asks a question that confronts the theory. Conceptual precision 3/5 (Sufficient): Sufficient: identifies that there is an error and uses correct concepts, but the diagnosis is somewhat vague. Good overall performance; room for improvement in socratic depth.
A82: 81 | B82: 28 | C82: 1 | D82: 4 | E82: R1, R2 y R3 porque son las resistencias que forman parte del circuito | F82: Considerando que el interruptor está abierto, ¿qué efecto tiene la presencia de R3 en el camino que permite que la corriente fluya desde V1? | G82: 3 | H82: 4 | I82: 3 | J82: 5 | K82: 15 | L82: 0.724 | M82: 33 | N82: 82.87 | O82: AC1 | P82: AC1, AC13 | Q82: 0.5 | R82: 1 | S82: 0.667 | W82: Socratic quality 3/5 (Clarification): Generic question: asks for clarification without attacking the root error. Conceptual precision 4/5 (Good): Good: clearly identifies the alternative conception with precise technical language. Good overall performance; room for improvement in socratic depth.
A83: 82 | B83: 28 | C83: 2 | D83: 4 | E83: R1, R2 y R3 porque están conectadas a la fuente de tensión | F83: Si el interruptor permanece abierto, ¿cómo afectaría la cantidad de corriente que fluye a través de R2, considerando la influencia de R1 en el nodo? | G83: 3 | H83: 4 | I83: 4 | J83: 5 | K83: 16 | L83: 0.73 | M83: 35 | N83: 82.22 | O83: AC1 | P83: AC1, AC13 | Q83: 0.5 | R83: 1 | S83: 0.667 | W83: Socratic quality 3/5 (Clarification): Generic question: asks for clarification without attacking the root error. Conceptual precision 4/5 (Good): Good: clearly identifies the alternative conception with precise technical language. Good overall performance; room for improvement in socratic depth.
A84: 83 | B84: 28 | C84: 3 | D84: 4 | E84: R1, R2 y R3 porque están conectadas en paralelo | F84: Si consideramos que el interruptor está abierto, ¿podrías explicar cómo la resistencia total del circuito se vería afectada por la conexión en paralelo de R1, R2 y R3? | G84: 3 | H84: 4 | I84: 5 | J84: 5 | K84: 17 | L84: 0.785 | M84: 40 | N84: 76.43 | O84: AC1 | P84: AC1, AC14 | Q84: 0.5 | R84: 1 | S84: 0.667 | W84: Socratic quality 3/5 (Clarification): Clarification: asks the student to explain their reasoning. Conceptual precision 4/5 (Good): Good: clearly identifies the alternative conception with precise technical language. High-performing tutor: expert socratic guidance with precise diagnosis.
A85: 84 | B85: 29 | C85: 1 | D85: 4 | E85: R1, R2 y R3 porque están conectadas en serie | F85: Considerando que el interruptor está abierto, ¿podría la corriente que sale de V1 tomar múltiples caminos a través de las resistencias, y qué implicaciones tiene esto para la contribución de R3 a ese flujo? | G85: 3 | H85: 4 | I85: 3 | J85: 5 | K85: 15 | L85: 0.872 | M85: 46 | N85: 68.83 | O85: AC1 | P85: AC1, AC13 | Q85: 0.5 | R85: 1 | S85: 0.667 | W85: Socratic quality 3/5 (Clarification): Generic question: asks for clarification without attacking the root error. Conceptual precision 4/5 (Good): Good: clearly identifies the alternative conception with precise technical language. Good overall performance; room for improvement in socratic depth.
A86: 85 | B86: 29 | C86: 2 | D86: 4 | E86: R1 y R2 porque son las resistencias por las que pasa corriente | F86: Si el interruptor permanece abierto, ¿cómo afectaría la presencia de R3 a la distribución de la corriente a través de R1 y R2, y qué papel juega en ese escenario? | G86: 3 | H86: 3 | I86: 5 | J86: 5 | K86: 16 | L86: 0.764 | M86: 40 | N86: 78.54 | P86: AC1, AC13 | Q86: 0 | R86: 1 | S86: 0 | W86: Socratic quality 3/5 (Clarification): Generic question: asks for clarification without attacking the root error. Conceptual precision 3/5 (Sufficient): Sufficient: identifies that there is an error and uses correct concepts, but the diagnosis is somewhat vague. Good overall performance; room for improvement in socratic depth.
A87: 86 | B87: 29 | C87: 3 | D87: 4 | E87: R1 y R2 porque están conectadas en paralelo con la fuente | F87: Si el interruptor está abierto, ¿cómo la disposición en serie de los componentes afecta el flujo de corriente a través de cada resistor individualmente, y por qué esto es diferente a una conexión en paralelo? | G87: 3 | H87: 4 | I87: 3 | J87: 5 | K87: 15 | L87: 0.795 | M87: 42 | N87: 75.46 | P87: AC1, AC13, AC14 | Q87: 0 | R87: 1 | S87: 0 | W87: Socratic quality 3/5 (Clarification): Generic question: asks for clarification without attacking the root error. Conceptual precision 4/5 (Good): Good: clearly identifies the alternative conception with precise technical language. Good overall performance; room for improvement in socratic depth.
A88: 87 | B88: 30 | C88: 1 | D88: 4 | E88: R1 y R2 porque podemos eliminar R3 ya que está en circuito abierto | F88: Si eliminamos R3, ¿qué efecto tiene la desconexión física entre los nodos N1 y N2 en el flujo de corriente desde la fuente V1? | G88: 3 | H88: 3 | I88: 3 | J88: 5 | K88: 14 | L88: 0.758 | M88: 35 | N88: 79.16 | O88: AC1 | P88: AC13 | Q88: 0 | R88: 0 | S88: 0 | W88: Socratic quality 3/5 (Clarification): Generic question: asks for clarification without attacking the root error. Conceptual precision 3/5 (Sufficient): Sufficient: identifies that there is an error and uses correct concepts, but the diagnosis is somewhat vague. Good overall performance; room for improvement in socratic depth.
A89: 88 | B89: 30 | C89: 2 | D89: 4 | E89: R1 y R2 | F89: Considerando que R3 está en circuito abierto, ¿cómo afecta la ausencia de una ruta continua para la corriente entre los nodos N1 y N2 al comportamiento general del circuito? | G89: 4 | H89: 4 | I89: 2 | J89: 5 | K89: 15 | L89: 0.724 | M89: 37 | N89: 82.86 | P89: AC1, AC13 | Q89: 0 | R89: 1 | S89: 0 | W89: Socratic quality 4/5 (Scaffolding for detection): Scaffolding for detection: identifies the error area and asks a question that confronts the theory. Conceptual precision 4/5 (Good): Good: clearly identifies the alternative conception with precise technical language. Good overall performance; room for improvement in socratic depth.
A90: 89 | B90: 30 | C90: 3 | D90: 4 | E90: R1 y R2 porque R3 se elimina | F90: Si eliminamos R3, ¿qué implicaría la discontinuidad en el camino de la corriente para el cálculo de la resistencia equivalente del circuito? | G90: 3 | H90: 3 | I90: 3 | J90: 5 | K90: 14 | L90: 0.698 | M90: 30 | N90: 85.91 | O90: AC1 | P90: AC13 | Q90: 0 | R90: 0 | S90: 0 | W90: Socratic quality 3/5 (Clarification): Generic question: asks for clarification without attacking the root error. Conceptual precision 3/5 (Sufficient): Sufficient: identifies that there is an error and uses correct concepts, but the diagnosis is somewhat vague. Good overall performance; room for improvement in socratic depth.
A91: 90 | B91: 31 | C91: 1 | D91: 4 | E91: R1 porque está conectada en paralelo con la fuente | F91: Si la corriente que sale de V1 fluye a través de R1 y R2, ¿qué característica comparten estas dos resistencias que permite que la corriente se distribuya entre ellas? | G91: 3 | H91: 3 | I91: 5 | J91: 5 | K91: 16 | L91: 0.783 | M91: 38 | N91: 76.67 | O91: AC14 | P91: AC13, AC14 | Q91: 0.5 | R91: 1 | S91: 0.667 | W91: Socratic quality 3/5 (Clarification): Generic question: asks for clarification without attacking the root error. Conceptual precision 3/5 (Sufficient): Sufficient: identifies that there is an error and uses correct concepts, but the diagnosis is somewhat vague. Good overall performance; room for improvement in socratic depth.
A92: 91 | B92: 31 | C92: 2 | D92: 4 | E92: R2 porque R1 se puede quitar al estar en paralelo con la fuente y R3 se puede quitar al estar en circuito abierto | F92: Considerando que R2 está conectado directamente a la fuente, ¿cómo afecta esta conexión a la magnitud de la corriente que fluye a través de ese componente específico? | G92: 4 | H92: 2 | I92: 3 | J92: 5 | K92: 14 | L92: 0.71 | M92: 34 | N92: 84.53 | O92: AC1 | P92: AC13 | Q92: 0 | R92: 0 | S92: 0 | W92: Socratic quality 4/5 (Scaffolding for detection): Scaffolding for detection: identifies the error area and asks a question that confronts the theory. Conceptual precision 2/5 (Poor): Poor: responds generically without diagnosing the conceptual error. Good overall performance; room for improvement in socratic depth.
A93: 92 | B93: 31 | C93: 3 | D93: 4 | E93: R2 y R3 porque R1 se puede quitar al estar en paralelo con la fuente | F93: Si la corriente fluye a través de R2 y R3, ¿qué papel juega la resistencia de cada componente en la determinación del voltaje en su respectivo extremo del circuito? | G93: 3 | H93: 3 | I93: 4 | J93: 5 | K93: 15 | L93: 0.753 | M93: 37 | N93: 79.66 | O93: AC1 | P93: AC13 | Q93: 0 | R93: 0 | S93: 0 | W93: Socratic quality 3/5 (Clarification): Generic question: asks for clarification without attacking the root error. Conceptual precision 3/5 (Sufficient): Sufficient: identifies that there is an error and uses correct concepts, but the diagnosis is somewhat vague. Good overall performance; room for improvement in socratic depth.
A94: 93 | B94: 32 | C94: 1 | D94: 4 | E94: R3 porque R1 y R2 se pueden quitar al estar en paraleo con la fuente | F94: Considerando que el interruptor crea un circuito abierto entre los nodos N1 y N2, ¿podría el valor de R3 influir en la trayectoria de la corriente que sale de la fuente V1, y por qué? | G94: 3 | H94: 4 | I94: 3 | J94: 5 | K94: 15 | L94: 0.887 | M94: 48 | N94: 67.64 | O94: AC1 | P94: AC1, AC13 | Q94: 0.5 | R94: 1 | S94: 0.667 | W94: Socratic quality 3/5 (Clarification): Generic question: asks for clarification without attacking the root error. Conceptual precision 4/5 (Good): Good: clearly identifies the alternative conception with precise technical language. Good overall performance; room for improvement in socratic depth.
A95: 94 | B95: 32 | C95: 2 | D95: 4 | E95: R1 y R2 porque están conectadas en serie con la fuente | F95: Si la corriente debe fluir a través de R3 para completar el circuito, ¿qué implicaría la eliminación de R1 y R2 en la configuración paralela? | G95: 3 | H95: 2 | I95: 5 | J95: 5 | K95: 15 | L95: 0.747 | M95: 35 | N95: 80.27 | P95: AC13 | Q95: 0 | R95: 1 | S95: 0 | W95: Socratic quality 3/5 (Clarification): Generic question: asks for clarification without attacking the root error. Conceptual precision 2/5 (Poor): Poor: responds generically without diagnosing the conceptual error. Good overall performance; room for improvement in socratic depth.
A96: 95 | B96: 32 | C96: 3 | D96: 4 | E96: No | F96: Dado que la eliminación de R1 y R2 crea una conexión en paralelo con la fuente, ¿cómo crees que esto afecta la distribución de la corriente a través del circuito, y por qué es importante considerar los nodos en este caso? | G96: 3 | H96: 4 | I96: 2 | J96: 5 | K96: 14 | L96: 0.837 | M96: 49 | N96: 71.71 | O96: AC14 | P96: AC13, AC14 | Q96: 0.5 | R96: 1 | S96: 0.667 | W96: Socratic quality 3/5 (Clarification): Generic question: asks for clarification without attacking the root error. Conceptual precision 4/5 (Good): Good: clearly identifies the alternative conception with precise technical language. Good overall performance; room for improvement in socratic depth.
A97: 96 | B97: 33 | C97: 1 | D97: 4 | E97: Sí | F97: Si el interruptor abierto entre N1 y N2 impide el flujo de corriente a través de R3, ¿qué efecto tiene esto en la forma en que la tensión de V1 se distribuye entre las resistencias R1 y R2? | G97: 3 | H97: 3 | I97: 2 | J97: 5 | K97: 13 | L97: 0.85 | M97: 50 | N97: 70.63 | O97: AC14 | P97: AC1, AC13 | Q97: 0 | R97: 0 | S97: 0 | W97: Socratic quality 3/5 (Clarification): Generic question: asks for clarification without attacking the root error. Conceptual precision 3/5 (Sufficient): Sufficient: identifies that there is an error and uses correct concepts, but the diagnosis is somewhat vague. Good overall performance; room for improvement in socratic depth.
A98: 97 | B98: 33 | C98: 2 | D98: 4 | E98: R3 está en circuito abierto | F98: Si la corriente fluye desde V1 a través de R1, ¿cómo se relaciona la magnitud de esa corriente con la caída de tensión en R1, considerando la ley de Ohm? | G98: 3 | H98: 3 | I98: 2 | J98: 5 | K98: 13 | L98: 0.735 | M98: 39 | N98: 81.64 | O98: AC1, AC14 | P98: AC13 | Q98: 0 | R98: 0 | S98: 0 | W98: Socratic quality 3/5 (Clarification): Generic question: asks for clarification without attacking the root error. Conceptual precision 3/5 (Sufficient): Sufficient: identifies that there is an error and uses correct concepts, but the diagnosis is somewhat vague. Good overall performance; room for improvement in socratic depth.
A99: 98 | B99: 33 | C99: 3 | D99: 4 | E99: Por R3 no pasa corriente | F99: Si la corriente fluye a través de R1, ¿qué componente del circuito, además de R1, contribuye a determinar la magnitud de esa corriente, según la ley de Ohm? | G99: 3 | H99: 2 | I99: 2 | J99: 5 | K99: 12 | L99: 0.763 | M99: 39 | N99: 78.63 | O99: AC1, AC14 | P99: AC13 | Q99: 0 | R99: 0 | S99: 0 | W99: Socratic quality 3/5 (Clarification): Generic question: asks for clarification without attacking the root error. Conceptual precision 2/5 (Poor): Poor: responds generically without diagnosing the conceptual error. Acceptable performance; needs to improve precision or socratic methodology.
A100: 99 | B100: 34 | C100: 1 | D100: 4 | E100: R1 porque está más cerca de la fuente | F100: Considerando que R1 y R2 están conectados en paralelo, ¿podría la proximidad de R1 a la fuente de tensión V1 realmente influir en la corriente que sale del circuito, o es la configuración de la conexión en paralelo la que determina el comportamiento? | G100: 3 | H100: 4 | I100: 3 | J100: 5 | K100: 15 | L100: 0.907 | M100: 56 | N100: 66.16 | O100: AC14 | P100: AC13, AC14 | Q100: 0.5 | R100: 1 | S100: 0.667 | W100: Socratic quality 3/5 (Clarification): Generic question: asks for clarification without attacking the root error. Conceptual precision 4/5 (Good): Good: clearly identifies the alternative conception with precise technical language. Good overall performance; room for improvement in socratic depth.
A101: 100 | B101: 34 | C101: 2 | D101: 4 | E101: R1 y R2 porque están conectadas a la fuente | F101: Si ambas resistencias están directamente conectadas a la fuente, ¿cómo crees que la tensión se distribuirá entre ellas, y qué efecto tendría esto en la corriente total que fluye a través del circuito? | G101: 3 | H101: 4 | I101: 3 | J101: 5 | K101: 15 | L101: 0.907 | M101: 42 | N101: 66.14 | P101: AC13 | Q101: 0 | R101: 1 | S101: 0 | W101: Socratic quality 3/5 (Clarification): Generic question: asks for clarification without attacking the root error. Conceptual precision 4/5 (Good): Good: clearly identifies the alternative conception with precise technical language. Good overall performance; room for improvement in socratic depth.
A102: 101 | B102: 34 | C102: 3 | D102: 4 | E102: R1 y R3 porque están conectadas a la fuente | F102: Si R1 y R3 están conectados directamente a la fuente, ¿cómo afectaría esta conexión a la polaridad de la tensión que experimenta cada resistencia, y qué implicaciones tendría esto para el flujo de corriente? | G102: 3 | H102: 3 | I102: 4 | J102: 5 | K102: 15 | L102: 0.794 | M102: 45 | N102: 75.55 | O102: AC1, AC14 | P102: AC13 | Q102: 0 | R102: 0 | S102: 0 | W102: Socratic quality 3/5 (Clarification): Generic question: asks for clarification without attacking the root error. Conceptual precision 3/5 (Sufficient): Sufficient: identifies that there is an error and uses correct concepts, but the diagnosis is somewhat vague. Good overall performance; room for improvement in socratic depth.
...

Sheet Metadata
A1: Field | B1: Value
A2: Generation date | B2: 2026-05-21T11:40:46.051160
A3: Method | B3: RAG
A4: Models evaluated | B4: gemma3:27b, gemma3:4b
A5: Exercises covered | B5: 1, 3, 4, 5, 6, 7
A6: Total evaluations | B6: 396
A7: UPV Ollama URL | B7: https://ollama.gti-ia.upv.es:443
A8: PoliGPT URL | B8: https://api.poligpt.upv.es

Sheet Ranking
A1: Ranking | B1: Model | C1: samples | D1: avg_latency | E1: p95_latency | F1: throughput | G1: avg_tokens | H1: socratic_format | I1: conceptual_correctness | J1: adaptability | K1: reflection_generation | L1: score_total | M1: pct_socratic | N1: pct_score_15 | O1: faithfulness | P1: relevance | Q1: pct_cot
A2: 1 | B2: gemma3:27b | C2: =COUNTA('Results_gemma3_27b'!A2:A10000) | D2: =IFERROR(AVERAGE('Results_gemma3_27b'!L2:L10000),"") | E2: =IFERROR(PERCENTILE('Results_gemma3_27b'!L2:L10000,0.95),"") | F2: =IFERROR(IF(AVERAGE('Results_gemma3_27b'!L2:L10000)>0,60/AVERAGE('Results_gemma3_27b'!L2:L10000),0),"") | G2: =IFERROR(AVERAGE('Results_gemma3_27b'!M2:M10000),"") | H2: =IFERROR(AVERAGE('Results_gemma3_27b'!G2:G10000),"") | I2: =IFERROR(AVERAGE('Results_gemma3_27b'!H2:H10000),"") | J2: =IFERROR(AVERAGE('Results_gemma3_27b'!I2:I10000),"") | K2: =IFERROR(AVERAGE('Results_gemma3_27b'!J2:J10000),"") | L2: =IFERROR(AVERAGE('Results_gemma3_27b'!K2:K10000),"") | M2: =IFERROR(COUNTIF('Results_gemma3_27b'!G2:G10000,">=4")/COUNTA('Results_gemma3_27b'!G2:G10000)*100,"") | N2: =IFERROR(COUNTIF('Results_gemma3_27b'!K2:K10000,">=15")/COUNTA('Results_gemma3_27b'!K2:K10000)*100,"") | O2: =IFERROR(AVERAGE('Results_gemma3_27b'!T2:T10000),"") | P2: =IFERROR(AVERAGE('Results_gemma3_27b'!U2:U10000),"") | Q2: =IFERROR(COUNTIF('Results_gemma3_27b'!V2:V10000,"<>")/COUNTA('Results_gemma3_27b'!A2:A10000)*100,"")
A3: 2 | B3: gemma3:4b | C3: =COUNTA('Results_gemma3_4b'!A2:A10000) | D3: =IFERROR(AVERAGE('Results_gemma3_4b'!L2:L10000),"") | E3: =IFERROR(PERCENTILE('Results_gemma3_4b'!L2:L10000,0.95),"") | F3: =IFERROR(IF(AVERAGE('Results_gemma3_4b'!L2:L10000)>0,60/AVERAGE('Results_gemma3_4b'!L2:L10000),0),"") | G3: =IFERROR(AVERAGE('Results_gemma3_4b'!M2:M10000),"") | H3: =IFERROR(AVERAGE('Results_gemma3_4b'!G2:G10000),"") | I3: =IFERROR(AVERAGE('Results_gemma3_4b'!H2:H10000),"") | J3: =IFERROR(AVERAGE('Results_gemma3_4b'!I2:I10000),"") | K3: =IFERROR(AVERAGE('Results_gemma3_4b'!J2:J10000),"") | L3: =IFERROR(AVERAGE('Results_gemma3_4b'!K2:K10000),"") | M3: =IFERROR(COUNTIF('Results_gemma3_4b'!G2:G10000,">=4")/COUNTA('Results_gemma3_4b'!G2:G10000)*100,"") | N3: =IFERROR(COUNTIF('Results_gemma3_4b'!K2:K10000,">=15")/COUNTA('Results_gemma3_4b'!K2:K10000)*100,"") | O3: =IFERROR(AVERAGE('Results_gemma3_4b'!T2:T10000),"") | P3: =IFERROR(AVERAGE('Results_gemma3_4b'!U2:U10000),"") | Q3: =IFERROR(COUNTIF('Results_gemma3_4b'!V2:V10000,"<>")/COUNTA('Results_gemma3_4b'!A2:A10000)*100,"")

Sheet Results_Article
A1: Model | B1: Arch. | C1: samples | D1: avg_latency (s) | E1: avg_tokens | F1: socraticity (0-5) | G1: conceptual correctness (0-5) | H1: consistency (0-5) | I1: hallucination rate (0-5) | J1: temperature
A2: gemma3:27b | B2: RAG | C2: =COUNTA('Results_gemma3_27b'!A2:A10000) | D2: =IFERROR(AVERAGE('Results_gemma3_27b'!L2:L10000),"") | E2: =IFERROR(AVERAGE('Results_gemma3_27b'!M2:M10000),"") | F2: =IFERROR(AVERAGE('Results_gemma3_27b'!G2:G10000),"") | G2: =IFERROR(AVERAGE('Results_gemma3_27b'!H2:H10000),"") | H2: =IFERROR(AVERAGE('Results_gemma3_27b'!I2:I10000),"") | I2: =IFERROR(AVERAGE('Results_gemma3_27b'!J2:J10000),"") | J2: 0.7
A3: gemma3:4b | B3: RAG | C3: =COUNTA('Results_gemma3_4b'!A2:A10000) | D3: =IFERROR(AVERAGE('Results_gemma3_4b'!L2:L10000),"") | E3: =IFERROR(AVERAGE('Results_gemma3_4b'!M2:M10000),"") | F3: =IFERROR(AVERAGE('Results_gemma3_4b'!G2:G10000),"") | G3: =IFERROR(AVERAGE('Results_gemma3_4b'!H2:H10000),"") | H3: =IFERROR(AVERAGE('Results_gemma3_4b'!I2:I10000),"") | I3: =IFERROR(AVERAGE('Results_gemma3_4b'!J2:J10000),"") | J3: 0.7

Sheet Efficiency
A1: Model | B1: avg_latency | C1: p95_latency | D1: throughput | E1: avg_tokens
A2: gemma3:27b | B2: =IFERROR(AVERAGE('Results_gemma3_27b'!L2:L10000),"") | C2: =IFERROR(PERCENTILE('Results_gemma3_27b'!L2:L10000,0.95),"") | D2: =IFERROR(IF(AVERAGE('Results_gemma3_27b'!L2:L10000)>0,60/AVERAGE('Results_gemma3_27b'!L2:L10000),0),"") | E2: =IFERROR(AVERAGE('Results_gemma3_27b'!M2:M10000),"")
A3: gemma3:4b | B3: =IFERROR(AVERAGE('Results_gemma3_4b'!L2:L10000),"") | C3: =IFERROR(PERCENTILE('Results_gemma3_4b'!L2:L10000,0.95),"") | D3: =IFERROR(IF(AVERAGE('Results_gemma3_4b'!L2:L10000)>0,60/AVERAGE('Results_gemma3_4b'!L2:L10000),0),"") | E3: =IFERROR(AVERAGE('Results_gemma3_4b'!M2:M10000),"")

Sheet CoT Analysis
A1: Model | B1: faithfulness | C1: relevance | D1: pct_cot
A2: gemma3:27b | B2: =IFERROR(AVERAGE('Results_gemma3_27b'!T2:T10000),"") | C2: =IFERROR(AVERAGE('Results_gemma3_27b'!U2:U10000),"") | D2: =IFERROR(COUNTIF('Results_gemma3_27b'!V2:V10000,"<>")/COUNTA('Results_gemma3_27b'!A2:A10000)*100,"")
A3: gemma3:4b | B3: =IFERROR(AVERAGE('Results_gemma3_4b'!T2:T10000),"") | C3: =IFERROR(AVERAGE('Results_gemma3_4b'!U2:U10000),"") | D3: =IFERROR(COUNTIF('Results_gemma3_4b'!V2:V10000,"<>")/COUNTA('Results_gemma3_4b'!A2:A10000)*100,"")
