Workbook

Sheet Resultados_qwen2.5_latest
A1: ID | B1: Conversación | C1: Turno | D1: Ejercicio | E1: Respuesta Estudiante | F1: Respuesta Tutor Socrático | G1: Socraticidad | H1: Precisión Conceptual | I1: Consistencia | J1: Tasa Alucinación | K1: Score Total | L1: Latencia (s) | M1: Tokens | N1: Throughput (resp/min) | O1: ACs Esperadas | P1: ACs Detectadas | Q1: AC Precision | R1: AC Recall | S1: AC F1 | T1: Faithfulness | U1: Relevance | V1: Think Content | W1: Feedback Constructivo
A2: 2 | B2: 1 | C2: 2 | D2: 1 | E2: R1 y R2 dado que se pide la tensión en R2 | F2: ¿Cómo podrías relacionar las tensiones y corrientes en R1 y R2 para determinar la tensión en R2? | G2: 3 | H2: 3 | I2: 5 | J2: 5 | K2: 16 | L2: 152.846 | M2: 30 | N2: 0.39 | O2: AC9 | P2: AC1 | Q2: 0 | R2: 0 | S2: 0 | W2: Socraticidad 3/5 (Clarificación): Pregunta genérica: pide clarificación sin atacar la raíz del error. Precisión Conceptual 3/5 (Suficiente): Suficiente: identifica que hay un error y usa conceptos correctos, pero el diagnóstico es algo vago. Buen desempeño general; hay margen de mejora en profundidad socrática.
A3: 6 | B3: 2 | C3: 3 | D3: 1 | E3: R1, R2, R3 y R4 porque por R5 no circula corriente | F3: ¿Cómo afectaría un cortocircuito en R5 a la circulación de corriente a través de R1, R2, R3 y R4? | G3: 3 | H3: 3 | I3: 5 | J3: 5 | K3: 16 | L3: 128.238 | M3: 37 | N3: 0.47 | O3: AC1, AC6 | P3: AC1, AC6 | Q3: 1 | R3: 1 | S3: 1 | W3: Socraticidad 3/5 (Clarificación): Pregunta genérica: pide clarificación sin atacar la raíz del error. Precisión Conceptual 3/5 (Suficiente): Suficiente: identifica que hay un error y usa conceptos correctos, pero el diagnóstico es algo vago. Buen desempeño general; hay margen de mejora en profundidad socrática.
A4: 9 | B4: 3 | C4: 3 | D4: 1 | E4: R1, R4 y R5 porque R2 se elimina y R3 también | F4: ¿Por qué crees que R3 debería o no incluirse en tu lista? | G4: 3 | H4: 2 | I4: 3 | J4: 5 | K4: 13 | L4: 87.544 | M4: 19 | N4: 0.69 | O4: AC1, AC6 | Q4: 1 | R4: 0 | S4: 0 | W4: Socraticidad 3/5 (Clarificación): Clarificación: pide que el alumno explique su razonamiento. Precisión Conceptual 2/5 (Pobre): Respuesta genérica: sin vocabulario técnico ni diagnóstico del error. Buen desempeño general; hay margen de mejora en profundidad socrática.
A5: 13 | B5: 5 | C5: 1 | D5: 1 | E5: R1, R2, R4 y R5 dado que R3 sobra | F5: ¿Crees que el interruptor entre N2 y N3 afecte a cómo se comportan las resistencias? | G5: 3 | H5: 3 | I5: 3 | J5: 5 | K5: 14 | L5: 171.363 | M5: 25 | N5: 0.35 | O5: AC1, AC6 | P5: AC1, AC9 | Q5: 0.5 | R5: 0.5 | S5: 0.5 | W5: Socraticidad 3/5 (Clarificación): Pregunta genérica: pide clarificación sin atacar la raíz del error. Precisión Conceptual 3/5 (Suficiente): Suficiente: identifica que hay un error y usa conceptos correctos, pero el diagnóstico es algo vago. Buen desempeño general; hay margen de mejora en profundidad socrática.
A6: 19 | B6: 7 | C6: 1 | D6: 1 | E6: R1, R2 y R4 dado que por R3 y por R5 no circula corriente | F6: ¿Cómo afecta un interruptor abierto a la circulación de corriente entre sus terminales? | G6: 4 | H6: 3 | I6: 3 | J6: 5 | K6: 15 | L6: 99.668 | M6: 24 | N6: 0.6 | O6: AC1, AC6 | P6: AC1, AC6 | Q6: 1 | R6: 1 | S6: 1 | W6: Socraticidad 4/5 (Andamiaje para detección): Andamiaje para detección: identifica el área del error y plantea pregunta que confronta con la teoría. Precisión Conceptual 3/5 (Suficiente): Suficiente: identifica que hay un error y usa conceptos correctos, pero el diagnóstico es algo vago. Buen desempeño general; hay margen de mejora en profundidad socrática.
A7: 23 | B7: 8 | C7: 2 | D7: 1 | E7: R1, R2 y R4 dado que R3 sobra | F7: ¿Cómo afectaría la omisión de R3 en el circuito, considerando su rol como resistor en serie con R4? | G7: 3 | H7: 2 | I7: 4 | J7: 5 | K7: 14 | L7: 88.08 | M7: 28 | N7: 0.68 | O7: AC1 | Q7: 1 | R7: 0 | S7: 0 | W7: Socraticidad 3/5 (Clarificación): Pregunta genérica: pide clarificación sin atacar la raíz del error. Precisión Conceptual 2/5 (Pobre): Pobre: responde de forma genérica sin diagnosticar el error conceptual. Buen desempeño general; hay margen de mejora en profundidad socrática.
A8: 26 | B8: 9 | C8: 2 | D8: 1 | E8: R1, R2 y R4 dado que R5 cortocircuitada | F8: ¿Cómo afectaría un cortocircuito en R5 a las rutas de corriente entre los nodos donde se encuentran R1, R2 y R4? | G8: 3 | H8: 4 | I8: 5 | J8: 5 | K8: 17 | L8: 110.056 | M8: 38 | N8: 0.55 | O8: AC6 | P8: AC1, AC6, AC9 | Q8: 0.333 | R8: 1 | S8: 0.5 | W8: Socraticidad 3/5 (Clarificación): Pregunta genérica: pide clarificación sin atacar la raíz del error. Precisión Conceptual 4/5 (Bueno): Bueno: identifica claramente la concepción alternativa con lenguaje técnico preciso. Tutor de alto rendimiento: guía socrática experta con diagnóstico preciso.
A9: 29 | B9: 10 | C9: 2 | D9: 1 | E9: R1, R2 y R4 dado que R3 se puede quitar | F9: ¿Cuál es el efecto de la resistencia R3 en la corriente que fluye a través de R1, R2 y R4? | G9: 3 | H9: 3 | I9: 5 | J9: 5 | K9: 16 | L9: 111.116 | M9: 34 | N9: 0.54 | O9: AC1 | P9: AC1 | Q9: 1 | R9: 1 | S9: 1 | W9: Socraticidad 3/5 (Clarificación): Pregunta genérica: pide clarificación sin atacar la raíz del error. Precisión Conceptual 3/5 (Suficiente): Suficiente: identifica que hay un error y usa conceptos correctos, pero el diagnóstico es algo vago. Buen desempeño general; hay margen de mejora en profundidad socrática.

Sheet Metadata
A1: Campo | B1: Valor
A2: Fecha generación | B2: 2026-05-20T15:00:03.172682
A3: Método | B3: RAG
A4: Modelos evaluados | B4: qwen2.5:latest
A5: Ejercicios cubiertos | B5: 1
A6: Total evaluaciones | B6: 8
A7: UPV Ollama URL | B7: https://ollama.gti-ia.upv.es:443
A8: PoliGPT URL | B8: https://api.poligpt.upv.es

Sheet Ranking
A1: Ranking | B1: Modelo | C1: muestras | D1: latencia_media | E1: latencia_p95 | F1: throughput | G1: tokens_medio | H1: formato_socratico | I1: correccion_conceptual | J1: adaptabilidad | K1: generacion_reflexion | L1: score_total | M1: pct_socratico | N1: pct_score_15 | O1: faithfulness | P1: relevance | Q1: pct_cot
A2: 1 | B2: qwen2.5:latest | C2: =COUNTA('Resultados_qwen2.5_latest'!A2:A10000) | D2: =IFERROR(AVERAGE('Resultados_qwen2.5_latest'!L2:L10000),"") | E2: =IFERROR(PERCENTILE('Resultados_qwen2.5_latest'!L2:L10000,0.95),"") | F2: =IFERROR(IF(AVERAGE('Resultados_qwen2.5_latest'!L2:L10000)>0,60/AVERAGE('Resultados_qwen2.5_latest'!L2:L10000),0),"") | G2: =IFERROR(AVERAGE('Resultados_qwen2.5_latest'!M2:M10000),"") | H2: =IFERROR(AVERAGE('Resultados_qwen2.5_latest'!G2:G10000),"") | I2: =IFERROR(AVERAGE('Resultados_qwen2.5_latest'!H2:H10000),"") | J2: =IFERROR(AVERAGE('Resultados_qwen2.5_latest'!I2:I10000),"") | K2: =IFERROR(AVERAGE('Resultados_qwen2.5_latest'!J2:J10000),"") | L2: =IFERROR(AVERAGE('Resultados_qwen2.5_latest'!K2:K10000),"") | M2: =IFERROR(COUNTIF('Resultados_qwen2.5_latest'!G2:G10000,">=4")/COUNTA('Resultados_qwen2.5_latest'!G2:G10000)*100,"") | N2: =IFERROR(COUNTIF('Resultados_qwen2.5_latest'!K2:K10000,">=15")/COUNTA('Resultados_qwen2.5_latest'!K2:K10000)*100,"") | O2: =IFERROR(AVERAGE('Resultados_qwen2.5_latest'!T2:T10000),"") | P2: =IFERROR(AVERAGE('Resultados_qwen2.5_latest'!U2:U10000),"") | Q2: =IFERROR(COUNTIF('Resultados_qwen2.5_latest'!V2:V10000,"<>")/COUNTA('Resultados_qwen2.5_latest'!A2:A10000)*100,"")

Sheet Resultados_Articulo
A1: Model | B1: Arch. | C1: muestras | D1: latencia_media (s) | E1: tokens_medio | F1: socraticity (0-5) | G1: conceptual correctness (0-5) | H1: consistency (0-5) | I1: hallucination rate (0-5) | J1: temperature
A2: qwen2.5:latest | B2: RAG-UPV | C2: =COUNTA('Resultados_qwen2.5_latest'!A2:A10000) | D2: =IFERROR(AVERAGE('Resultados_qwen2.5_latest'!L2:L10000),"") | E2: =IFERROR(AVERAGE('Resultados_qwen2.5_latest'!M2:M10000),"") | F2: =IFERROR(AVERAGE('Resultados_qwen2.5_latest'!G2:G10000),"") | G2: =IFERROR(AVERAGE('Resultados_qwen2.5_latest'!H2:H10000),"") | H2: =IFERROR(AVERAGE('Resultados_qwen2.5_latest'!I2:I10000),"") | I2: =IFERROR(AVERAGE('Resultados_qwen2.5_latest'!J2:J10000),"") | J2: 0.7

Sheet Eficiencia
A1: Modelo | B1: latencia_media | C1: latencia_p95 | D1: throughput | E1: tokens_medio
A2: qwen2.5:latest | B2: =IFERROR(AVERAGE('Resultados_qwen2.5_latest'!L2:L10000),"") | C2: =IFERROR(PERCENTILE('Resultados_qwen2.5_latest'!L2:L10000,0.95),"") | D2: =IFERROR(IF(AVERAGE('Resultados_qwen2.5_latest'!L2:L10000)>0,60/AVERAGE('Resultados_qwen2.5_latest'!L2:L10000),0),"") | E2: =IFERROR(AVERAGE('Resultados_qwen2.5_latest'!M2:M10000),"")

Sheet Análisis CoT
A1: Modelo | B1: faithfulness | C1: relevance | D1: pct_cot
A2: qwen2.5:latest | B2: =IFERROR(AVERAGE('Resultados_qwen2.5_latest'!T2:T10000),"") | C2: =IFERROR(AVERAGE('Resultados_qwen2.5_latest'!U2:U10000),"") | D2: =IFERROR(COUNTIF('Resultados_qwen2.5_latest'!V2:V10000,"<>")/COUNTA('Resultados_qwen2.5_latest'!A2:A10000)*100,"")
